0 verbose cli /opt/homebrew/Cellar/node/24.7.0/bin/node /opt/homebrew/bin/npm
1 info using npm@11.5.1
2 info using node@v24.7.0
3 silly config load:file:/opt/homebrew/lib/node_modules/npm/npmrc
4 silly config load:file:/Users/coltonfoley/Projects/edgdirectresponsev3/.npmrc
5 silly config load:file:/Users/coltonfoley/.npmrc
6 silly config load:file:/opt/homebrew/etc/npmrc
7 verbose title npm install
8 verbose argv "install" "--cache" "./.npm_cache"
9 verbose logfile logs-max:10 dir:/Users/coltonfoley/Projects/edgdirectresponsev3/.npm_cache/_logs/2026-02-06T17_18_26_839Z-
10 verbose logfile /Users/coltonfoley/Projects/edgdirectresponsev3/.npm_cache/_logs/2026-02-06T17_18_26_839Z-debug-0.log
11 silly logfile done cleaning log files
12 silly packumentCache heap:4496293888 maxSize:1124073472 maxEntrySize:562036736
13 silly idealTree buildDeps
14 silly fetch manifest @next/third-parties@^16.1.1
15 silly packumentCache full:https://registry.npmjs.org/@next%2fthird-parties cache-miss
16 http fetch GET 200 https://registry.npmjs.org/npm 208ms
17 http fetch GET 200 https://registry.npmjs.org/@next%2fthird-parties 208ms (cache miss)
18 silly packumentCache full:https://registry.npmjs.org/@next%2fthird-parties set size:undefined disposed:false
19 silly fetch manifest next@16.0.10
20 silly packumentCache full:https://registry.npmjs.org/next cache-miss
21 http fetch GET 200 https://registry.npmjs.org/next 349ms (cache miss)
22 silly packumentCache full:https://registry.npmjs.org/next set size:undefined disposed:false
23 silly fetch manifest @opentelemetry/api@^1.1.0
24 silly packumentCache full:https://registry.npmjs.org/@opentelemetry%2fapi cache-miss
25 http fetch GET 200 https://registry.npmjs.org/@opentelemetry%2fapi 72ms (cache miss)
26 silly packumentCache full:https://registry.npmjs.org/@opentelemetry%2fapi set size:undefined disposed:false
27 silly fetch manifest @playwright/test@^1.58.1
28 silly packumentCache full:https://registry.npmjs.org/@playwright%2ftest cache-miss
29 http fetch GET 200 https://registry.npmjs.org/@playwright%2ftest 222ms (cache miss)
30 silly packumentCache full:https://registry.npmjs.org/@playwright%2ftest set size:undefined disposed:false
31 silly fetch manifest babel-plugin-react-compiler@*
32 silly packumentCache full:https://registry.npmjs.org/babel-plugin-react-compiler cache-miss
33 http fetch GET 200 https://registry.npmjs.org/babel-plugin-react-compiler 90ms (cache miss)
34 silly packumentCache full:https://registry.npmjs.org/babel-plugin-react-compiler set size:undefined disposed:false
35 silly fetch manifest react@19.2.1
36 silly packumentCache full:https://registry.npmjs.org/react cache-miss
37 http fetch GET 200 https://registry.npmjs.org/react 211ms (cache miss)
38 silly packumentCache full:https://registry.npmjs.org/react set size:undefined disposed:false
39 silly fetch manifest react-dom@19.2.1
40 silly packumentCache full:https://registry.npmjs.org/react-dom cache-miss
41 http fetch GET 200 https://registry.npmjs.org/react-dom 190ms (cache miss)
42 silly packumentCache full:https://registry.npmjs.org/react-dom set size:undefined disposed:false
43 silly fetch manifest sass@^1.3.0
44 silly packumentCache full:https://registry.npmjs.org/sass cache-miss
45 http fetch GET 200 https://registry.npmjs.org/sass 62ms (cache miss)
46 silly packumentCache full:https://registry.npmjs.org/sass set size:undefined disposed:false
47 silly fetch manifest @supabase/supabase-js@^2.90.1
48 silly packumentCache full:https://registry.npmjs.org/@supabase%2fsupabase-js cache-miss
49 http fetch GET 200 https://registry.npmjs.org/@supabase%2fsupabase-js 121ms (cache miss)
50 silly packumentCache full:https://registry.npmjs.org/@supabase%2fsupabase-js set size:undefined disposed:false
51 silly fetch manifest @vercel/analytics@^1.6.1
52 silly packumentCache full:https://registry.npmjs.org/@vercel%2fanalytics cache-miss
53 http fetch GET 200 https://registry.npmjs.org/@vercel%2fanalytics 66ms (cache miss)
54 silly packumentCache full:https://registry.npmjs.org/@vercel%2fanalytics set size:undefined disposed:false
55 silly fetch manifest @remix-run/react@^2
56 silly packumentCache full:https://registry.npmjs.org/@remix-run%2freact cache-miss
57 http fetch GET 200 https://registry.npmjs.org/@remix-run%2freact 130ms (cache miss)
58 silly packumentCache full:https://registry.npmjs.org/@remix-run%2freact set size:undefined disposed:false
59 silly fetch manifest react@^18.0.0
60 silly packumentCache full:https://registry.npmjs.org/react cache-miss
61 http cache https://registry.npmjs.org/react 8ms (cache hit)
62 silly packumentCache full:https://registry.npmjs.org/react set size:6466562 disposed:false
63 silly fetch manifest react-dom@^18.0.0
64 silly packumentCache full:https://registry.npmjs.org/react-dom cache-miss
65 http cache https://registry.npmjs.org/react-dom 8ms (cache hit)
66 silly packumentCache full:https://registry.npmjs.org/react-dom set size:8553406 disposed:false
67 silly fetch manifest typescript@^5
68 silly packumentCache full:https://registry.npmjs.org/typescript cache-miss
69 http fetch GET 200 https://registry.npmjs.org/typescript 269ms (cache miss)
70 silly packumentCache full:https://registry.npmjs.org/typescript set size:undefined disposed:false
71 silly fetch manifest @sveltejs/kit@^1 || ^2
72 silly packumentCache full:https://registry.npmjs.org/@sveltejs%2fkit cache-miss
73 http fetch GET 200 https://registry.npmjs.org/@sveltejs%2fkit 127ms (cache miss)
74 silly packumentCache full:https://registry.npmjs.org/@sveltejs%2fkit set size:undefined disposed:false
75 silly fetch manifest @opentelemetry/api@^1.0.0
76 silly packumentCache full:https://registry.npmjs.org/@opentelemetry%2fapi cache-miss
77 http cache https://registry.npmjs.org/@opentelemetry%2fapi 6ms (cache hit)
78 silly packumentCache full:https://registry.npmjs.org/@opentelemetry%2fapi set size:455567 disposed:false
79 silly fetch manifest @sveltejs/vite-plugin-svelte@^3.0.0 || ^4.0.0-next.1 || ^5.0.0 || ^6.0.0-next.0
80 silly packumentCache full:https://registry.npmjs.org/@sveltejs%2fvite-plugin-svelte cache-miss
81 http fetch GET 200 https://registry.npmjs.org/@sveltejs%2fvite-plugin-svelte 83ms (cache miss)
82 silly packumentCache full:https://registry.npmjs.org/@sveltejs%2fvite-plugin-svelte set size:undefined disposed:false
83 silly fetch manifest svelte@^5.0.0
84 silly packumentCache full:https://registry.npmjs.org/svelte cache-miss
85 http fetch GET 200 https://registry.npmjs.org/svelte 137ms (cache miss)
86 silly packumentCache full:https://registry.npmjs.org/svelte set size:undefined disposed:false
87 silly fetch manifest vite@^6.3.0 || ^7.0.0
88 silly packumentCache full:https://registry.npmjs.org/vite cache-miss
89 http fetch GET 200 https://registry.npmjs.org/vite 1103ms (cache miss)
90 silly packumentCache full:https://registry.npmjs.org/vite set size:undefined disposed:false
91 silly fetch manifest @types/node@^20
92 silly packumentCache full:https://registry.npmjs.org/@types%2fnode cache-miss
93 http fetch GET 200 https://registry.npmjs.org/@types%2fnode 215ms (cache miss)
94 silly packumentCache full:https://registry.npmjs.org/@types%2fnode set size:undefined disposed:false
95 silly fetch manifest jiti@>=1.21.0
96 silly packumentCache full:https://registry.npmjs.org/jiti cache-miss
97 http fetch GET 200 https://registry.npmjs.org/jiti 45ms (cache miss)
98 silly packumentCache full:https://registry.npmjs.org/jiti set size:undefined disposed:false
99 silly fetch manifest less@^4.0.0
100 silly packumentCache full:https://registry.npmjs.org/less cache-miss
101 http fetch GET 200 https://registry.npmjs.org/less 55ms (cache miss)
102 silly packumentCache full:https://registry.npmjs.org/less set size:undefined disposed:false
103 silly fetch manifest lightningcss@^1.21.0
104 silly packumentCache full:https://registry.npmjs.org/lightningcss cache-miss
105 http fetch GET 200 https://registry.npmjs.org/lightningcss 44ms (cache miss)
106 silly packumentCache full:https://registry.npmjs.org/lightningcss set size:undefined disposed:false
107 silly fetch manifest sass@^1.70.0
108 silly packumentCache full:https://registry.npmjs.org/sass cache-miss
109 http cache https://registry.npmjs.org/sass 3ms (cache hit)
110 silly packumentCache full:https://registry.npmjs.org/sass set size:722061 disposed:false
111 silly fetch manifest sass-embedded@^1.70.0
112 silly packumentCache full:https://registry.npmjs.org/sass-embedded cache-miss
113 http fetch GET 200 https://registry.npmjs.org/sass-embedded 76ms (cache miss)
114 silly packumentCache full:https://registry.npmjs.org/sass-embedded set size:undefined disposed:false
115 silly fetch manifest stylus@>=0.54.8
116 silly packumentCache full:https://registry.npmjs.org/stylus cache-miss
117 http fetch GET 200 https://registry.npmjs.org/stylus 60ms (cache miss)
118 silly packumentCache full:https://registry.npmjs.org/stylus set size:undefined disposed:false
119 silly fetch manifest sugarss@^5.0.0
120 silly packumentCache full:https://registry.npmjs.org/sugarss cache-miss
121 http fetch GET 200 https://registry.npmjs.org/sugarss 48ms (cache miss)
122 silly packumentCache full:https://registry.npmjs.org/sugarss set size:undefined disposed:false
123 silly fetch manifest postcss@^8.3.3
124 silly packumentCache full:https://registry.npmjs.org/postcss cache-miss
125 http fetch GET 200 https://registry.npmjs.org/postcss 56ms (cache miss)
126 silly packumentCache full:https://registry.npmjs.org/postcss set size:undefined disposed:false
127 silly fetch manifest terser@^5.16.0
128 silly packumentCache full:https://registry.npmjs.org/terser cache-miss
129 http fetch GET 200 https://registry.npmjs.org/terser 59ms (cache miss)
130 silly packumentCache full:https://registry.npmjs.org/terser set size:undefined disposed:false
131 silly fetch manifest tsx@^4.8.1
132 silly packumentCache full:https://registry.npmjs.org/tsx cache-miss
133 http fetch GET 200 https://registry.npmjs.org/tsx 96ms (cache miss)
134 silly packumentCache full:https://registry.npmjs.org/tsx set size:undefined disposed:false
135 silly fetch manifest yaml@^2.4.2
136 silly packumentCache full:https://registry.npmjs.org/yaml cache-miss
137 http fetch GET 200 https://registry.npmjs.org/yaml 50ms (cache miss)
138 silly packumentCache full:https://registry.npmjs.org/yaml set size:undefined disposed:false
139 silly fetch manifest vue@^3
140 silly packumentCache full:https://registry.npmjs.org/vue cache-miss
141 http fetch GET 200 https://registry.npmjs.org/vue 153ms (cache miss)
142 silly packumentCache full:https://registry.npmjs.org/vue set size:undefined disposed:false
143 silly fetch manifest vue-router@^4
144 silly packumentCache full:https://registry.npmjs.org/vue-router cache-miss
145 http fetch GET 200 https://registry.npmjs.org/vue-router 911ms (cache miss)
146 silly packumentCache full:https://registry.npmjs.org/vue-router set size:undefined disposed:false
147 silly fetch manifest @vercel/postgres@^0.10.0
148 silly packumentCache full:https://registry.npmjs.org/@vercel%2fpostgres cache-miss
149 http fetch GET 200 https://registry.npmjs.org/@vercel%2fpostgres 88ms (cache miss)
150 silly packumentCache full:https://registry.npmjs.org/@vercel%2fpostgres set size:undefined disposed:false
151 silly fetch manifest @vercel/speed-insights@^1.3.1
152 silly packumentCache full:https://registry.npmjs.org/@vercel%2fspeed-insights cache-miss
153 http fetch GET 200 https://registry.npmjs.org/@vercel%2fspeed-insights 63ms (cache miss)
154 silly packumentCache full:https://registry.npmjs.org/@vercel%2fspeed-insights set size:undefined disposed:false
155 silly fetch manifest clsx@^2.1.1
156 silly packumentCache full:https://registry.npmjs.org/clsx cache-miss
157 http fetch GET 200 https://registry.npmjs.org/clsx 106ms (cache miss)
158 silly packumentCache full:https://registry.npmjs.org/clsx set size:undefined disposed:false
159 silly fetch manifest framer-motion@^12.23.26
160 silly packumentCache full:https://registry.npmjs.org/framer-motion cache-miss
161 http fetch GET 200 https://registry.npmjs.org/framer-motion 149ms (cache miss)
162 silly packumentCache full:https://registry.npmjs.org/framer-motion set size:undefined disposed:false
163 silly fetch manifest @emotion/is-prop-valid@*
164 silly packumentCache full:https://registry.npmjs.org/@emotion%2fis-prop-valid cache-miss
165 http fetch GET 200 https://registry.npmjs.org/@emotion%2fis-prop-valid 103ms (cache miss)
166 silly packumentCache full:https://registry.npmjs.org/@emotion%2fis-prop-valid set size:undefined disposed:false
167 silly fetch manifest lucide-react@^0.562.0
168 silly packumentCache full:https://registry.npmjs.org/lucide-react cache-miss
169 http fetch GET 200 https://registry.npmjs.org/lucide-react 108ms (cache miss)
170 silly packumentCache full:https://registry.npmjs.org/lucide-react set size:undefined disposed:false
171 silly fetch manifest sharp@^0.34.5
172 silly packumentCache full:https://registry.npmjs.org/sharp cache-miss
173 http fetch GET 200 https://registry.npmjs.org/sharp 79ms (cache miss)
174 silly packumentCache full:https://registry.npmjs.org/sharp set size:undefined disposed:false
175 silly fetch manifest tailwind-merge@^3.4.0
176 silly packumentCache full:https://registry.npmjs.org/tailwind-merge cache-miss
177 http fetch GET 200 https://registry.npmjs.org/tailwind-merge 65ms (cache miss)
178 silly packumentCache full:https://registry.npmjs.org/tailwind-merge set size:undefined disposed:false
179 silly fetch manifest @tailwindcss/postcss@^4
180 silly packumentCache full:https://registry.npmjs.org/@tailwindcss%2fpostcss cache-miss
181 http fetch GET 200 https://registry.npmjs.org/@tailwindcss%2fpostcss 141ms (cache miss)
182 silly packumentCache full:https://registry.npmjs.org/@tailwindcss%2fpostcss set size:undefined disposed:false
183 silly fetch manifest @types/pg@^8.16.0
184 silly packumentCache full:https://registry.npmjs.org/@types%2fpg cache-miss
185 http fetch GET 200 https://registry.npmjs.org/@types%2fpg 109ms (cache miss)
186 silly packumentCache full:https://registry.npmjs.org/@types%2fpg set size:undefined disposed:false
187 silly fetch manifest @types/react@^19
188 silly packumentCache full:https://registry.npmjs.org/@types%2freact cache-miss
189 http fetch GET 200 https://registry.npmjs.org/@types%2freact 174ms (cache miss)
190 silly packumentCache full:https://registry.npmjs.org/@types%2freact set size:undefined disposed:false
191 silly fetch manifest @types/react-dom@^19
192 silly packumentCache full:https://registry.npmjs.org/@types%2freact-dom cache-miss
193 http fetch GET 200 https://registry.npmjs.org/@types%2freact-dom 49ms (cache miss)
194 silly packumentCache full:https://registry.npmjs.org/@types%2freact-dom set size:undefined disposed:false
195 silly fetch manifest dotenv@^17.2.3
196 silly packumentCache full:https://registry.npmjs.org/dotenv cache-miss
197 http fetch GET 200 https://registry.npmjs.org/dotenv 92ms (cache miss)
198 silly packumentCache full:https://registry.npmjs.org/dotenv set size:undefined disposed:false
199 silly fetch manifest eslint@^9
200 silly packumentCache full:https://registry.npmjs.org/eslint cache-miss
201 http fetch GET 200 https://registry.npmjs.org/eslint 64ms (cache miss)
202 silly packumentCache full:https://registry.npmjs.org/eslint set size:undefined disposed:false
203 silly fetch manifest jiti@*
204 silly packumentCache full:https://registry.npmjs.org/jiti cache-miss
205 http cache https://registry.npmjs.org/jiti 4ms (cache hit)
206 silly packumentCache full:https://registry.npmjs.org/jiti set size:382310 disposed:false
207 silly fetch manifest eslint-config-next@16.0.10
208 silly packumentCache full:https://registry.npmjs.org/eslint-config-next cache-miss
209 http fetch GET 200 https://registry.npmjs.org/eslint-config-next 501ms (cache miss)
210 silly packumentCache full:https://registry.npmjs.org/eslint-config-next set size:undefined disposed:false
211 silly fetch manifest pg@^8.16.3
212 silly packumentCache full:https://registry.npmjs.org/pg cache-miss
213 http fetch GET 200 https://registry.npmjs.org/pg 89ms (cache miss)
214 silly packumentCache full:https://registry.npmjs.org/pg set size:undefined disposed:false
215 silly fetch manifest pg-native@>=3.0.1
216 silly packumentCache full:https://registry.npmjs.org/pg-native cache-miss
217 http fetch GET 200 https://registry.npmjs.org/pg-native 41ms (cache miss)
218 silly packumentCache full:https://registry.npmjs.org/pg-native set size:undefined disposed:false
219 silly fetch manifest plop@^4.0.5
220 silly packumentCache full:https://registry.npmjs.org/plop cache-miss
221 http fetch GET 200 https://registry.npmjs.org/plop 97ms (cache miss)
222 silly packumentCache full:https://registry.npmjs.org/plop set size:undefined disposed:false
223 silly fetch manifest prettier@^3.8.1
224 silly packumentCache full:https://registry.npmjs.org/prettier cache-miss
225 http fetch GET 200 https://registry.npmjs.org/prettier 80ms (cache miss)
226 silly packumentCache full:https://registry.npmjs.org/prettier set size:undefined disposed:false
227 silly fetch manifest prettier-plugin-tailwindcss@^0.7.2
228 silly packumentCache full:https://registry.npmjs.org/prettier-plugin-tailwindcss cache-miss
229 http fetch GET 200 https://registry.npmjs.org/prettier-plugin-tailwindcss 117ms (cache miss)
230 silly packumentCache full:https://registry.npmjs.org/prettier-plugin-tailwindcss set size:undefined disposed:false
231 silly fetch manifest @ianvs/prettier-plugin-sort-imports@*
232 silly packumentCache full:https://registry.npmjs.org/@ianvs%2fprettier-plugin-sort-imports cache-miss
233 http fetch GET 200 https://registry.npmjs.org/@ianvs%2fprettier-plugin-sort-imports 108ms (cache miss)
234 silly packumentCache full:https://registry.npmjs.org/@ianvs%2fprettier-plugin-sort-imports set size:undefined disposed:false
235 silly fetch manifest @prettier/plugin-oxc@^0.0.4 || ^0.1.0
236 silly packumentCache full:https://registry.npmjs.org/@prettier%2fplugin-oxc cache-miss
237 http fetch GET 200 https://registry.npmjs.org/@prettier%2fplugin-oxc 68ms (cache miss)
238 silly packumentCache full:https://registry.npmjs.org/@prettier%2fplugin-oxc set size:undefined disposed:false
239 silly fetch manifest @vue/compiler-sfc@2.7.x || 3.x
240 silly packumentCache full:https://registry.npmjs.org/@vue%2fcompiler-sfc cache-miss
241 http fetch GET 200 https://registry.npmjs.org/@vue%2fcompiler-sfc 80ms (cache miss)
242 silly packumentCache full:https://registry.npmjs.org/@vue%2fcompiler-sfc set size:undefined disposed:false
243 silly fetch manifest content-tag@^4.0.0
244 silly packumentCache full:https://registry.npmjs.org/content-tag cache-miss
245 http fetch GET 200 https://registry.npmjs.org/content-tag 55ms (cache miss)
246 silly packumentCache full:https://registry.npmjs.org/content-tag set size:undefined disposed:false
247 silly fetch manifest prettier-plugin-ember-template-tag@^2.1.0
248 silly packumentCache full:https://registry.npmjs.org/prettier-plugin-ember-template-tag cache-miss
249 http fetch GET 200 https://registry.npmjs.org/prettier-plugin-ember-template-tag 197ms (cache miss)
250 silly packumentCache full:https://registry.npmjs.org/prettier-plugin-ember-template-tag set size:undefined disposed:false
251 silly fetch manifest @prettier/plugin-hermes@*
252 silly packumentCache full:https://registry.npmjs.org/@prettier%2fplugin-hermes cache-miss
253 http fetch GET 200 https://registry.npmjs.org/@prettier%2fplugin-hermes 151ms (cache miss)
254 silly packumentCache full:https://registry.npmjs.org/@prettier%2fplugin-hermes set size:undefined disposed:false
255 silly fetch manifest @prettier/plugin-pug@*
256 silly packumentCache full:https://registry.npmjs.org/@prettier%2fplugin-pug cache-miss
257 http fetch GET 200 https://registry.npmjs.org/@prettier%2fplugin-pug 92ms (cache miss)
258 silly packumentCache full:https://registry.npmjs.org/@prettier%2fplugin-pug set size:undefined disposed:false
259 silly fetch manifest @shopify/prettier-plugin-liquid@*
260 silly packumentCache full:https://registry.npmjs.org/@shopify%2fprettier-plugin-liquid cache-miss
261 http fetch GET 200 https://registry.npmjs.org/@shopify%2fprettier-plugin-liquid 89ms (cache miss)
262 silly packumentCache full:https://registry.npmjs.org/@shopify%2fprettier-plugin-liquid set size:undefined disposed:false
263 silly fetch manifest @trivago/prettier-plugin-sort-imports@*
264 silly packumentCache full:https://registry.npmjs.org/@trivago%2fprettier-plugin-sort-imports cache-miss
265 http fetch GET 200 https://registry.npmjs.org/@trivago%2fprettier-plugin-sort-imports 77ms (cache miss)
266 silly packumentCache full:https://registry.npmjs.org/@trivago%2fprettier-plugin-sort-imports set size:undefined disposed:false
267 silly fetch manifest prettier-plugin-svelte@3.x
268 silly packumentCache full:https://registry.npmjs.org/prettier-plugin-svelte cache-miss
269 http fetch GET 200 https://registry.npmjs.org/prettier-plugin-svelte 75ms (cache miss)
270 silly packumentCache full:https://registry.npmjs.org/prettier-plugin-svelte set size:undefined disposed:false
271 silly fetch manifest svelte@^3.2.0 || ^4.0.0-next.0 || ^5.0.0-next.0
272 silly packumentCache full:https://registry.npmjs.org/svelte cache-miss
273 http cache https://registry.npmjs.org/svelte 8ms (cache hit)
274 silly packumentCache full:https://registry.npmjs.org/svelte set size:4511558 disposed:false
275 silly fetch manifest @zackad/prettier-plugin-twig@*
276 silly packumentCache full:https://registry.npmjs.org/@zackad%2fprettier-plugin-twig cache-miss
277 http fetch GET 200 https://registry.npmjs.org/@zackad%2fprettier-plugin-twig 132ms (cache miss)
278 silly packumentCache full:https://registry.npmjs.org/@zackad%2fprettier-plugin-twig set size:undefined disposed:false
279 silly fetch manifest prettier-plugin-astro@*
280 silly packumentCache full:https://registry.npmjs.org/prettier-plugin-astro cache-miss
281 http fetch GET 200 https://registry.npmjs.org/prettier-plugin-astro 74ms (cache miss)
282 silly packumentCache full:https://registry.npmjs.org/prettier-plugin-astro set size:undefined disposed:false
283 silly fetch manifest prettier-plugin-css-order@*
284 silly packumentCache full:https://registry.npmjs.org/prettier-plugin-css-order cache-miss
285 http fetch GET 200 https://registry.npmjs.org/prettier-plugin-css-order 46ms (cache miss)
286 silly packumentCache full:https://registry.npmjs.org/prettier-plugin-css-order set size:undefined disposed:false
287 silly fetch manifest prettier-plugin-jsdoc@*
288 silly packumentCache full:https://registry.npmjs.org/prettier-plugin-jsdoc cache-miss
289 http fetch GET 200 https://registry.npmjs.org/prettier-plugin-jsdoc 53ms (cache miss)
290 silly packumentCache full:https://registry.npmjs.org/prettier-plugin-jsdoc set size:undefined disposed:false
291 silly fetch manifest prettier-plugin-marko@*
292 silly packumentCache full:https://registry.npmjs.org/prettier-plugin-marko cache-miss
293 http fetch GET 200 https://registry.npmjs.org/prettier-plugin-marko 54ms (cache miss)
294 silly packumentCache full:https://registry.npmjs.org/prettier-plugin-marko set size:undefined disposed:false
295 silly fetch manifest prettier-plugin-multiline-arrays@*
296 silly packumentCache full:https://registry.npmjs.org/prettier-plugin-multiline-arrays cache-miss
297 http fetch GET 200 https://registry.npmjs.org/prettier-plugin-multiline-arrays 54ms (cache miss)
298 silly packumentCache full:https://registry.npmjs.org/prettier-plugin-multiline-arrays set size:undefined disposed:false
299 silly fetch manifest prettier-plugin-organize-attributes@*
300 silly packumentCache full:https://registry.npmjs.org/prettier-plugin-organize-attributes cache-miss
301 http fetch GET 200 https://registry.npmjs.org/prettier-plugin-organize-attributes 50ms (cache miss)
302 silly packumentCache full:https://registry.npmjs.org/prettier-plugin-organize-attributes set size:undefined disposed:false
303 silly fetch manifest prettier-plugin-organize-imports@*
304 silly packumentCache full:https://registry.npmjs.org/prettier-plugin-organize-imports cache-miss
305 http fetch GET 200 https://registry.npmjs.org/prettier-plugin-organize-imports 49ms (cache miss)
306 silly packumentCache full:https://registry.npmjs.org/prettier-plugin-organize-imports set size:undefined disposed:false
307 silly fetch manifest vue-tsc@^2.1.0 || 3
308 silly packumentCache full:https://registry.npmjs.org/vue-tsc cache-miss
309 http fetch GET 200 https://registry.npmjs.org/vue-tsc 78ms (cache miss)
310 silly packumentCache full:https://registry.npmjs.org/vue-tsc set size:undefined disposed:false
311 silly fetch manifest prettier-plugin-sort-imports@*
312 silly packumentCache full:https://registry.npmjs.org/prettier-plugin-sort-imports cache-miss
313 http fetch GET 200 https://registry.npmjs.org/prettier-plugin-sort-imports 120ms (cache miss)
314 silly packumentCache full:https://registry.npmjs.org/prettier-plugin-sort-imports set size:undefined disposed:false
315 silly fetch manifest tailwindcss@^4
316 silly packumentCache full:https://registry.npmjs.org/tailwindcss cache-miss
317 http fetch GET 200 https://registry.npmjs.org/tailwindcss 134ms (cache miss)
318 silly packumentCache full:https://registry.npmjs.org/tailwindcss set size:undefined disposed:false
319 silly placeDep ROOT @next/third-parties@16.1.6 OK for: edgdirectresponsev3@0.1.0 want: ^16.1.1
320 silly placeDep ROOT next@16.0.10 OK for: @next/third-parties@16.1.6 want: ^13.0.0 || ^14.0.0 || ^15.0.0 || ^16.0.0-beta.0
321 silly placeDep ROOT react@19.2.1 OK for: next@16.0.10 want: ^18.2.0 || 19.0.0-rc-de68d2f4-20241204 || ^19.0.0
322 silly placeDep ROOT react-dom@19.2.1 OK for: next@16.0.10 want: ^18.2.0 || 19.0.0-rc-de68d2f4-20241204 || ^19.0.0
323 silly placeDep ROOT @playwright/test@1.58.2 OK for: edgdirectresponsev3@0.1.0 want: ^1.58.1
324 silly placeDep ROOT @supabase/supabase-js@2.95.3 OK for: edgdirectresponsev3@0.1.0 want: ^2.90.1
325 silly placeDep ROOT @tailwindcss/postcss@4.1.18 OK for: edgdirectresponsev3@0.1.0 want: ^4
326 silly placeDep ROOT @types/node@20.19.32 OK for: edgdirectresponsev3@0.1.0 want: ^20
327 silly placeDep ROOT @types/pg@8.16.0 OK for: edgdirectresponsev3@0.1.0 want: ^8.16.0
328 silly placeDep ROOT @types/react@19.2.13 OK for: edgdirectresponsev3@0.1.0 want: ^19
329 silly placeDep ROOT @types/react-dom@19.2.3 OK for: edgdirectresponsev3@0.1.0 want: ^19
330 silly placeDep ROOT @vercel/analytics@1.6.1 OK for: edgdirectresponsev3@0.1.0 want: ^1.6.1
331 silly placeDep ROOT @vercel/postgres@0.10.0 OK for: edgdirectresponsev3@0.1.0 want: ^0.10.0
332 silly placeDep ROOT @vercel/speed-insights@1.3.1 OK for: edgdirectresponsev3@0.1.0 want: ^1.3.1
333 silly placeDep ROOT clsx@2.1.1 OK for: edgdirectresponsev3@0.1.0 want: ^2.1.1
334 silly placeDep ROOT dotenv@17.2.4 OK for: edgdirectresponsev3@0.1.0 want: ^17.2.3
335 silly placeDep ROOT eslint@9.39.2 OK for: edgdirectresponsev3@0.1.0 want: ^9
336 silly placeDep ROOT eslint-config-next@16.0.10 OK for: edgdirectresponsev3@0.1.0 want: 16.0.10
337 silly placeDep ROOT framer-motion@12.33.0 OK for: edgdirectresponsev3@0.1.0 want: ^12.23.26
338 silly placeDep ROOT lucide-react@0.562.0 OK for: edgdirectresponsev3@0.1.0 want: ^0.562.0
339 silly placeDep ROOT pg@8.18.0 OK for: edgdirectresponsev3@0.1.0 want: ^8.16.3
340 silly placeDep ROOT plop@4.0.5 OK for: edgdirectresponsev3@0.1.0 want: ^4.0.5
341 silly placeDep ROOT prettier@3.8.1 OK for: edgdirectresponsev3@0.1.0 want: ^3.8.1
342 silly placeDep ROOT prettier-plugin-tailwindcss@0.7.2 OK for: edgdirectresponsev3@0.1.0 want: ^0.7.2
343 silly placeDep ROOT sharp@0.34.5 OK for: edgdirectresponsev3@0.1.0 want: ^0.34.5
344 silly placeDep ROOT tailwind-merge@3.4.0 OK for: edgdirectresponsev3@0.1.0 want: ^3.4.0
345 silly placeDep ROOT tailwindcss@4.1.18 OK for: edgdirectresponsev3@0.1.0 want: ^4
346 silly placeDep ROOT typescript@5.9.3 OK for: edgdirectresponsev3@0.1.0 want: ^5
347 silly fetch manifest third-party-capital@1.0.20
348 silly packumentCache full:https://registry.npmjs.org/third-party-capital cache-miss
349 silly fetch manifest postcss@8.4.31
350 silly packumentCache full:https://registry.npmjs.org/postcss cache-miss
351 silly fetch manifest @next/env@16.0.10
352 silly packumentCache full:https://registry.npmjs.org/@next%2fenv cache-miss
353 silly fetch manifest styled-jsx@5.1.6
354 silly packumentCache full:https://registry.npmjs.org/styled-jsx cache-miss
355 silly fetch manifest @swc/helpers@0.5.15
356 silly packumentCache full:https://registry.npmjs.org/@swc%2fhelpers cache-miss
357 silly fetch manifest caniuse-lite@^1.0.30001579
358 silly packumentCache full:https://registry.npmjs.org/caniuse-lite cache-miss
359 silly fetch manifest sharp@^0.34.4
360 silly packumentCache full:https://registry.npmjs.org/sharp cache-miss
361 silly fetch manifest @next/swc-darwin-x64@16.0.10
362 silly packumentCache full:https://registry.npmjs.org/@next%2fswc-darwin-x64 cache-miss
363 silly fetch manifest @next/swc-darwin-arm64@16.0.10
364 silly packumentCache full:https://registry.npmjs.org/@next%2fswc-darwin-arm64 cache-miss
365 http cache https://registry.npmjs.org/postcss 11ms (cache hit)
366 silly packumentCache full:https://registry.npmjs.org/postcss set size:696248 disposed:false
367 silly fetch manifest @next/swc-linux-x64-gnu@16.0.10
368 silly packumentCache full:https://registry.npmjs.org/@next%2fswc-linux-x64-gnu cache-miss
369 http cache https://registry.npmjs.org/sharp 14ms (cache hit)
370 silly packumentCache full:https://registry.npmjs.org/sharp set size:1034463 disposed:false
371 silly fetch manifest @next/swc-linux-x64-musl@16.0.10
372 silly packumentCache full:https://registry.npmjs.org/@next%2fswc-linux-x64-musl cache-miss
373 http fetch GET 200 https://registry.npmjs.org/third-party-capital 102ms (cache miss)
374 silly packumentCache full:https://registry.npmjs.org/third-party-capital set size:undefined disposed:false
375 silly fetch manifest @next/swc-win32-x64-msvc@16.0.10
376 silly packumentCache full:https://registry.npmjs.org/@next%2fswc-win32-x64-msvc cache-miss
377 http fetch GET 200 https://registry.npmjs.org/@next%2fenv 173ms (cache miss)
378 silly packumentCache full:https://registry.npmjs.org/@next%2fenv set size:undefined disposed:false
379 silly fetch manifest @next/swc-linux-arm64-gnu@16.0.10
380 silly packumentCache full:https://registry.npmjs.org/@next%2fswc-linux-arm64-gnu cache-miss
381 http fetch GET 200 https://registry.npmjs.org/styled-jsx 197ms (cache miss)
382 silly packumentCache full:https://registry.npmjs.org/styled-jsx set size:undefined disposed:false
383 silly fetch manifest @next/swc-linux-arm64-musl@16.0.10
384 silly packumentCache full:https://registry.npmjs.org/@next%2fswc-linux-arm64-musl cache-miss
385 http fetch GET 200 https://registry.npmjs.org/@swc%2fhelpers 272ms (cache miss)
386 silly packumentCache full:https://registry.npmjs.org/@swc%2fhelpers set size:undefined disposed:false
387 silly fetch manifest @next/swc-win32-arm64-msvc@16.0.10
388 silly packumentCache full:https://registry.npmjs.org/@next%2fswc-win32-arm64-msvc cache-miss
389 http fetch GET 200 https://registry.npmjs.org/@next%2fswc-darwin-x64 312ms (cache miss)
390 silly packumentCache full:https://registry.npmjs.org/@next%2fswc-darwin-x64 set size:undefined disposed:false
391 silly fetch manifest scheduler@^0.27.0
392 silly packumentCache full:https://registry.npmjs.org/scheduler cache-miss
393 http fetch GET 200 https://registry.npmjs.org/@next%2fswc-linux-arm64-gnu 152ms (cache miss)
394 silly packumentCache full:https://registry.npmjs.org/@next%2fswc-linux-arm64-gnu set size:undefined disposed:false
395 silly fetch manifest playwright@1.58.2
396 silly packumentCache full:https://registry.npmjs.org/playwright cache-miss
397 http fetch GET 200 https://registry.npmjs.org/caniuse-lite 365ms (cache miss)
398 silly packumentCache full:https://registry.npmjs.org/caniuse-lite set size:undefined disposed:false
399 silly fetch manifest @supabase/auth-js@2.95.3
400 silly packumentCache full:https://registry.npmjs.org/@supabase%2fauth-js cache-miss
401 http fetch GET 200 https://registry.npmjs.org/@next%2fswc-darwin-arm64 409ms (cache miss)
402 silly packumentCache full:https://registry.npmjs.org/@next%2fswc-darwin-arm64 set size:undefined disposed:false
403 silly fetch manifest @supabase/functions-js@2.95.3
404 silly packumentCache full:https://registry.npmjs.org/@supabase%2ffunctions-js cache-miss
405 http fetch GET 200 https://registry.npmjs.org/@next%2fswc-linux-x64-musl 439ms (cache miss)
406 silly packumentCache full:https://registry.npmjs.org/@next%2fswc-linux-x64-musl set size:undefined disposed:false
407 silly fetch manifest @supabase/postgrest-js@2.95.3
408 silly packumentCache full:https://registry.npmjs.org/@supabase%2fpostgrest-js cache-miss
409 http fetch GET 200 https://registry.npmjs.org/@next%2fswc-linux-x64-gnu 459ms (cache miss)
410 silly packumentCache full:https://registry.npmjs.org/@next%2fswc-linux-x64-gnu set size:undefined disposed:false
411 silly fetch manifest @supabase/realtime-js@2.95.3
412 silly packumentCache full:https://registry.npmjs.org/@supabase%2frealtime-js cache-miss
413 http fetch GET 200 https://registry.npmjs.org/@next%2fswc-win32-x64-msvc 395ms (cache miss)
414 silly packumentCache full:https://registry.npmjs.org/@next%2fswc-win32-x64-msvc set size:undefined disposed:false
415 silly fetch manifest @supabase/storage-js@2.95.3
416 silly packumentCache full:https://registry.npmjs.org/@supabase%2fstorage-js cache-miss
417 http fetch GET 200 https://registry.npmjs.org/@next%2fswc-linux-arm64-musl 344ms (cache miss)
418 silly packumentCache full:https://registry.npmjs.org/@next%2fswc-linux-arm64-musl set size:undefined disposed:false
419 silly fetch manifest postcss@^8.4.41
420 silly packumentCache full:https://registry.npmjs.org/postcss cache-hit
421 silly fetch manifest tailwindcss@4.1.18
422 silly packumentCache full:https://registry.npmjs.org/tailwindcss cache-miss
423 http cache https://registry.npmjs.org/tailwindcss 18ms (cache hit)
424 silly packumentCache full:https://registry.npmjs.org/tailwindcss set size:10156862 disposed:false
425 silly fetch manifest @alloc/quick-lru@^5.2.0
426 silly packumentCache full:https://registry.npmjs.org/@alloc%2fquick-lru cache-miss
427 http fetch GET 200 https://registry.npmjs.org/@next%2fswc-win32-arm64-msvc 329ms (cache miss)
428 silly packumentCache full:https://registry.npmjs.org/@next%2fswc-win32-arm64-msvc set size:undefined disposed:false
429 silly fetch manifest @tailwindcss/node@4.1.18
430 silly packumentCache full:https://registry.npmjs.org/@tailwindcss%2fnode cache-miss
431 http fetch GET 200 https://registry.npmjs.org/@supabase%2fauth-js 248ms (cache miss)
432 silly packumentCache full:https://registry.npmjs.org/@supabase%2fauth-js set size:undefined disposed:false
433 silly fetch manifest @tailwindcss/oxide@4.1.18
434 silly packumentCache full:https://registry.npmjs.org/@tailwindcss%2foxide cache-miss
435 http fetch GET 200 https://registry.npmjs.org/@supabase%2ffunctions-js 173ms (cache miss)
436 silly packumentCache full:https://registry.npmjs.org/@supabase%2ffunctions-js set size:undefined disposed:false
437 silly fetch manifest undici-types@~6.21.0
438 silly packumentCache full:https://registry.npmjs.org/undici-types cache-miss
439 http fetch GET 200 https://registry.npmjs.org/@supabase%2frealtime-js 153ms (cache miss)
440 silly packumentCache full:https://registry.npmjs.org/@supabase%2frealtime-js set size:undefined disposed:false
441 silly fetch manifest pg-types@^2.2.0
442 silly packumentCache full:https://registry.npmjs.org/pg-types cache-miss
443 http fetch GET 200 https://registry.npmjs.org/@supabase%2fpostgrest-js 176ms (cache miss)
444 silly packumentCache full:https://registry.npmjs.org/@supabase%2fpostgrest-js set size:undefined disposed:false
445 silly fetch manifest pg-protocol@*
446 silly packumentCache full:https://registry.npmjs.org/pg-protocol cache-miss
447 http fetch GET 200 https://registry.npmjs.org/@supabase%2fstorage-js 145ms (cache miss)
448 silly packumentCache full:https://registry.npmjs.org/@supabase%2fstorage-js set size:undefined disposed:false
449 silly fetch manifest csstype@^3.2.2
450 silly packumentCache full:https://registry.npmjs.org/csstype cache-miss
451 http fetch GET 200 https://registry.npmjs.org/scheduler 340ms (cache miss)
452 silly packumentCache full:https://registry.npmjs.org/scheduler set size:undefined disposed:false
453 silly fetch manifest ws@^8.17.1
454 silly packumentCache full:https://registry.npmjs.org/ws cache-miss
455 http fetch GET 200 https://registry.npmjs.org/pg-types 44ms (cache miss)
456 silly packumentCache full:https://registry.npmjs.org/pg-types set size:undefined disposed:false
457 silly fetch manifest bufferutil@^4.0.8
458 silly packumentCache full:https://registry.npmjs.org/bufferutil cache-miss
459 http fetch GET 200 https://registry.npmjs.org/pg-protocol 42ms (cache miss)
460 silly packumentCache full:https://registry.npmjs.org/pg-protocol set size:undefined disposed:false
461 silly fetch manifest @neondatabase/serverless@^0.9.3
462 silly packumentCache full:https://registry.npmjs.org/@neondatabase%2fserverless cache-miss
463 http fetch GET 200 https://registry.npmjs.org/undici-types 68ms (cache miss)
464 silly packumentCache full:https://registry.npmjs.org/undici-types set size:undefined disposed:false
465 silly fetch manifest ajv@^6.12.4
466 silly packumentCache full:https://registry.npmjs.org/ajv cache-miss
467 http fetch GET 200 https://registry.npmjs.org/bufferutil 51ms (cache miss)
468 silly packumentCache full:https://registry.npmjs.org/bufferutil set size:undefined disposed:false
469 silly fetch manifest chalk@^4.0.0
470 silly packumentCache full:https://registry.npmjs.org/chalk cache-miss
471 http fetch GET 200 https://registry.npmjs.org/@alloc%2fquick-lru 141ms (cache miss)
472 silly packumentCache full:https://registry.npmjs.org/@alloc%2fquick-lru set size:undefined disposed:false
473 silly fetch manifest debug@^4.3.2
474 silly packumentCache full:https://registry.npmjs.org/debug cache-miss
475 http fetch GET 200 https://registry.npmjs.org/ws 79ms (cache miss)
476 silly packumentCache full:https://registry.npmjs.org/ws set size:undefined disposed:false
477 silly fetch manifest espree@^10.4.0
478 silly packumentCache full:https://registry.npmjs.org/espree cache-miss
479 http fetch GET 200 https://registry.npmjs.org/csstype 111ms (cache miss)
480 silly packumentCache full:https://registry.npmjs.org/csstype set size:undefined disposed:false
481 silly fetch manifest ignore@^5.2.0
482 silly packumentCache full:https://registry.npmjs.org/ignore cache-miss
483 http fetch GET 200 https://registry.npmjs.org/@neondatabase%2fserverless 79ms (cache miss)
484 silly packumentCache full:https://registry.npmjs.org/@neondatabase%2fserverless set size:undefined disposed:false
485 silly fetch manifest esquery@^1.5.0
486 silly packumentCache full:https://registry.npmjs.org/esquery cache-miss
487 http fetch GET 200 https://registry.npmjs.org/@tailwindcss%2fnode 161ms (cache miss)
488 silly packumentCache full:https://registry.npmjs.org/@tailwindcss%2fnode set size:undefined disposed:false
489 silly fetch manifest esutils@^2.0.2
490 silly packumentCache full:https://registry.npmjs.org/esutils cache-miss
491 http fetch GET 200 https://registry.npmjs.org/@tailwindcss%2foxide 162ms (cache miss)
492 silly packumentCache full:https://registry.npmjs.org/@tailwindcss%2foxide set size:undefined disposed:false
493 silly fetch manifest find-up@^5.0.0
494 silly packumentCache full:https://registry.npmjs.org/find-up cache-miss
495 http fetch GET 200 https://registry.npmjs.org/chalk 62ms (cache miss)
496 silly packumentCache full:https://registry.npmjs.org/chalk set size:undefined disposed:false
497 silly fetch manifest is-glob@^4.0.0
498 silly packumentCache full:https://registry.npmjs.org/is-glob cache-miss
499 http fetch GET 200 https://registry.npmjs.org/ajv 104ms (cache miss)
500 silly packumentCache full:https://registry.npmjs.org/ajv set size:undefined disposed:false
501 silly fetch manifest minimatch@^3.1.2
502 silly packumentCache full:https://registry.npmjs.org/minimatch cache-miss
503 http fetch GET 200 https://registry.npmjs.org/esquery 45ms (cache miss)
504 silly packumentCache full:https://registry.npmjs.org/esquery set size:undefined disposed:false
505 silly fetch manifest @eslint/js@9.39.2
506 silly packumentCache full:https://registry.npmjs.org/@eslint%2fjs cache-miss
507 http fetch GET 200 https://registry.npmjs.org/esutils 47ms (cache miss)
508 silly packumentCache full:https://registry.npmjs.org/esutils set size:undefined disposed:false
509 silly fetch manifest optionator@^0.9.3
510 silly packumentCache full:https://registry.npmjs.org/optionator cache-miss
511 http fetch GET 200 https://registry.npmjs.org/ignore 68ms (cache miss)
512 silly packumentCache full:https://registry.npmjs.org/ignore set size:undefined disposed:false
513 silly fetch manifest cross-spawn@^7.0.6
514 silly packumentCache full:https://registry.npmjs.org/cross-spawn cache-miss
515 http fetch GET 200 https://registry.npmjs.org/espree 84ms (cache miss)
516 silly packumentCache full:https://registry.npmjs.org/espree set size:undefined disposed:false
517 silly fetch manifest glob-parent@^6.0.2
518 silly packumentCache full:https://registry.npmjs.org/glob-parent cache-miss
519 http fetch GET 200 https://registry.npmjs.org/is-glob 49ms (cache miss)
520 silly packumentCache full:https://registry.npmjs.org/is-glob set size:undefined disposed:false
521 silly fetch manifest imurmurhash@^0.1.4
522 silly packumentCache full:https://registry.npmjs.org/imurmurhash cache-miss
523 http fetch GET 200 https://registry.npmjs.org/minimatch 52ms (cache miss)
524 silly packumentCache full:https://registry.npmjs.org/minimatch set size:undefined disposed:false
525 silly fetch manifest @eslint/core@^0.17.0
526 silly packumentCache full:https://registry.npmjs.org/@eslint%2fcore cache-miss
527 http fetch GET 200 https://registry.npmjs.org/find-up 69ms (cache miss)
528 silly packumentCache full:https://registry.npmjs.org/find-up set size:undefined disposed:false
529 silly fetch manifest eslint-scope@^8.4.0
530 silly packumentCache full:https://registry.npmjs.org/eslint-scope cache-miss
531 http fetch GET 200 https://registry.npmjs.org/playwright 516ms (cache miss)
532 silly packumentCache full:https://registry.npmjs.org/playwright set size:undefined disposed:false
533 silly fetch manifest lodash.merge@^4.6.2
534 silly packumentCache full:https://registry.npmjs.org/lodash.merge cache-miss
535 http fetch GET 200 https://registry.npmjs.org/imurmurhash 81ms (cache miss)
536 silly packumentCache full:https://registry.npmjs.org/imurmurhash set size:undefined disposed:false
537 silly fetch manifest @humanfs/node@^0.16.6
538 silly packumentCache full:https://registry.npmjs.org/@humanfs%2fnode cache-miss
539 http fetch GET 200 https://registry.npmjs.org/optionator 106ms (cache miss)
540 silly packumentCache full:https://registry.npmjs.org/optionator set size:undefined disposed:false
541 silly fetch manifest @types/estree@^1.0.6
542 silly packumentCache full:https://registry.npmjs.org/@types%2festree cache-miss
543 http fetch GET 200 https://registry.npmjs.org/eslint-scope 72ms (cache miss)
544 silly packumentCache full:https://registry.npmjs.org/eslint-scope set size:undefined disposed:false
545 silly fetch manifest fast-deep-equal@^3.1.3
546 silly packumentCache full:https://registry.npmjs.org/fast-deep-equal cache-miss
547 http fetch GET 200 https://registry.npmjs.org/@eslint%2fjs 118ms (cache miss)
548 silly packumentCache full:https://registry.npmjs.org/@eslint%2fjs set size:undefined disposed:false
549 silly fetch manifest natural-compare@^1.4.0
550 silly packumentCache full:https://registry.npmjs.org/natural-compare cache-miss
551 http fetch GET 200 https://registry.npmjs.org/cross-spawn 100ms (cache miss)
552 silly packumentCache full:https://registry.npmjs.org/cross-spawn set size:undefined disposed:false
553 silly fetch manifest @eslint/eslintrc@^3.3.1
554 silly packumentCache full:https://registry.npmjs.org/@eslint%2feslintrc cache-miss
555 http fetch GET 200 https://registry.npmjs.org/debug 198ms (cache miss)
556 silly packumentCache full:https://registry.npmjs.org/debug set size:undefined disposed:false
557 silly fetch manifest file-entry-cache@^8.0.0
558 silly packumentCache full:https://registry.npmjs.org/file-entry-cache cache-miss
559 http fetch GET 200 https://registry.npmjs.org/@eslint%2fcore 81ms (cache miss)
560 silly packumentCache full:https://registry.npmjs.org/@eslint%2fcore set size:undefined disposed:false
561 silly fetch manifest @eslint/plugin-kit@^0.4.1
562 silly packumentCache full:https://registry.npmjs.org/@eslint%2fplugin-kit cache-miss
563 http fetch GET 200 https://registry.npmjs.org/glob-parent 98ms (cache miss)
564 silly packumentCache full:https://registry.npmjs.org/glob-parent set size:undefined disposed:false
565 silly fetch manifest eslint-visitor-keys@^4.2.1
566 silly packumentCache full:https://registry.npmjs.org/eslint-visitor-keys cache-miss
567 http fetch GET 200 https://registry.npmjs.org/lodash.merge 44ms (cache miss)
568 silly packumentCache full:https://registry.npmjs.org/lodash.merge set size:undefined disposed:false
569 silly fetch manifest @eslint/config-array@^0.21.1
570 silly packumentCache full:https://registry.npmjs.org/@eslint%2fconfig-array cache-miss
571 http fetch GET 200 https://registry.npmjs.org/natural-compare 42ms (cache miss)
572 silly packumentCache full:https://registry.npmjs.org/natural-compare set size:undefined disposed:false
573 silly fetch manifest @humanwhocodes/retry@^0.4.2
574 silly packumentCache full:https://registry.npmjs.org/@humanwhocodes%2fretry cache-miss
575 http fetch GET 200 https://registry.npmjs.org/@humanfs%2fnode 59ms (cache miss)
576 silly packumentCache full:https://registry.npmjs.org/@humanfs%2fnode set size:undefined disposed:false
577 silly fetch manifest escape-string-regexp@^4.0.0
578 silly packumentCache full:https://registry.npmjs.org/escape-string-regexp cache-miss
579 http fetch GET 200 https://registry.npmjs.org/eslint-visitor-keys 50ms (cache miss)
580 silly packumentCache full:https://registry.npmjs.org/eslint-visitor-keys set size:undefined disposed:false
581 silly fetch manifest @eslint/config-helpers@^0.4.2
582 silly packumentCache full:https://registry.npmjs.org/@eslint%2fconfig-helpers cache-miss
583 http fetch GET 200 https://registry.npmjs.org/file-entry-cache 55ms (cache miss)
584 silly packumentCache full:https://registry.npmjs.org/file-entry-cache set size:undefined disposed:false
585 silly fetch manifest @eslint-community/regexpp@^4.12.1
586 silly packumentCache full:https://registry.npmjs.org/@eslint-community%2fregexpp cache-miss
587 http fetch GET 200 https://registry.npmjs.org/@eslint%2fplugin-kit 66ms (cache miss)
588 silly packumentCache full:https://registry.npmjs.org/@eslint%2fplugin-kit set size:undefined disposed:false
589 silly fetch manifest @eslint-community/eslint-utils@^4.8.0
590 silly packumentCache full:https://registry.npmjs.org/@eslint-community%2feslint-utils cache-miss
591 http fetch GET 200 https://registry.npmjs.org/@types%2festree 91ms (cache miss)
592 silly packumentCache full:https://registry.npmjs.org/@types%2festree set size:undefined disposed:false
593 silly fetch manifest @humanwhocodes/module-importer@^1.0.1
594 silly packumentCache full:https://registry.npmjs.org/@humanwhocodes%2fmodule-importer cache-miss
595 http fetch GET 200 https://registry.npmjs.org/fast-deep-equal 100ms (cache miss)
596 silly packumentCache full:https://registry.npmjs.org/fast-deep-equal set size:undefined disposed:false
597 silly fetch manifest json-stable-stringify-without-jsonify@^1.0.1
598 silly packumentCache full:https://registry.npmjs.org/json-stable-stringify-without-jsonify cache-miss
599 http fetch GET 200 https://registry.npmjs.org/escape-string-regexp 45ms (cache miss)
600 silly packumentCache full:https://registry.npmjs.org/escape-string-regexp set size:undefined disposed:false
601 silly fetch manifest globals@16.4.0
602 silly packumentCache full:https://registry.npmjs.org/globals cache-miss
603 http fetch GET 200 https://registry.npmjs.org/@eslint%2fconfig-array 80ms (cache miss)
604 silly packumentCache full:https://registry.npmjs.org/@eslint%2fconfig-array set size:undefined disposed:false
605 silly fetch manifest typescript-eslint@^8.46.0
606 silly packumentCache full:https://registry.npmjs.org/typescript-eslint cache-miss
607 http fetch GET 200 https://registry.npmjs.org/@eslint%2feslintrc 112ms (cache miss)
608 silly packumentCache full:https://registry.npmjs.org/@eslint%2feslintrc set size:undefined disposed:false
609 silly fetch manifest eslint-plugin-react@^7.37.0
610 silly packumentCache full:https://registry.npmjs.org/eslint-plugin-react cache-miss
611 http fetch GET 200 https://registry.npmjs.org/@humanwhocodes%2fretry 73ms (cache miss)
612 silly packumentCache full:https://registry.npmjs.org/@humanwhocodes%2fretry set size:undefined disposed:false
613 silly fetch manifest eslint-plugin-import@^2.32.0
614 silly packumentCache full:https://registry.npmjs.org/eslint-plugin-import cache-miss
615 http fetch GET 200 https://registry.npmjs.org/@eslint-community%2fregexpp 63ms (cache miss)
616 silly packumentCache full:https://registry.npmjs.org/@eslint-community%2fregexpp set size:undefined disposed:false
617 silly fetch manifest eslint-plugin-jsx-a11y@^6.10.0
618 silly packumentCache full:https://registry.npmjs.org/eslint-plugin-jsx-a11y cache-miss
619 http fetch GET 200 https://registry.npmjs.org/globals 43ms (cache miss)
620 silly packumentCache full:https://registry.npmjs.org/globals set size:undefined disposed:false
621 silly fetch manifest @next/eslint-plugin-next@16.0.10
622 silly packumentCache full:https://registry.npmjs.org/@next%2feslint-plugin-next cache-miss
623 http fetch GET 200 https://registry.npmjs.org/@eslint-community%2feslint-utils 76ms (cache miss)
624 silly packumentCache full:https://registry.npmjs.org/@eslint-community%2feslint-utils set size:undefined disposed:false
625 silly fetch manifest eslint-plugin-react-hooks@^7.0.0
626 silly packumentCache full:https://registry.npmjs.org/eslint-plugin-react-hooks cache-miss
627 http fetch GET 200 https://registry.npmjs.org/@eslint%2fconfig-helpers 94ms (cache miss)
628 silly packumentCache full:https://registry.npmjs.org/@eslint%2fconfig-helpers set size:undefined disposed:false
629 silly fetch manifest eslint-import-resolver-node@^0.3.6
630 silly packumentCache full:https://registry.npmjs.org/eslint-import-resolver-node cache-miss
631 http fetch GET 200 https://registry.npmjs.org/@humanwhocodes%2fmodule-importer 68ms (cache miss)
632 silly packumentCache full:https://registry.npmjs.org/@humanwhocodes%2fmodule-importer set size:undefined disposed:false
633 silly fetch manifest eslint-import-resolver-typescript@^3.5.2
634 silly packumentCache full:https://registry.npmjs.org/eslint-import-resolver-typescript cache-miss
635 http fetch GET 200 https://registry.npmjs.org/json-stable-stringify-without-jsonify 67ms (cache miss)
636 silly packumentCache full:https://registry.npmjs.org/json-stable-stringify-without-jsonify set size:undefined disposed:false
637 silly fetch manifest tslib@^2.4.0
638 silly packumentCache full:https://registry.npmjs.org/tslib cache-miss
639 http fetch GET 200 https://registry.npmjs.org/eslint-plugin-jsx-a11y 53ms (cache miss)
640 silly packumentCache full:https://registry.npmjs.org/eslint-plugin-jsx-a11y set size:undefined disposed:false
641 silly fetch manifest motion-dom@^12.33.0
642 silly packumentCache full:https://registry.npmjs.org/motion-dom cache-miss
643 http fetch GET 200 https://registry.npmjs.org/eslint-plugin-react 87ms (cache miss)
644 silly packumentCache full:https://registry.npmjs.org/eslint-plugin-react set size:undefined disposed:false
645 silly fetch manifest motion-utils@^12.29.2
646 silly packumentCache full:https://registry.npmjs.org/motion-utils cache-miss
647 http fetch GET 200 https://registry.npmjs.org/eslint-import-resolver-node 55ms (cache miss)
648 silly packumentCache full:https://registry.npmjs.org/eslint-import-resolver-node set size:undefined disposed:false
649 silly fetch manifest pg-connection-string@^2.11.0
650 silly packumentCache full:https://registry.npmjs.org/pg-connection-string cache-miss
651 http fetch GET 200 https://registry.npmjs.org/eslint-plugin-import 93ms (cache miss)
652 silly packumentCache full:https://registry.npmjs.org/eslint-plugin-import set size:undefined disposed:false
653 silly fetch manifest pg-pool@^3.11.0
654 silly packumentCache full:https://registry.npmjs.org/pg-pool cache-miss
655 http fetch GET 200 https://registry.npmjs.org/eslint-import-resolver-typescript 69ms (cache miss)
656 silly packumentCache full:https://registry.npmjs.org/eslint-import-resolver-typescript set size:undefined disposed:false
657 silly fetch manifest pg-protocol@^1.11.0
658 silly packumentCache full:https://registry.npmjs.org/pg-protocol cache-miss
659 http cache https://registry.npmjs.org/pg-protocol 9ms (cache hit)
660 silly packumentCache full:https://registry.npmjs.org/pg-protocol set size:47734 disposed:false
661 silly fetch manifest pg-types@2.2.0
662 silly packumentCache full:https://registry.npmjs.org/pg-types cache-miss
663 http fetch GET 200 https://registry.npmjs.org/motion-dom 62ms (cache miss)
664 silly packumentCache full:https://registry.npmjs.org/motion-dom set size:undefined disposed:false
665 silly fetch manifest pgpass@1.0.5
666 silly packumentCache full:https://registry.npmjs.org/pgpass cache-miss
667 http cache https://registry.npmjs.org/pg-types 6ms (cache hit)
668 silly packumentCache full:https://registry.npmjs.org/pg-types set size:51397 disposed:false
669 silly fetch manifest pg-cloudflare@^1.3.0
670 silly packumentCache full:https://registry.npmjs.org/pg-cloudflare cache-miss
671 http fetch GET 200 https://registry.npmjs.org/tslib 80ms (cache miss)
672 silly packumentCache full:https://registry.npmjs.org/tslib set size:undefined disposed:false
673 silly fetch manifest @types/liftoff@^4.0.3
674 silly packumentCache full:https://registry.npmjs.org/@types%2fliftoff cache-miss
675 http fetch GET 200 https://registry.npmjs.org/motion-utils 55ms (cache miss)
676 silly packumentCache full:https://registry.npmjs.org/motion-utils set size:undefined disposed:false
677 silly fetch manifest interpret@^3.1.1
678 silly packumentCache full:https://registry.npmjs.org/interpret cache-miss
679 http fetch GET 200 https://registry.npmjs.org/pg-connection-string 68ms (cache miss)
680 silly packumentCache full:https://registry.npmjs.org/pg-connection-string set size:undefined disposed:false
681 silly fetch manifest liftoff@^5.0.1
682 silly packumentCache full:https://registry.npmjs.org/liftoff cache-miss
683 http fetch GET 200 https://registry.npmjs.org/pg-cloudflare 49ms (cache miss)
684 silly packumentCache full:https://registry.npmjs.org/pg-cloudflare set size:undefined disposed:false
685 silly fetch manifest nanospinner@^1.2.2
686 silly packumentCache full:https://registry.npmjs.org/nanospinner cache-miss
687 http fetch GET 200 https://registry.npmjs.org/pgpass 57ms (cache miss)
688 silly packumentCache full:https://registry.npmjs.org/pgpass set size:undefined disposed:false
689 silly fetch manifest node-plop@^0.32.3
690 silly packumentCache full:https://registry.npmjs.org/node-plop cache-miss
691 http fetch GET 200 https://registry.npmjs.org/pg-pool 99ms (cache miss)
692 silly packumentCache full:https://registry.npmjs.org/pg-pool set size:undefined disposed:false
693 silly fetch manifest picocolors@^1.1.1
694 silly packumentCache full:https://registry.npmjs.org/picocolors cache-miss
695 http fetch GET 200 https://registry.npmjs.org/interpret 57ms (cache miss)
696 silly packumentCache full:https://registry.npmjs.org/interpret set size:undefined disposed:false
697 silly fetch manifest v8flags@^4.0.1
698 silly packumentCache full:https://registry.npmjs.org/v8flags cache-miss
699 http fetch GET 200 https://registry.npmjs.org/typescript-eslint 206ms (cache miss)
700 silly packumentCache full:https://registry.npmjs.org/typescript-eslint set size:undefined disposed:false
701 silly fetch manifest semver@^7.7.3
702 silly packumentCache full:https://registry.npmjs.org/semver cache-miss
703 http fetch GET 200 https://registry.npmjs.org/eslint-plugin-react-hooks 186ms (cache miss)
704 silly packumentCache full:https://registry.npmjs.org/eslint-plugin-react-hooks set size:undefined disposed:false
705 silly fetch manifest @img/colour@^1.0.0
706 silly packumentCache full:https://registry.npmjs.org/@img%2fcolour cache-miss
707 http fetch GET 200 https://registry.npmjs.org/nanospinner 64ms (cache miss)
708 silly packumentCache full:https://registry.npmjs.org/nanospinner set size:undefined disposed:false
709 silly fetch manifest detect-libc@^2.1.2
710 silly packumentCache full:https://registry.npmjs.org/detect-libc cache-miss
711 http fetch GET 200 https://registry.npmjs.org/node-plop 61ms (cache miss)
712 silly packumentCache full:https://registry.npmjs.org/node-plop set size:undefined disposed:false
713 silly fetch manifest @img/sharp-wasm32@0.34.5
714 silly packumentCache full:https://registry.npmjs.org/@img%2fsharp-wasm32 cache-miss
715 http fetch GET 200 https://registry.npmjs.org/picocolors 62ms (cache miss)
716 silly packumentCache full:https://registry.npmjs.org/picocolors set size:undefined disposed:false
717 silly fetch manifest @img/sharp-linux-arm@0.34.5
718 silly packumentCache full:https://registry.npmjs.org/@img%2fsharp-linux-arm cache-miss
719 http fetch GET 200 https://registry.npmjs.org/semver 47ms (cache miss)
720 silly packumentCache full:https://registry.npmjs.org/semver set size:undefined disposed:false
721 silly fetch manifest @img/sharp-linux-x64@0.34.5
722 silly packumentCache full:https://registry.npmjs.org/@img%2fsharp-linux-x64 cache-miss
723 http fetch GET 200 https://registry.npmjs.org/@next%2feslint-plugin-next 238ms (cache miss)
724 silly packumentCache full:https://registry.npmjs.org/@next%2feslint-plugin-next set size:undefined disposed:false
725 silly fetch manifest @img/sharp-win32-x64@0.34.5
726 silly packumentCache full:https://registry.npmjs.org/@img%2fsharp-win32-x64 cache-miss
727 http fetch GET 200 https://registry.npmjs.org/detect-libc 45ms (cache miss)
728 silly packumentCache full:https://registry.npmjs.org/detect-libc set size:undefined disposed:false
729 silly fetch manifest @img/sharp-darwin-x64@0.34.5
730 silly packumentCache full:https://registry.npmjs.org/@img%2fsharp-darwin-x64 cache-miss
731 http fetch GET 200 https://registry.npmjs.org/v8flags 91ms (cache miss)
732 silly packumentCache full:https://registry.npmjs.org/v8flags set size:undefined disposed:false
733 silly fetch manifest @img/sharp-win32-ia32@0.34.5
734 silly packumentCache full:https://registry.npmjs.org/@img%2fsharp-win32-ia32 cache-miss
735 http fetch GET 200 https://registry.npmjs.org/@types%2fliftoff 169ms (cache miss)
736 silly packumentCache full:https://registry.npmjs.org/@types%2fliftoff set size:undefined disposed:false
737 silly fetch manifest @img/sharp-linux-arm64@0.34.5
738 silly packumentCache full:https://registry.npmjs.org/@img%2fsharp-linux-arm64 cache-miss
739 http fetch GET 200 https://registry.npmjs.org/liftoff 143ms (cache miss)
740 silly packumentCache full:https://registry.npmjs.org/liftoff set size:undefined disposed:false
741 silly fetch manifest @img/sharp-linux-ppc64@0.34.5
742 silly packumentCache full:https://registry.npmjs.org/@img%2fsharp-linux-ppc64 cache-miss
743 http fetch GET 200 https://registry.npmjs.org/@img%2fsharp-linux-arm 59ms (cache miss)
744 silly packumentCache full:https://registry.npmjs.org/@img%2fsharp-linux-arm set size:undefined disposed:false
745 silly fetch manifest @img/sharp-linux-s390x@0.34.5
746 silly packumentCache full:https://registry.npmjs.org/@img%2fsharp-linux-s390x cache-miss
747 http fetch GET 200 https://registry.npmjs.org/@img%2fcolour 79ms (cache miss)
748 silly packumentCache full:https://registry.npmjs.org/@img%2fcolour set size:undefined disposed:false
749 silly fetch manifest @img/sharp-win32-arm64@0.34.5
750 silly packumentCache full:https://registry.npmjs.org/@img%2fsharp-win32-arm64 cache-miss
751 http fetch GET 200 https://registry.npmjs.org/@img%2fsharp-linux-x64 80ms (cache miss)
752 silly packumentCache full:https://registry.npmjs.org/@img%2fsharp-linux-x64 set size:undefined disposed:false
753 silly fetch manifest @img/sharp-darwin-arm64@0.34.5
754 silly packumentCache full:https://registry.npmjs.org/@img%2fsharp-darwin-arm64 cache-miss
755 http fetch GET 200 https://registry.npmjs.org/@img%2fsharp-win32-x64 61ms (cache miss)
756 silly packumentCache full:https://registry.npmjs.org/@img%2fsharp-win32-x64 set size:undefined disposed:false
757 silly fetch manifest @img/sharp-linux-riscv64@0.34.5
758 silly packumentCache full:https://registry.npmjs.org/@img%2fsharp-linux-riscv64 cache-miss
759 http fetch GET 200 https://registry.npmjs.org/@img%2fsharp-win32-ia32 66ms (cache miss)
760 silly packumentCache full:https://registry.npmjs.org/@img%2fsharp-win32-ia32 set size:undefined disposed:false
761 silly fetch manifest @img/sharp-linuxmusl-x64@0.34.5
762 silly packumentCache full:https://registry.npmjs.org/@img%2fsharp-linuxmusl-x64 cache-miss
763 http fetch GET 200 https://registry.npmjs.org/@img%2fsharp-linux-ppc64 66ms (cache miss)
764 silly packumentCache full:https://registry.npmjs.org/@img%2fsharp-linux-ppc64 set size:undefined disposed:false
765 silly fetch manifest @img/sharp-linuxmusl-arm64@0.34.5
766 silly packumentCache full:https://registry.npmjs.org/@img%2fsharp-linuxmusl-arm64 cache-miss
767 http fetch GET 200 https://registry.npmjs.org/@img%2fsharp-linux-s390x 63ms (cache miss)
768 silly packumentCache full:https://registry.npmjs.org/@img%2fsharp-linux-s390x set size:undefined disposed:false
769 silly fetch manifest @img/sharp-libvips-linux-arm@1.2.4
770 silly packumentCache full:https://registry.npmjs.org/@img%2fsharp-libvips-linux-arm cache-miss
771 http fetch GET 200 https://registry.npmjs.org/@img%2fsharp-win32-arm64 78ms (cache miss)
772 silly packumentCache full:https://registry.npmjs.org/@img%2fsharp-win32-arm64 set size:undefined disposed:false
773 silly fetch manifest @img/sharp-libvips-linux-x64@1.2.4
774 silly packumentCache full:https://registry.npmjs.org/@img%2fsharp-libvips-linux-x64 cache-miss
775 http fetch GET 200 https://registry.npmjs.org/@img%2fsharp-wasm32 152ms (cache miss)
776 silly packumentCache full:https://registry.npmjs.org/@img%2fsharp-wasm32 set size:undefined disposed:false
777 silly fetch manifest @img/sharp-libvips-darwin-x64@1.2.4
778 silly packumentCache full:https://registry.npmjs.org/@img%2fsharp-libvips-darwin-x64 cache-miss
779 http fetch GET 200 https://registry.npmjs.org/@img%2fsharp-darwin-x64 113ms (cache miss)
780 silly packumentCache full:https://registry.npmjs.org/@img%2fsharp-darwin-x64 set size:undefined disposed:false
781 silly fetch manifest @img/sharp-libvips-linux-arm64@1.2.4
782 silly packumentCache full:https://registry.npmjs.org/@img%2fsharp-libvips-linux-arm64 cache-miss
783 http fetch GET 200 https://registry.npmjs.org/@img%2fsharp-linux-riscv64 60ms (cache miss)
784 silly packumentCache full:https://registry.npmjs.org/@img%2fsharp-linux-riscv64 set size:undefined disposed:false
785 silly fetch manifest @img/sharp-libvips-linux-ppc64@1.2.4
786 silly packumentCache full:https://registry.npmjs.org/@img%2fsharp-libvips-linux-ppc64 cache-miss
787 http fetch GET 200 https://registry.npmjs.org/@img%2fsharp-darwin-arm64 65ms (cache miss)
788 silly packumentCache full:https://registry.npmjs.org/@img%2fsharp-darwin-arm64 set size:undefined disposed:false
789 silly fetch manifest @img/sharp-libvips-linux-s390x@1.2.4
790 silly packumentCache full:https://registry.npmjs.org/@img%2fsharp-libvips-linux-s390x cache-miss
791 http fetch GET 200 https://registry.npmjs.org/@img%2fsharp-linux-arm64 113ms (cache miss)
792 silly packumentCache full:https://registry.npmjs.org/@img%2fsharp-linux-arm64 set size:undefined disposed:false
793 silly fetch manifest @img/sharp-libvips-darwin-arm64@1.2.4
794 silly packumentCache full:https://registry.npmjs.org/@img%2fsharp-libvips-darwin-arm64 cache-miss
795 http fetch GET 200 https://registry.npmjs.org/@img%2fsharp-linuxmusl-x64 91ms (cache miss)
796 silly packumentCache full:https://registry.npmjs.org/@img%2fsharp-linuxmusl-x64 set size:undefined disposed:false
797 silly fetch manifest @img/sharp-libvips-linux-riscv64@1.2.4
798 silly packumentCache full:https://registry.npmjs.org/@img%2fsharp-libvips-linux-riscv64 cache-miss
799 http fetch GET 200 https://registry.npmjs.org/@img%2fsharp-libvips-linux-arm 71ms (cache miss)
800 silly packumentCache full:https://registry.npmjs.org/@img%2fsharp-libvips-linux-arm set size:undefined disposed:false
801 silly fetch manifest @img/sharp-libvips-linuxmusl-x64@1.2.4
802 silly packumentCache full:https://registry.npmjs.org/@img%2fsharp-libvips-linuxmusl-x64 cache-miss
803 http fetch GET 200 https://registry.npmjs.org/@img%2fsharp-linuxmusl-arm64 85ms (cache miss)
804 silly packumentCache full:https://registry.npmjs.org/@img%2fsharp-linuxmusl-arm64 set size:undefined disposed:false
805 silly fetch manifest @img/sharp-libvips-linuxmusl-arm64@1.2.4
806 silly packumentCache full:https://registry.npmjs.org/@img%2fsharp-libvips-linuxmusl-arm64 cache-miss
807 http fetch GET 200 https://registry.npmjs.org/@img%2fsharp-libvips-linux-x64 70ms (cache miss)
808 silly packumentCache full:https://registry.npmjs.org/@img%2fsharp-libvips-linux-x64 set size:undefined disposed:false
809 http fetch GET 200 https://registry.npmjs.org/@img%2fsharp-libvips-linux-s390x 65ms (cache miss)
810 silly packumentCache full:https://registry.npmjs.org/@img%2fsharp-libvips-linux-s390x set size:undefined disposed:false
811 http fetch GET 200 https://registry.npmjs.org/@img%2fsharp-libvips-darwin-x64 86ms (cache miss)
812 silly packumentCache full:https://registry.npmjs.org/@img%2fsharp-libvips-darwin-x64 set size:undefined disposed:false
813 http fetch GET 200 https://registry.npmjs.org/@img%2fsharp-libvips-darwin-arm64 80ms (cache miss)
814 silly packumentCache full:https://registry.npmjs.org/@img%2fsharp-libvips-darwin-arm64 set size:undefined disposed:false
815 http fetch GET 200 https://registry.npmjs.org/@img%2fsharp-libvips-linux-ppc64 95ms (cache miss)
816 silly packumentCache full:https://registry.npmjs.org/@img%2fsharp-libvips-linux-ppc64 set size:undefined disposed:false
817 http fetch GET 200 https://registry.npmjs.org/@img%2fsharp-libvips-linux-arm64 103ms (cache miss)
818 silly packumentCache full:https://registry.npmjs.org/@img%2fsharp-libvips-linux-arm64 set size:undefined disposed:false
819 http fetch GET 200 https://registry.npmjs.org/@img%2fsharp-libvips-linux-riscv64 62ms (cache miss)
820 silly packumentCache full:https://registry.npmjs.org/@img%2fsharp-libvips-linux-riscv64 set size:undefined disposed:false
821 http fetch GET 200 https://registry.npmjs.org/@img%2fsharp-libvips-linuxmusl-x64 76ms (cache miss)
822 silly packumentCache full:https://registry.npmjs.org/@img%2fsharp-libvips-linuxmusl-x64 set size:undefined disposed:false
823 http fetch GET 200 https://registry.npmjs.org/@img%2fsharp-libvips-linuxmusl-arm64 88ms (cache miss)
824 silly packumentCache full:https://registry.npmjs.org/@img%2fsharp-libvips-linuxmusl-arm64 set size:undefined disposed:false
825 silly placeDep ROOT third-party-capital@1.0.20 OK for: @next/third-parties@16.1.6 want: 1.0.20
826 silly placeDep ROOT playwright@1.58.2 OK for: @playwright/test@1.58.2 want: 1.58.2
827 silly fetch manifest playwright-core@1.58.2
828 silly packumentCache full:https://registry.npmjs.org/playwright-core cache-miss
829 silly fetch manifest fsevents@2.3.2
830 silly packumentCache full:https://registry.npmjs.org/fsevents cache-miss
831 http fetch GET 200 https://registry.npmjs.org/fsevents 53ms (cache miss)
832 silly packumentCache full:https://registry.npmjs.org/fsevents set size:undefined disposed:false
833 http fetch GET 200 https://registry.npmjs.org/playwright-core 610ms (cache miss)
834 silly packumentCache full:https://registry.npmjs.org/playwright-core set size:undefined disposed:false
835 silly placeDep ROOT @supabase/auth-js@2.95.3 OK for: @supabase/supabase-js@2.95.3 want: 2.95.3
836 silly placeDep ROOT @supabase/functions-js@2.95.3 OK for: @supabase/supabase-js@2.95.3 want: 2.95.3
837 silly placeDep ROOT @supabase/postgrest-js@2.95.3 OK for: @supabase/supabase-js@2.95.3 want: 2.95.3
838 silly placeDep ROOT @supabase/realtime-js@2.95.3 OK for: @supabase/supabase-js@2.95.3 want: 2.95.3
839 silly placeDep ROOT @supabase/storage-js@2.95.3 OK for: @supabase/supabase-js@2.95.3 want: 2.95.3
840 silly fetch manifest tslib@2.8.1
841 silly packumentCache full:https://registry.npmjs.org/tslib cache-miss
842 silly fetch manifest tslib@2.8.1
843 silly packumentCache full:https://registry.npmjs.org/tslib cache-miss
844 silly fetch manifest tslib@2.8.1
845 silly packumentCache full:https://registry.npmjs.org/tslib cache-miss
846 silly fetch manifest @types/phoenix@^1.6.6
847 silly packumentCache full:https://registry.npmjs.org/@types%2fphoenix cache-miss
848 silly fetch manifest @types/ws@^8.18.1
849 silly packumentCache full:https://registry.npmjs.org/@types%2fws cache-miss
850 silly fetch manifest tslib@2.8.1
851 silly packumentCache full:https://registry.npmjs.org/tslib cache-miss
852 silly fetch manifest ws@^8.18.2
853 silly packumentCache full:https://registry.npmjs.org/ws cache-miss
854 silly fetch manifest iceberg-js@^0.8.1
855 silly packumentCache full:https://registry.npmjs.org/iceberg-js cache-miss
856 silly fetch manifest tslib@2.8.1
857 silly packumentCache full:https://registry.npmjs.org/tslib cache-miss
858 http cache https://registry.npmjs.org/tslib 10ms (cache hit)
859 silly packumentCache full:https://registry.npmjs.org/tslib set size:108760 disposed:false
860 http cache https://registry.npmjs.org/tslib 12ms (cache hit)
861 silly packumentCache full:https://registry.npmjs.org/tslib set size:108760 disposed:false
862 silly packumentCache full:https://registry.npmjs.org/tslib dispose
863 http cache https://registry.npmjs.org/tslib 11ms (cache hit)
864 silly packumentCache full:https://registry.npmjs.org/tslib set size:108760 disposed:true
865 silly packumentCache full:https://registry.npmjs.org/tslib dispose
866 http cache https://registry.npmjs.org/ws 12ms (cache hit)
867 silly packumentCache full:https://registry.npmjs.org/ws set size:413307 disposed:false
868 http cache https://registry.npmjs.org/tslib 16ms (cache hit)
869 silly packumentCache full:https://registry.npmjs.org/tslib set size:108760 disposed:true
870 silly packumentCache full:https://registry.npmjs.org/tslib dispose
871 http cache https://registry.npmjs.org/tslib 17ms (cache hit)
872 silly packumentCache full:https://registry.npmjs.org/tslib set size:108760 disposed:true
873 silly packumentCache full:https://registry.npmjs.org/tslib dispose
874 http fetch GET 200 https://registry.npmjs.org/@types%2fws 75ms (cache miss)
875 silly packumentCache full:https://registry.npmjs.org/@types%2fws set size:undefined disposed:false
876 http fetch GET 200 https://registry.npmjs.org/iceberg-js 77ms (cache miss)
877 silly packumentCache full:https://registry.npmjs.org/iceberg-js set size:undefined disposed:false
878 http fetch GET 200 https://registry.npmjs.org/@types%2fphoenix 93ms (cache miss)
879 silly packumentCache full:https://registry.npmjs.org/@types%2fphoenix set size:undefined disposed:false
880 silly placeDep ROOT tslib@2.8.1 OK for: @supabase/auth-js@2.95.3 want: 2.8.1
881 silly fetch manifest bufferutil@^4.0.1
882 silly packumentCache full:https://registry.npmjs.org/bufferutil cache-miss
883 http cache https://registry.npmjs.org/bufferutil 2ms (cache hit)
884 silly packumentCache full:https://registry.npmjs.org/bufferutil set size:52763 disposed:false
885 silly fetch manifest utf-8-validate@>=5.0.2
886 silly packumentCache full:https://registry.npmjs.org/utf-8-validate cache-miss
887 http fetch GET 200 https://registry.npmjs.org/utf-8-validate 41ms (cache miss)
888 silly packumentCache full:https://registry.npmjs.org/utf-8-validate set size:undefined disposed:false
889 silly placeDep ROOT @types/phoenix@1.6.7 OK for: @supabase/realtime-js@2.95.3 want: ^1.6.6
890 silly placeDep ROOT @types/ws@8.18.1 OK for: @supabase/realtime-js@2.95.3 want: ^8.18.1
891 silly placeDep ROOT ws@8.19.0 OK for: @supabase/realtime-js@2.95.3 want: ^8.18.2
892 silly placeDep ROOT iceberg-js@0.8.1 OK for: @supabase/storage-js@2.95.3 want: ^0.8.1
893 silly placeDep ROOT @alloc/quick-lru@5.2.0 OK for: @tailwindcss/postcss@4.1.18 want: ^5.2.0
894 silly placeDep ROOT @tailwindcss/node@4.1.18 OK for: @tailwindcss/postcss@4.1.18 want: 4.1.18
895 silly placeDep ROOT @tailwindcss/oxide@4.1.18 OK for: @tailwindcss/postcss@4.1.18 want: 4.1.18
896 silly placeDep ROOT postcss@8.5.6 OK for: @tailwindcss/postcss@4.1.18 want: ^8.4.41
897 silly fetch manifest jiti@^2.6.1
898 silly packumentCache full:https://registry.npmjs.org/jiti cache-hit
899 silly fetch manifest lightningcss@1.30.2
900 silly packumentCache full:https://registry.npmjs.org/lightningcss cache-miss
901 silly fetch manifest magic-string@^0.30.21
902 silly packumentCache full:https://registry.npmjs.org/magic-string cache-miss
903 silly fetch manifest source-map-js@^1.2.1
904 silly packumentCache full:https://registry.npmjs.org/source-map-js cache-miss
905 silly fetch manifest enhanced-resolve@^5.18.3
906 silly packumentCache full:https://registry.npmjs.org/enhanced-resolve cache-miss
907 silly fetch manifest @jridgewell/remapping@^2.3.4
908 silly packumentCache full:https://registry.npmjs.org/@jridgewell%2fremapping cache-miss
909 silly fetch manifest @tailwindcss/oxide-darwin-x64@4.1.18
910 silly packumentCache full:https://registry.npmjs.org/@tailwindcss%2foxide-darwin-x64 cache-miss
911 silly fetch manifest @tailwindcss/oxide-freebsd-x64@4.1.18
912 silly packumentCache full:https://registry.npmjs.org/@tailwindcss%2foxide-freebsd-x64 cache-miss
913 silly fetch manifest @tailwindcss/oxide-wasm32-wasi@4.1.18
914 silly packumentCache full:https://registry.npmjs.org/@tailwindcss%2foxide-wasm32-wasi cache-miss
915 silly fetch manifest @tailwindcss/oxide-darwin-arm64@4.1.18
916 silly packumentCache full:https://registry.npmjs.org/@tailwindcss%2foxide-darwin-arm64 cache-miss
917 http cache https://registry.npmjs.org/lightningcss 5ms (cache hit)
918 silly packumentCache full:https://registry.npmjs.org/lightningcss set size:182441 disposed:false
919 silly fetch manifest @tailwindcss/oxide-android-arm64@4.1.18
920 silly packumentCache full:https://registry.npmjs.org/@tailwindcss%2foxide-android-arm64 cache-miss
921 http fetch GET 200 https://registry.npmjs.org/magic-string 46ms (cache miss)
922 silly packumentCache full:https://registry.npmjs.org/magic-string set size:undefined disposed:false
923 silly fetch manifest @tailwindcss/oxide-linux-x64-gnu@4.1.18
924 silly packumentCache full:https://registry.npmjs.org/@tailwindcss%2foxide-linux-x64-gnu cache-miss
925 http fetch GET 200 https://registry.npmjs.org/source-map-js 57ms (cache miss)
926 silly packumentCache full:https://registry.npmjs.org/source-map-js set size:undefined disposed:false
927 silly fetch manifest @tailwindcss/oxide-linux-x64-musl@4.1.18
928 silly packumentCache full:https://registry.npmjs.org/@tailwindcss%2foxide-linux-x64-musl cache-miss
929 http fetch GET 200 https://registry.npmjs.org/@jridgewell%2fremapping 75ms (cache miss)
930 silly packumentCache full:https://registry.npmjs.org/@jridgewell%2fremapping set size:undefined disposed:false
931 silly fetch manifest @tailwindcss/oxide-win32-x64-msvc@4.1.18
932 silly packumentCache full:https://registry.npmjs.org/@tailwindcss%2foxide-win32-x64-msvc cache-miss
933 http fetch GET 200 https://registry.npmjs.org/enhanced-resolve 106ms (cache miss)
934 silly packumentCache full:https://registry.npmjs.org/enhanced-resolve set size:undefined disposed:false
935 silly fetch manifest @tailwindcss/oxide-linux-arm64-gnu@4.1.18
936 silly packumentCache full:https://registry.npmjs.org/@tailwindcss%2foxide-linux-arm64-gnu cache-miss
937 http fetch GET 200 https://registry.npmjs.org/@tailwindcss%2foxide-wasm32-wasi 117ms (cache miss)
938 silly packumentCache full:https://registry.npmjs.org/@tailwindcss%2foxide-wasm32-wasi set size:undefined disposed:false
939 silly fetch manifest @tailwindcss/oxide-linux-arm64-musl@4.1.18
940 silly packumentCache full:https://registry.npmjs.org/@tailwindcss%2foxide-linux-arm64-musl cache-miss
941 http fetch GET 200 https://registry.npmjs.org/@tailwindcss%2foxide-android-arm64 122ms (cache miss)
942 silly packumentCache full:https://registry.npmjs.org/@tailwindcss%2foxide-android-arm64 set size:undefined disposed:false
943 silly fetch manifest @tailwindcss/oxide-win32-arm64-msvc@4.1.18
944 silly packumentCache full:https://registry.npmjs.org/@tailwindcss%2foxide-win32-arm64-msvc cache-miss
945 http fetch GET 200 https://registry.npmjs.org/@tailwindcss%2foxide-darwin-x64 137ms (cache miss)
946 silly packumentCache full:https://registry.npmjs.org/@tailwindcss%2foxide-darwin-x64 set size:undefined disposed:false
947 silly fetch manifest @tailwindcss/oxide-linux-arm-gnueabihf@4.1.18
948 silly packumentCache full:https://registry.npmjs.org/@tailwindcss%2foxide-linux-arm-gnueabihf cache-miss
949 http fetch GET 200 https://registry.npmjs.org/@tailwindcss%2foxide-freebsd-x64 163ms (cache miss)
950 silly packumentCache full:https://registry.npmjs.org/@tailwindcss%2foxide-freebsd-x64 set size:undefined disposed:false
951 silly fetch manifest nanoid@^3.3.11
952 silly packumentCache full:https://registry.npmjs.org/nanoid cache-miss
953 http fetch GET 200 https://registry.npmjs.org/@tailwindcss%2foxide-darwin-arm64 186ms (cache miss)
954 silly packumentCache full:https://registry.npmjs.org/@tailwindcss%2foxide-darwin-arm64 set size:undefined disposed:false
955 http fetch GET 200 https://registry.npmjs.org/@tailwindcss%2foxide-linux-x64-musl 151ms (cache miss)
956 silly packumentCache full:https://registry.npmjs.org/@tailwindcss%2foxide-linux-x64-musl set size:undefined disposed:false
957 http fetch GET 200 https://registry.npmjs.org/@tailwindcss%2foxide-linux-x64-gnu 170ms (cache miss)
958 silly packumentCache full:https://registry.npmjs.org/@tailwindcss%2foxide-linux-x64-gnu set size:undefined disposed:false
959 http fetch GET 200 https://registry.npmjs.org/@tailwindcss%2foxide-win32-x64-msvc 154ms (cache miss)
960 silly packumentCache full:https://registry.npmjs.org/@tailwindcss%2foxide-win32-x64-msvc set size:undefined disposed:false
961 http fetch GET 200 https://registry.npmjs.org/nanoid 69ms (cache miss)
962 silly packumentCache full:https://registry.npmjs.org/nanoid set size:undefined disposed:false
963 http fetch GET 200 https://registry.npmjs.org/@tailwindcss%2foxide-linux-arm64-gnu 136ms (cache miss)
964 silly packumentCache full:https://registry.npmjs.org/@tailwindcss%2foxide-linux-arm64-gnu set size:undefined disposed:false
965 http fetch GET 200 https://registry.npmjs.org/@tailwindcss%2foxide-linux-arm64-musl 146ms (cache miss)
966 silly packumentCache full:https://registry.npmjs.org/@tailwindcss%2foxide-linux-arm64-musl set size:undefined disposed:false
967 http fetch GET 200 https://registry.npmjs.org/@tailwindcss%2foxide-linux-arm-gnueabihf 147ms (cache miss)
968 silly packumentCache full:https://registry.npmjs.org/@tailwindcss%2foxide-linux-arm-gnueabihf set size:undefined disposed:false
969 http fetch GET 200 https://registry.npmjs.org/@tailwindcss%2foxide-win32-arm64-msvc 169ms (cache miss)
970 silly packumentCache full:https://registry.npmjs.org/@tailwindcss%2foxide-win32-arm64-msvc set size:undefined disposed:false
971 silly placeDep ROOT @jridgewell/remapping@2.3.5 OK for: @tailwindcss/node@4.1.18 want: ^2.3.4
972 silly placeDep ROOT enhanced-resolve@5.19.0 OK for: @tailwindcss/node@4.1.18 want: ^5.18.3
973 silly placeDep ROOT jiti@2.6.1 OK for: @tailwindcss/node@4.1.18 want: ^2.6.1
974 silly placeDep ROOT lightningcss@1.30.2 OK for: @tailwindcss/node@4.1.18 want: 1.30.2
975 silly placeDep ROOT magic-string@0.30.21 OK for: @tailwindcss/node@4.1.18 want: ^0.30.21
976 silly placeDep ROOT source-map-js@1.2.1 OK for: @tailwindcss/node@4.1.18 want: ^1.2.1
977 silly fetch manifest @jridgewell/gen-mapping@^0.3.5
978 silly packumentCache full:https://registry.npmjs.org/@jridgewell%2fgen-mapping cache-miss
979 silly fetch manifest @jridgewell/trace-mapping@^0.3.24
980 silly packumentCache full:https://registry.npmjs.org/@jridgewell%2ftrace-mapping cache-miss
981 silly fetch manifest graceful-fs@^4.2.4
982 silly packumentCache full:https://registry.npmjs.org/graceful-fs cache-miss
983 silly fetch manifest tapable@^2.3.0
984 silly packumentCache full:https://registry.npmjs.org/tapable cache-miss
985 silly fetch manifest detect-libc@^2.0.3
986 silly packumentCache full:https://registry.npmjs.org/detect-libc cache-miss
987 silly fetch manifest lightningcss-darwin-x64@1.30.2
988 silly packumentCache full:https://registry.npmjs.org/lightningcss-darwin-x64 cache-miss
989 silly fetch manifest lightningcss-freebsd-x64@1.30.2
990 silly packumentCache full:https://registry.npmjs.org/lightningcss-freebsd-x64 cache-miss
991 silly fetch manifest lightningcss-darwin-arm64@1.30.2
992 silly packumentCache full:https://registry.npmjs.org/lightningcss-darwin-arm64 cache-miss
993 silly fetch manifest lightningcss-android-arm64@1.30.2
994 silly packumentCache full:https://registry.npmjs.org/lightningcss-android-arm64 cache-miss
995 http cache https://registry.npmjs.org/detect-libc 4ms (cache hit)
996 silly packumentCache full:https://registry.npmjs.org/detect-libc set size:47861 disposed:false
997 silly fetch manifest lightningcss-linux-x64-gnu@1.30.2
998 silly packumentCache full:https://registry.npmjs.org/lightningcss-linux-x64-gnu cache-miss
999 http fetch GET 200 https://registry.npmjs.org/lightningcss-android-arm64 49ms (cache miss)
1000 silly packumentCache full:https://registry.npmjs.org/lightningcss-android-arm64 set size:undefined disposed:false
1001 silly fetch manifest lightningcss-linux-x64-musl@1.30.2
1002 silly packumentCache full:https://registry.npmjs.org/lightningcss-linux-x64-musl cache-miss
1003 http fetch GET 200 https://registry.npmjs.org/tapable 63ms (cache miss)
1004 silly packumentCache full:https://registry.npmjs.org/tapable set size:undefined disposed:false
1005 silly fetch manifest lightningcss-win32-x64-msvc@1.30.2
1006 silly packumentCache full:https://registry.npmjs.org/lightningcss-win32-x64-msvc cache-miss
1007 http fetch GET 200 https://registry.npmjs.org/graceful-fs 65ms (cache miss)
1008 silly packumentCache full:https://registry.npmjs.org/graceful-fs set size:undefined disposed:false
1009 silly fetch manifest lightningcss-linux-arm64-gnu@1.30.2
1010 silly packumentCache full:https://registry.npmjs.org/lightningcss-linux-arm64-gnu cache-miss
1011 http fetch GET 200 https://registry.npmjs.org/lightningcss-darwin-x64 67ms (cache miss)
1012 silly packumentCache full:https://registry.npmjs.org/lightningcss-darwin-x64 set size:undefined disposed:false
1013 silly fetch manifest lightningcss-linux-arm64-musl@1.30.2
1014 silly packumentCache full:https://registry.npmjs.org/lightningcss-linux-arm64-musl cache-miss
1015 http fetch GET 200 https://registry.npmjs.org/lightningcss-freebsd-x64 72ms (cache miss)
1016 silly packumentCache full:https://registry.npmjs.org/lightningcss-freebsd-x64 set size:undefined disposed:false
1017 silly fetch manifest lightningcss-win32-arm64-msvc@1.30.2
1018 silly packumentCache full:https://registry.npmjs.org/lightningcss-win32-arm64-msvc cache-miss
1019 http fetch GET 200 https://registry.npmjs.org/lightningcss-darwin-arm64 73ms (cache miss)
1020 silly packumentCache full:https://registry.npmjs.org/lightningcss-darwin-arm64 set size:undefined disposed:false
1021 silly fetch manifest lightningcss-linux-arm-gnueabihf@1.30.2
1022 silly packumentCache full:https://registry.npmjs.org/lightningcss-linux-arm-gnueabihf cache-miss
1023 http fetch GET 200 https://registry.npmjs.org/@jridgewell%2fgen-mapping 75ms (cache miss)
1024 silly packumentCache full:https://registry.npmjs.org/@jridgewell%2fgen-mapping set size:undefined disposed:false
1025 silly fetch manifest @jridgewell/sourcemap-codec@^1.5.5
1026 silly packumentCache full:https://registry.npmjs.org/@jridgewell%2fsourcemap-codec cache-miss
1027 http fetch GET 200 https://registry.npmjs.org/lightningcss-linux-x64-gnu 86ms (cache miss)
1028 silly packumentCache full:https://registry.npmjs.org/lightningcss-linux-x64-gnu set size:undefined disposed:false
1029 http fetch GET 200 https://registry.npmjs.org/@jridgewell%2ftrace-mapping 91ms (cache miss)
1030 silly packumentCache full:https://registry.npmjs.org/@jridgewell%2ftrace-mapping set size:undefined disposed:false
1031 http fetch GET 200 https://registry.npmjs.org/lightningcss-linux-x64-musl 44ms (cache miss)
1032 silly packumentCache full:https://registry.npmjs.org/lightningcss-linux-x64-musl set size:undefined disposed:false
1033 http fetch GET 200 https://registry.npmjs.org/lightningcss-win32-x64-msvc 45ms (cache miss)
1034 silly packumentCache full:https://registry.npmjs.org/lightningcss-win32-x64-msvc set size:undefined disposed:false
1035 http fetch GET 200 https://registry.npmjs.org/lightningcss-linux-arm64-gnu 48ms (cache miss)
1036 silly packumentCache full:https://registry.npmjs.org/lightningcss-linux-arm64-gnu set size:undefined disposed:false
1037 http fetch GET 200 https://registry.npmjs.org/lightningcss-linux-arm64-musl 51ms (cache miss)
1038 silly packumentCache full:https://registry.npmjs.org/lightningcss-linux-arm64-musl set size:undefined disposed:false
1039 http fetch GET 200 https://registry.npmjs.org/lightningcss-win32-arm64-msvc 51ms (cache miss)
1040 silly packumentCache full:https://registry.npmjs.org/lightningcss-win32-arm64-msvc set size:undefined disposed:false
1041 http fetch GET 200 https://registry.npmjs.org/lightningcss-linux-arm-gnueabihf 59ms (cache miss)
1042 silly packumentCache full:https://registry.npmjs.org/lightningcss-linux-arm-gnueabihf set size:undefined disposed:false
1043 http fetch GET 200 https://registry.npmjs.org/@jridgewell%2fsourcemap-codec 84ms (cache miss)
1044 silly packumentCache full:https://registry.npmjs.org/@jridgewell%2fsourcemap-codec set size:undefined disposed:false
1045 silly placeDep ROOT @jridgewell/gen-mapping@0.3.13 OK for: @jridgewell/remapping@2.3.5 want: ^0.3.5
1046 silly placeDep ROOT @jridgewell/trace-mapping@0.3.31 OK for: @jridgewell/remapping@2.3.5 want: ^0.3.24
1047 silly fetch manifest @jridgewell/sourcemap-codec@^1.5.0
1048 silly packumentCache full:https://registry.npmjs.org/@jridgewell%2fsourcemap-codec cache-miss
1049 silly fetch manifest @jridgewell/resolve-uri@^3.1.0
1050 silly packumentCache full:https://registry.npmjs.org/@jridgewell%2fresolve-uri cache-miss
1051 silly fetch manifest @jridgewell/sourcemap-codec@^1.4.14
1052 silly packumentCache full:https://registry.npmjs.org/@jridgewell%2fsourcemap-codec cache-miss
1053 http cache https://registry.npmjs.org/@jridgewell%2fsourcemap-codec 2ms (cache hit)
1054 silly packumentCache full:https://registry.npmjs.org/@jridgewell%2fsourcemap-codec set size:59275 disposed:false
1055 http cache https://registry.npmjs.org/@jridgewell%2fsourcemap-codec 2ms (cache hit)
1056 silly packumentCache full:https://registry.npmjs.org/@jridgewell%2fsourcemap-codec set size:59275 disposed:false
1057 silly packumentCache full:https://registry.npmjs.org/@jridgewell%2fsourcemap-codec dispose
1058 http fetch GET 200 https://registry.npmjs.org/@jridgewell%2fresolve-uri 142ms (cache miss)
1059 silly packumentCache full:https://registry.npmjs.org/@jridgewell%2fresolve-uri set size:undefined disposed:false
1060 silly placeDep ROOT @jridgewell/sourcemap-codec@1.5.5 OK for: @jridgewell/gen-mapping@0.3.13 want: ^1.5.0
1061 silly placeDep ROOT @jridgewell/resolve-uri@3.1.2 OK for: @jridgewell/trace-mapping@0.3.31 want: ^3.1.0
1062 silly placeDep ROOT @tailwindcss/oxide-android-arm64@4.1.18 OK for: @tailwindcss/oxide@4.1.18 want: 4.1.18
1063 silly placeDep ROOT @tailwindcss/oxide-darwin-arm64@4.1.18 OK for: @tailwindcss/oxide@4.1.18 want: 4.1.18
1064 silly placeDep ROOT @tailwindcss/oxide-darwin-x64@4.1.18 OK for: @tailwindcss/oxide@4.1.18 want: 4.1.18
1065 silly placeDep ROOT @tailwindcss/oxide-freebsd-x64@4.1.18 OK for: @tailwindcss/oxide@4.1.18 want: 4.1.18
1066 silly placeDep ROOT @tailwindcss/oxide-linux-arm-gnueabihf@4.1.18 OK for: @tailwindcss/oxide@4.1.18 want: 4.1.18
1067 silly placeDep ROOT @tailwindcss/oxide-linux-arm64-gnu@4.1.18 OK for: @tailwindcss/oxide@4.1.18 want: 4.1.18
1068 silly placeDep ROOT @tailwindcss/oxide-linux-arm64-musl@4.1.18 OK for: @tailwindcss/oxide@4.1.18 want: 4.1.18
1069 silly placeDep ROOT @tailwindcss/oxide-linux-x64-gnu@4.1.18 OK for: @tailwindcss/oxide@4.1.18 want: 4.1.18
1070 silly placeDep ROOT @tailwindcss/oxide-linux-x64-musl@4.1.18 OK for: @tailwindcss/oxide@4.1.18 want: 4.1.18
1071 silly placeDep ROOT @tailwindcss/oxide-wasm32-wasi@4.1.18 OK for: @tailwindcss/oxide@4.1.18 want: 4.1.18
1072 silly placeDep ROOT @tailwindcss/oxide-win32-arm64-msvc@4.1.18 OK for: @tailwindcss/oxide@4.1.18 want: 4.1.18
1073 silly placeDep ROOT @tailwindcss/oxide-win32-x64-msvc@4.1.18 OK for: @tailwindcss/oxide@4.1.18 want: 4.1.18
1074 silly placeDep ROOT undici-types@6.21.0 OK for: @types/node@20.19.32 want: ~6.21.0
1075 silly placeDep ROOT pg-protocol@1.11.0 OK for: @types/pg@8.16.0 want: *
1076 silly placeDep ROOT pg-types@2.2.0 OK for: @types/pg@8.16.0 want: ^2.2.0
1077 silly fetch manifest pg-int8@1.0.1
1078 silly packumentCache full:https://registry.npmjs.org/pg-int8 cache-miss
1079 silly fetch manifest postgres-date@~1.0.4
1080 silly packumentCache full:https://registry.npmjs.org/postgres-date cache-miss
1081 silly fetch manifest postgres-array@~2.0.0
1082 silly packumentCache full:https://registry.npmjs.org/postgres-array cache-miss
1083 silly fetch manifest postgres-bytea@~1.0.0
1084 silly packumentCache full:https://registry.npmjs.org/postgres-bytea cache-miss
1085 silly fetch manifest postgres-interval@^1.1.0
1086 silly packumentCache full:https://registry.npmjs.org/postgres-interval cache-miss
1087 http fetch GET 200 https://registry.npmjs.org/pg-int8 34ms (cache miss)
1088 silly packumentCache full:https://registry.npmjs.org/pg-int8 set size:undefined disposed:false
1089 http fetch GET 200 https://registry.npmjs.org/postgres-array 41ms (cache miss)
1090 silly packumentCache full:https://registry.npmjs.org/postgres-array set size:undefined disposed:false
1091 http fetch GET 200 https://registry.npmjs.org/postgres-bytea 43ms (cache miss)
1092 silly packumentCache full:https://registry.npmjs.org/postgres-bytea set size:undefined disposed:false
1093 http fetch GET 200 https://registry.npmjs.org/postgres-date 55ms (cache miss)
1094 silly packumentCache full:https://registry.npmjs.org/postgres-date set size:undefined disposed:false
1095 http fetch GET 200 https://registry.npmjs.org/postgres-interval 69ms (cache miss)
1096 silly packumentCache full:https://registry.npmjs.org/postgres-interval set size:undefined disposed:false
1097 silly placeDep ROOT csstype@3.2.3 OK for: @types/react@19.2.13 want: ^3.2.2
1098 silly placeDep ROOT @neondatabase/serverless@0.9.5 OK for: @vercel/postgres@0.10.0 want: ^0.9.3
1099 silly placeDep ROOT bufferutil@4.1.0 OK for: @vercel/postgres@0.10.0 want: ^4.0.8
1100 silly fetch manifest @types/pg@8.11.6
1101 silly packumentCache full:https://registry.npmjs.org/@types%2fpg cache-miss
1102 silly fetch manifest node-gyp-build@^4.3.0
1103 silly packumentCache full:https://registry.npmjs.org/node-gyp-build cache-miss
1104 http cache https://registry.npmjs.org/@types%2fpg 2ms (cache hit)
1105 silly packumentCache full:https://registry.npmjs.org/@types%2fpg set size:191651 disposed:false
1106 http fetch GET 200 https://registry.npmjs.org/node-gyp-build 38ms (cache miss)
1107 silly packumentCache full:https://registry.npmjs.org/node-gyp-build set size:undefined disposed:false
1108 silly placeDep node_modules/@neondatabase/serverless @types/pg@8.11.6 OK for: @neondatabase/serverless@0.9.5 want: 8.11.6
1109 silly fetch manifest pg-types@^4.0.1
1110 silly packumentCache full:https://registry.npmjs.org/pg-types cache-hit
1111 silly placeDep ROOT node-gyp-build@4.8.4 OK for: bufferutil@4.1.0 want: ^4.3.0
1112 silly placeDep ROOT graceful-fs@4.2.11 OK for: enhanced-resolve@5.19.0 want: ^4.2.4
1113 silly placeDep ROOT tapable@2.3.0 OK for: enhanced-resolve@5.19.0 want: ^2.3.0
1114 silly fetch manifest eslint@^6.0.0 || ^7.0.0 || >=8.0.0
1115 silly packumentCache full:https://registry.npmjs.org/eslint cache-miss
1116 http cache https://registry.npmjs.org/eslint 8ms (cache hit)
1117 silly packumentCache full:https://registry.npmjs.org/eslint set size:1900626 disposed:false
1118 silly placeDep ROOT @eslint-community/eslint-utils@4.9.1 OK for: eslint@9.39.2 want: ^4.8.0
1119 silly placeDep ROOT @eslint-community/regexpp@4.12.2 OK for: eslint@9.39.2 want: ^4.12.1
1120 silly placeDep ROOT @eslint/config-array@0.21.1 OK for: eslint@9.39.2 want: ^0.21.1
1121 silly placeDep ROOT @eslint/config-helpers@0.4.2 OK for: eslint@9.39.2 want: ^0.4.2
1122 silly placeDep ROOT @eslint/core@0.17.0 OK for: eslint@9.39.2 want: ^0.17.0
1123 silly placeDep ROOT @eslint/eslintrc@3.3.3 OK for: eslint@9.39.2 want: ^3.3.1
1124 silly placeDep ROOT @eslint/js@9.39.2 OK for: eslint@9.39.2 want: 9.39.2
1125 silly placeDep ROOT @eslint/plugin-kit@0.4.1 OK for: eslint@9.39.2 want: ^0.4.1
1126 silly placeDep ROOT @humanfs/node@0.16.7 OK for: eslint@9.39.2 want: ^0.16.6
1127 silly placeDep ROOT @humanwhocodes/module-importer@1.0.1 OK for: eslint@9.39.2 want: ^1.0.1
1128 silly placeDep ROOT @humanwhocodes/retry@0.4.3 OK for: eslint@9.39.2 want: ^0.4.2
1129 silly placeDep ROOT @types/estree@1.0.8 OK for: eslint@9.39.2 want: ^1.0.6
1130 silly placeDep ROOT ajv@6.12.6 OK for: eslint@9.39.2 want: ^6.12.4
1131 silly placeDep ROOT chalk@4.1.2 OK for: eslint@9.39.2 want: ^4.0.0
1132 silly placeDep ROOT cross-spawn@7.0.6 OK for: eslint@9.39.2 want: ^7.0.6
1133 silly placeDep ROOT debug@4.4.3 OK for: eslint@9.39.2 want: ^4.3.2
1134 silly placeDep ROOT escape-string-regexp@4.0.0 OK for: eslint@9.39.2 want: ^4.0.0
1135 silly placeDep ROOT eslint-scope@8.4.0 OK for: eslint@9.39.2 want: ^8.4.0
1136 silly placeDep ROOT eslint-visitor-keys@4.2.1 OK for: eslint@9.39.2 want: ^4.2.1
1137 silly placeDep ROOT espree@10.4.0 OK for: eslint@9.39.2 want: ^10.4.0
1138 silly placeDep ROOT esquery@1.7.0 OK for: eslint@9.39.2 want: ^1.5.0
1139 silly placeDep ROOT esutils@2.0.3 OK for: eslint@9.39.2 want: ^2.0.2
1140 silly placeDep ROOT fast-deep-equal@3.1.3 OK for: eslint@9.39.2 want: ^3.1.3
1141 silly placeDep ROOT file-entry-cache@8.0.0 OK for: eslint@9.39.2 want: ^8.0.0
1142 silly placeDep ROOT find-up@5.0.0 OK for: eslint@9.39.2 want: ^5.0.0
1143 silly placeDep ROOT glob-parent@6.0.2 OK for: eslint@9.39.2 want: ^6.0.2
1144 silly placeDep ROOT ignore@5.3.2 OK for: eslint@9.39.2 want: ^5.2.0
1145 silly placeDep ROOT imurmurhash@0.1.4 OK for: eslint@9.39.2 want: ^0.1.4
1146 silly placeDep ROOT is-glob@4.0.3 OK for: eslint@9.39.2 want: ^4.0.0
1147 silly placeDep ROOT json-stable-stringify-without-jsonify@1.0.1 OK for: eslint@9.39.2 want: ^1.0.1
1148 silly placeDep ROOT lodash.merge@4.6.2 OK for: eslint@9.39.2 want: ^4.6.2
1149 silly placeDep ROOT minimatch@3.1.2 OK for: eslint@9.39.2 want: ^3.1.2
1150 silly placeDep ROOT natural-compare@1.4.0 OK for: eslint@9.39.2 want: ^1.4.0
1151 silly placeDep ROOT optionator@0.9.4 OK for: eslint@9.39.2 want: ^0.9.3
1152 silly fetch manifest eslint-visitor-keys@^3.4.3
1153 silly packumentCache full:https://registry.npmjs.org/eslint-visitor-keys cache-miss
1154 silly fetch manifest debug@^4.3.1
1155 silly packumentCache full:https://registry.npmjs.org/debug cache-miss
1156 silly fetch manifest @eslint/object-schema@^2.1.7
1157 silly packumentCache full:https://registry.npmjs.org/@eslint%2fobject-schema cache-miss
1158 silly fetch manifest @types/json-schema@^7.0.15
1159 silly packumentCache full:https://registry.npmjs.org/@types%2fjson-schema cache-miss
1160 silly fetch manifest espree@^10.0.1
1161 silly packumentCache full:https://registry.npmjs.org/espree cache-miss
1162 silly fetch manifest globals@^14.0.0
1163 silly packumentCache full:https://registry.npmjs.org/globals cache-miss
1164 silly fetch manifest import-fresh@^3.2.1
1165 silly packumentCache full:https://registry.npmjs.org/import-fresh cache-miss
1166 silly fetch manifest js-yaml@^4.1.1
1167 silly packumentCache full:https://registry.npmjs.org/js-yaml cache-miss
1168 silly fetch manifest strip-json-comments@^3.1.1
1169 silly packumentCache full:https://registry.npmjs.org/strip-json-comments cache-miss
1170 http cache https://registry.npmjs.org/eslint-visitor-keys 5ms (cache hit)
1171 silly packumentCache full:https://registry.npmjs.org/eslint-visitor-keys set size:67352 disposed:false
1172 silly fetch manifest levn@^0.4.1
1173 silly packumentCache full:https://registry.npmjs.org/levn cache-miss
1174 http cache https://registry.npmjs.org/debug 5ms (cache hit)
1175 silly packumentCache full:https://registry.npmjs.org/debug set size:195840 disposed:false
1176 silly fetch manifest @humanwhocodes/retry@^0.4.0
1177 silly packumentCache full:https://registry.npmjs.org/@humanwhocodes%2fretry cache-miss
1178 http cache https://registry.npmjs.org/globals 6ms (cache hit)
1179 silly packumentCache full:https://registry.npmjs.org/globals set size:304921 disposed:false
1180 silly fetch manifest @humanfs/core@^0.19.1
1181 silly packumentCache full:https://registry.npmjs.org/@humanfs%2fcore cache-miss
1182 http cache https://registry.npmjs.org/espree 9ms (cache hit)
1183 silly packumentCache full:https://registry.npmjs.org/espree set size:320553 disposed:false
1184 silly fetch manifest uri-js@^4.2.2
1185 silly packumentCache full:https://registry.npmjs.org/uri-js cache-miss
1186 http cache https://registry.npmjs.org/@humanwhocodes%2fretry 6ms (cache hit)
1187 silly packumentCache full:https://registry.npmjs.org/@humanwhocodes%2fretry set size:42348 disposed:false
1188 silly fetch manifest fast-deep-equal@^3.1.1
1189 silly packumentCache full:https://registry.npmjs.org/fast-deep-equal cache-miss
1190 http cache https://registry.npmjs.org/fast-deep-equal 1ms (cache hit)
1191 silly packumentCache full:https://registry.npmjs.org/fast-deep-equal set size:48634 disposed:false
1192 silly fetch manifest json-schema-traverse@^0.4.1
1193 silly packumentCache full:https://registry.npmjs.org/json-schema-traverse cache-miss
1194 http fetch GET 200 https://registry.npmjs.org/strip-json-comments 57ms (cache miss)
1195 silly packumentCache full:https://registry.npmjs.org/strip-json-comments set size:undefined disposed:false
1196 silly fetch manifest fast-json-stable-stringify@^2.0.0
1197 silly packumentCache full:https://registry.npmjs.org/fast-json-stable-stringify cache-miss
1198 http fetch GET 200 https://registry.npmjs.org/uri-js 49ms (cache miss)
1199 silly packumentCache full:https://registry.npmjs.org/uri-js set size:undefined disposed:false
1200 silly fetch manifest ansi-styles@^4.1.0
1201 silly packumentCache full:https://registry.npmjs.org/ansi-styles cache-miss
1202 http fetch GET 200 https://registry.npmjs.org/js-yaml 61ms (cache miss)
1203 silly packumentCache full:https://registry.npmjs.org/js-yaml set size:undefined disposed:false
1204 silly fetch manifest supports-color@^7.1.0
1205 silly packumentCache full:https://registry.npmjs.org/supports-color cache-miss
1206 http fetch GET 200 https://registry.npmjs.org/json-schema-traverse 49ms (cache miss)
1207 silly packumentCache full:https://registry.npmjs.org/json-schema-traverse set size:undefined disposed:false
1208 silly fetch manifest which@^2.0.1
1209 silly packumentCache full:https://registry.npmjs.org/which cache-miss
1210 http fetch GET 200 https://registry.npmjs.org/import-fresh 64ms (cache miss)
1211 silly packumentCache full:https://registry.npmjs.org/import-fresh set size:undefined disposed:false
1212 silly fetch manifest path-key@^3.1.0
1213 silly packumentCache full:https://registry.npmjs.org/path-key cache-miss
1214 http fetch GET 200 https://registry.npmjs.org/levn 62ms (cache miss)
1215 silly packumentCache full:https://registry.npmjs.org/levn set size:undefined disposed:false
1216 silly fetch manifest shebang-command@^2.0.0
1217 silly packumentCache full:https://registry.npmjs.org/shebang-command cache-miss
1218 http fetch GET 200 https://registry.npmjs.org/@humanfs%2fcore 58ms (cache miss)
1219 silly packumentCache full:https://registry.npmjs.org/@humanfs%2fcore set size:undefined disposed:false
1220 silly fetch manifest ms@^2.1.3
1221 silly packumentCache full:https://registry.npmjs.org/ms cache-miss
1222 http fetch GET 200 https://registry.npmjs.org/@types%2fjson-schema 72ms (cache miss)
1223 silly packumentCache full:https://registry.npmjs.org/@types%2fjson-schema set size:undefined disposed:false
1224 silly fetch manifest esrecurse@^4.3.0
1225 silly packumentCache full:https://registry.npmjs.org/esrecurse cache-miss
1226 http fetch GET 200 https://registry.npmjs.org/@eslint%2fobject-schema 74ms (cache miss)
1227 silly packumentCache full:https://registry.npmjs.org/@eslint%2fobject-schema set size:undefined disposed:false
1228 silly fetch manifest estraverse@^5.2.0
1229 silly packumentCache full:https://registry.npmjs.org/estraverse cache-miss
1230 http fetch GET 200 https://registry.npmjs.org/fast-json-stable-stringify 44ms (cache miss)
1231 silly packumentCache full:https://registry.npmjs.org/fast-json-stable-stringify set size:undefined disposed:false
1232 silly fetch manifest acorn@^8.15.0
1233 silly packumentCache full:https://registry.npmjs.org/acorn cache-miss
1234 http fetch GET 200 https://registry.npmjs.org/ansi-styles 43ms (cache miss)
1235 silly packumentCache full:https://registry.npmjs.org/ansi-styles set size:undefined disposed:false
1236 silly fetch manifest acorn-jsx@^5.3.2
1237 silly packumentCache full:https://registry.npmjs.org/acorn-jsx cache-miss
1238 http fetch GET 200 https://registry.npmjs.org/supports-color 49ms (cache miss)
1239 silly packumentCache full:https://registry.npmjs.org/supports-color set size:undefined disposed:false
1240 silly fetch manifest estraverse@^5.1.0
1241 silly packumentCache full:https://registry.npmjs.org/estraverse cache-miss
1242 http fetch GET 200 https://registry.npmjs.org/which 50ms (cache miss)
1243 silly packumentCache full:https://registry.npmjs.org/which set size:undefined disposed:false
1244 silly fetch manifest flat-cache@^4.0.0
1245 silly packumentCache full:https://registry.npmjs.org/flat-cache cache-miss
1246 http fetch GET 200 https://registry.npmjs.org/ms 52ms (cache miss)
1247 silly packumentCache full:https://registry.npmjs.org/ms set size:undefined disposed:false
1248 silly fetch manifest locate-path@^6.0.0
1249 silly packumentCache full:https://registry.npmjs.org/locate-path cache-miss
1250 http fetch GET 200 https://registry.npmjs.org/path-key 56ms (cache miss)
1251 silly packumentCache full:https://registry.npmjs.org/path-key set size:undefined disposed:false
1252 silly fetch manifest path-exists@^4.0.0
1253 silly packumentCache full:https://registry.npmjs.org/path-exists cache-miss
1254 http fetch GET 200 https://registry.npmjs.org/shebang-command 57ms (cache miss)
1255 silly packumentCache full:https://registry.npmjs.org/shebang-command set size:undefined disposed:false
1256 silly fetch manifest is-glob@^4.0.3
1257 silly packumentCache full:https://registry.npmjs.org/is-glob cache-miss
1258 http cache https://registry.npmjs.org/is-glob 1ms (cache hit)
1259 silly packumentCache full:https://registry.npmjs.org/is-glob set size:40530 disposed:false
1260 silly fetch manifest is-extglob@^2.1.1
1261 silly packumentCache full:https://registry.npmjs.org/is-extglob cache-miss
1262 http fetch GET 200 https://registry.npmjs.org/estraverse 51ms (cache miss)
1263 silly packumentCache full:https://registry.npmjs.org/estraverse set size:undefined disposed:false
1264 silly fetch manifest brace-expansion@^1.1.7
1265 silly packumentCache full:https://registry.npmjs.org/brace-expansion cache-miss
1266 http fetch GET 200 https://registry.npmjs.org/esrecurse 56ms (cache miss)
1267 silly packumentCache full:https://registry.npmjs.org/esrecurse set size:undefined disposed:false
1268 silly fetch manifest prelude-ls@^1.2.1
1269 silly packumentCache full:https://registry.npmjs.org/prelude-ls cache-miss
1270 http fetch GET 200 https://registry.npmjs.org/acorn 47ms (cache miss)
1271 silly packumentCache full:https://registry.npmjs.org/acorn set size:undefined disposed:false
1272 silly fetch manifest deep-is@^0.1.3
1273 silly packumentCache full:https://registry.npmjs.org/deep-is cache-miss
1274 http fetch GET 200 https://registry.npmjs.org/estraverse 49ms (cache miss)
1275 silly packumentCache full:https://registry.npmjs.org/estraverse set size:undefined disposed:false
1276 silly fetch manifest word-wrap@^1.2.5
1277 silly packumentCache full:https://registry.npmjs.org/word-wrap cache-miss
1278 http fetch GET 200 https://registry.npmjs.org/locate-path 44ms (cache miss)
1279 silly packumentCache full:https://registry.npmjs.org/locate-path set size:undefined disposed:false
1280 silly fetch manifest type-check@^0.4.0
1281 silly packumentCache full:https://registry.npmjs.org/type-check cache-miss
1282 http fetch GET 200 https://registry.npmjs.org/flat-cache 55ms (cache miss)
1283 silly packumentCache full:https://registry.npmjs.org/flat-cache set size:undefined disposed:false
1284 silly fetch manifest fast-levenshtein@^2.0.6
1285 silly packumentCache full:https://registry.npmjs.org/fast-levenshtein cache-miss
1286 http fetch GET 200 https://registry.npmjs.org/brace-expansion 56ms (cache miss)
1287 silly packumentCache full:https://registry.npmjs.org/brace-expansion set size:undefined disposed:false
1288 http fetch GET 200 https://registry.npmjs.org/is-extglob 58ms (cache miss)
1289 silly packumentCache full:https://registry.npmjs.org/is-extglob set size:undefined disposed:false
1290 http fetch GET 200 https://registry.npmjs.org/acorn-jsx 94ms (cache miss)
1291 silly packumentCache full:https://registry.npmjs.org/acorn-jsx set size:undefined disposed:false
1292 http fetch GET 200 https://registry.npmjs.org/path-exists 82ms (cache miss)
1293 silly packumentCache full:https://registry.npmjs.org/path-exists set size:undefined disposed:false
1294 http fetch GET 200 https://registry.npmjs.org/deep-is 53ms (cache miss)
1295 silly packumentCache full:https://registry.npmjs.org/deep-is set size:undefined disposed:false
1296 http fetch GET 200 https://registry.npmjs.org/type-check 43ms (cache miss)
1297 silly packumentCache full:https://registry.npmjs.org/type-check set size:undefined disposed:false
1298 http fetch GET 200 https://registry.npmjs.org/prelude-ls 76ms (cache miss)
1299 silly packumentCache full:https://registry.npmjs.org/prelude-ls set size:undefined disposed:false
1300 http fetch GET 200 https://registry.npmjs.org/word-wrap 49ms (cache miss)
1301 silly packumentCache full:https://registry.npmjs.org/word-wrap set size:undefined disposed:false
1302 http fetch GET 200 https://registry.npmjs.org/fast-levenshtein 43ms (cache miss)
1303 silly packumentCache full:https://registry.npmjs.org/fast-levenshtein set size:undefined disposed:false
1304 silly placeDep node_modules/@eslint-community/eslint-utils eslint-visitor-keys@3.4.3 OK for: @eslint-community/eslint-utils@4.9.1 want: ^3.4.3
1305 silly placeDep ROOT @eslint/object-schema@2.1.7 OK for: @eslint/config-array@0.21.1 want: ^2.1.7
1306 silly placeDep ROOT @types/json-schema@7.0.15 OK for: @eslint/core@0.17.0 want: ^7.0.15
1307 silly placeDep ROOT globals@14.0.0 OK for: @eslint/eslintrc@3.3.3 want: ^14.0.0
1308 silly placeDep ROOT import-fresh@3.3.1 OK for: @eslint/eslintrc@3.3.3 want: ^3.2.1
1309 silly placeDep ROOT js-yaml@4.1.1 OK for: @eslint/eslintrc@3.3.3 want: ^4.1.1
1310 silly placeDep ROOT strip-json-comments@3.1.1 OK for: @eslint/eslintrc@3.3.3 want: ^3.1.1
1311 silly fetch manifest parent-module@^1.0.0
1312 silly packumentCache full:https://registry.npmjs.org/parent-module cache-miss
1313 silly fetch manifest resolve-from@^4.0.0
1314 silly packumentCache full:https://registry.npmjs.org/resolve-from cache-miss
1315 silly fetch manifest argparse@^2.0.1
1316 silly packumentCache full:https://registry.npmjs.org/argparse cache-miss
1317 http fetch GET 200 https://registry.npmjs.org/parent-module 51ms (cache miss)
1318 silly packumentCache full:https://registry.npmjs.org/parent-module set size:undefined disposed:false
1319 http fetch GET 200 https://registry.npmjs.org/resolve-from 52ms (cache miss)
1320 silly packumentCache full:https://registry.npmjs.org/resolve-from set size:undefined disposed:false
1321 http fetch GET 200 https://registry.npmjs.org/argparse 84ms (cache miss)
1322 silly packumentCache full:https://registry.npmjs.org/argparse set size:undefined disposed:false
1323 silly placeDep ROOT levn@0.4.1 OK for: @eslint/plugin-kit@0.4.1 want: ^0.4.1
1324 silly fetch manifest type-check@~0.4.0
1325 silly packumentCache full:https://registry.npmjs.org/type-check cache-miss
1326 http cache https://registry.npmjs.org/type-check 1ms (cache hit)
1327 silly packumentCache full:https://registry.npmjs.org/type-check set size:21221 disposed:false
1328 silly placeDep ROOT @humanfs/core@0.19.1 OK for: @humanfs/node@0.16.7 want: ^0.19.1
1329 silly placeDep ROOT fast-json-stable-stringify@2.1.0 OK for: ajv@6.12.6 want: ^2.0.0
1330 silly placeDep ROOT json-schema-traverse@0.4.1 OK for: ajv@6.12.6 want: ^0.4.1
1331 silly placeDep ROOT uri-js@4.4.1 OK for: ajv@6.12.6 want: ^4.2.2
1332 silly fetch manifest punycode@^2.1.0
1333 silly packumentCache full:https://registry.npmjs.org/punycode cache-miss
1334 http fetch GET 200 https://registry.npmjs.org/punycode 44ms (cache miss)
1335 silly packumentCache full:https://registry.npmjs.org/punycode set size:undefined disposed:false
1336 silly placeDep ROOT ansi-styles@4.3.0 OK for: chalk@4.1.2 want: ^4.1.0
1337 silly placeDep ROOT supports-color@7.2.0 OK for: chalk@4.1.2 want: ^7.1.0
1338 silly fetch manifest color-convert@^2.0.1
1339 silly packumentCache full:https://registry.npmjs.org/color-convert cache-miss
1340 silly fetch manifest has-flag@^4.0.0
1341 silly packumentCache full:https://registry.npmjs.org/has-flag cache-miss
1342 http fetch GET 200 https://registry.npmjs.org/color-convert 46ms (cache miss)
1343 silly packumentCache full:https://registry.npmjs.org/color-convert set size:undefined disposed:false
1344 http fetch GET 200 https://registry.npmjs.org/has-flag 66ms (cache miss)
1345 silly packumentCache full:https://registry.npmjs.org/has-flag set size:undefined disposed:false
1346 silly placeDep ROOT color-convert@2.0.1 OK for: ansi-styles@4.3.0 want: ^2.0.1
1347 silly fetch manifest color-name@~1.1.4
1348 silly packumentCache full:https://registry.npmjs.org/color-name cache-miss
1349 http fetch GET 200 https://registry.npmjs.org/color-name 32ms (cache miss)
1350 silly packumentCache full:https://registry.npmjs.org/color-name set size:undefined disposed:false
1351 silly placeDep ROOT color-name@1.1.4 OK for: color-convert@2.0.1 want: ~1.1.4
1352 silly placeDep ROOT path-key@3.1.1 OK for: cross-spawn@7.0.6 want: ^3.1.0
1353 silly placeDep ROOT shebang-command@2.0.0 OK for: cross-spawn@7.0.6 want: ^2.0.0
1354 silly placeDep ROOT which@2.0.2 OK for: cross-spawn@7.0.6 want: ^2.0.1
1355 silly fetch manifest shebang-regex@^3.0.0
1356 silly packumentCache full:https://registry.npmjs.org/shebang-regex cache-miss
1357 silly fetch manifest isexe@^2.0.0
1358 silly packumentCache full:https://registry.npmjs.org/isexe cache-miss
1359 http fetch GET 200 https://registry.npmjs.org/isexe 43ms (cache miss)
1360 silly packumentCache full:https://registry.npmjs.org/isexe set size:undefined disposed:false
1361 http fetch GET 200 https://registry.npmjs.org/shebang-regex 49ms (cache miss)
1362 silly packumentCache full:https://registry.npmjs.org/shebang-regex set size:undefined disposed:false
1363 silly placeDep ROOT ms@2.1.3 OK for: debug@4.4.3 want: ^2.1.3
1364 silly fetch manifest eslint@>=9.0.0
1365 silly packumentCache full:https://registry.npmjs.org/eslint cache-miss
1366 http cache https://registry.npmjs.org/eslint 3ms (cache hit)
1367 silly packumentCache full:https://registry.npmjs.org/eslint set size:1900626 disposed:false
1368 silly fetch manifest typescript@>=3.3.1
1369 silly packumentCache full:https://registry.npmjs.org/typescript cache-miss
1370 http cache https://registry.npmjs.org/typescript 19ms (cache hit)
1371 silly packumentCache full:https://registry.npmjs.org/typescript set size:15212314 disposed:false
1372 silly fetch manifest eslint-plugin-import-x@*
1373 silly packumentCache full:https://registry.npmjs.org/eslint-plugin-import-x cache-miss
1374 http fetch GET 200 https://registry.npmjs.org/eslint-plugin-import-x 60ms (cache miss)
1375 silly packumentCache full:https://registry.npmjs.org/eslint-plugin-import-x set size:undefined disposed:false
1376 silly fetch manifest @typescript-eslint/utils@^8.0.0
1377 silly packumentCache full:https://registry.npmjs.org/@typescript-eslint%2futils cache-miss
1378 http fetch GET 200 https://registry.npmjs.org/@typescript-eslint%2futils 335ms (cache miss)
1379 silly packumentCache full:https://registry.npmjs.org/@typescript-eslint%2futils set size:undefined disposed:false
1380 silly placeDep ROOT @next/eslint-plugin-next@16.0.10 OK for: eslint-config-next@16.0.10 want: 16.0.10
1381 silly placeDep ROOT eslint-import-resolver-node@0.3.9 OK for: eslint-config-next@16.0.10 want: ^0.3.6
1382 silly placeDep ROOT eslint-import-resolver-typescript@3.10.1 OK for: eslint-config-next@16.0.10 want: ^3.5.2
1383 silly placeDep ROOT eslint-plugin-import@2.32.0 OK for: eslint-config-next@16.0.10 want: ^2.32.0
1384 silly placeDep ROOT eslint-plugin-jsx-a11y@6.10.2 OK for: eslint-config-next@16.0.10 want: ^6.10.0
1385 silly placeDep ROOT eslint-plugin-react@7.37.5 OK for: eslint-config-next@16.0.10 want: ^7.37.0
1386 silly placeDep ROOT eslint-plugin-react-hooks@7.0.1 OK for: eslint-config-next@16.0.10 want: ^7.0.0
1387 silly placeDep node_modules/eslint-config-next globals@16.4.0 OK for: eslint-config-next@16.0.10 want: 16.4.0
1388 silly placeDep ROOT typescript-eslint@8.54.0 OK for: eslint-config-next@16.0.10 want: ^8.46.0
1389 silly fetch manifest fast-glob@3.3.1
1390 silly packumentCache full:https://registry.npmjs.org/fast-glob cache-miss
1391 silly fetch manifest debug@^3.2.7
1392 silly packumentCache full:https://registry.npmjs.org/debug cache-hit
1393 silly fetch manifest is-core-module@^2.13.0
1394 silly packumentCache full:https://registry.npmjs.org/is-core-module cache-miss
1395 silly fetch manifest resolve@^1.22.4
1396 silly packumentCache full:https://registry.npmjs.org/resolve cache-miss
1397 silly fetch manifest tinyglobby@^0.2.13
1398 silly packumentCache full:https://registry.npmjs.org/tinyglobby cache-miss
1399 silly fetch manifest stable-hash@^0.0.5
1400 silly packumentCache full:https://registry.npmjs.org/stable-hash cache-miss
1401 silly fetch manifest get-tsconfig@^4.10.0
1402 silly packumentCache full:https://registry.npmjs.org/get-tsconfig cache-miss
1403 silly fetch manifest is-bun-module@^2.0.0
1404 silly packumentCache full:https://registry.npmjs.org/is-bun-module cache-miss
1405 silly fetch manifest unrs-resolver@^1.6.2
1406 silly packumentCache full:https://registry.npmjs.org/unrs-resolver cache-miss
1407 silly fetch manifest @nolyfill/is-core-module@1.0.39
1408 silly packumentCache full:https://registry.npmjs.org/@nolyfill%2fis-core-module cache-miss
1409 http fetch GET 200 https://registry.npmjs.org/fast-glob 46ms (cache miss)
1410 silly packumentCache full:https://registry.npmjs.org/fast-glob set size:undefined disposed:false
1411 silly fetch manifest @rtsao/scc@^1.1.0
1412 silly packumentCache full:https://registry.npmjs.org/@rtsao%2fscc cache-miss
1413 http fetch GET 200 https://registry.npmjs.org/unrs-resolver 51ms (cache miss)
1414 silly packumentCache full:https://registry.npmjs.org/unrs-resolver set size:undefined disposed:false
1415 silly fetch manifest array-includes@^3.1.9
1416 silly packumentCache full:https://registry.npmjs.org/array-includes cache-miss
1417 http fetch GET 200 https://registry.npmjs.org/is-bun-module 56ms (cache miss)
1418 silly packumentCache full:https://registry.npmjs.org/is-bun-module set size:undefined disposed:false
1419 silly fetch manifest array.prototype.findlastindex@^1.2.6
1420 silly packumentCache full:https://registry.npmjs.org/array.prototype.findlastindex cache-miss
1421 http fetch GET 200 https://registry.npmjs.org/resolve 60ms (cache miss)
1422 silly packumentCache full:https://registry.npmjs.org/resolve set size:undefined disposed:false
1423 silly fetch manifest array.prototype.flat@^1.3.3
1424 silly packumentCache full:https://registry.npmjs.org/array.prototype.flat cache-miss
1425 http fetch GET 200 https://registry.npmjs.org/is-core-module 62ms (cache miss)
1426 silly packumentCache full:https://registry.npmjs.org/is-core-module set size:undefined disposed:false
1427 silly fetch manifest array.prototype.flatmap@^1.3.3
1428 silly packumentCache full:https://registry.npmjs.org/array.prototype.flatmap cache-miss
1429 http fetch GET 200 https://registry.npmjs.org/get-tsconfig 64ms (cache miss)
1430 silly packumentCache full:https://registry.npmjs.org/get-tsconfig set size:undefined disposed:false
1431 silly fetch manifest doctrine@^2.1.0
1432 silly packumentCache full:https://registry.npmjs.org/doctrine cache-miss
1433 http fetch GET 200 https://registry.npmjs.org/stable-hash 66ms (cache miss)
1434 silly packumentCache full:https://registry.npmjs.org/stable-hash set size:undefined disposed:false
1435 silly fetch manifest eslint-module-utils@^2.12.1
1436 silly packumentCache full:https://registry.npmjs.org/eslint-module-utils cache-miss
1437 http fetch GET 200 https://registry.npmjs.org/tinyglobby 88ms (cache miss)
1438 silly packumentCache full:https://registry.npmjs.org/tinyglobby set size:undefined disposed:false
1439 silly fetch manifest hasown@^2.0.2
1440 silly packumentCache full:https://registry.npmjs.org/hasown cache-miss
1441 http fetch GET 200 https://registry.npmjs.org/array-includes 48ms (cache miss)
1442 silly packumentCache full:https://registry.npmjs.org/array-includes set size:undefined disposed:false
1443 silly fetch manifest is-core-module@^2.16.1
1444 silly packumentCache full:https://registry.npmjs.org/is-core-module cache-miss
1445 http cache https://registry.npmjs.org/is-core-module 1ms (cache hit)
1446 silly packumentCache full:https://registry.npmjs.org/is-core-module set size:71788 disposed:false
1447 silly fetch manifest object.fromentries@^2.0.8
1448 silly packumentCache full:https://registry.npmjs.org/object.fromentries cache-miss
1449 http fetch GET 200 https://registry.npmjs.org/array.prototype.flatmap 45ms (cache miss)
1450 silly packumentCache full:https://registry.npmjs.org/array.prototype.flatmap set size:undefined disposed:false
1451 silly fetch manifest object.groupby@^1.0.3
1452 silly packumentCache full:https://registry.npmjs.org/object.groupby cache-miss
1453 http fetch GET 200 https://registry.npmjs.org/array.prototype.findlastindex 62ms (cache miss)
1454 silly packumentCache full:https://registry.npmjs.org/array.prototype.findlastindex set size:undefined disposed:false
1455 silly fetch manifest object.values@^1.2.1
1456 silly packumentCache full:https://registry.npmjs.org/object.values cache-miss
1457 http fetch GET 200 https://registry.npmjs.org/@rtsao%2fscc 74ms (cache miss)
1458 silly packumentCache full:https://registry.npmjs.org/@rtsao%2fscc set size:undefined disposed:false
1459 silly fetch manifest semver@^6.3.1
1460 silly packumentCache full:https://registry.npmjs.org/semver cache-miss
1461 http fetch GET 200 https://registry.npmjs.org/eslint-module-utils 54ms (cache miss)
1462 silly packumentCache full:https://registry.npmjs.org/eslint-module-utils set size:undefined disposed:false
1463 silly fetch manifest string.prototype.trimend@^1.0.9
1464 silly packumentCache full:https://registry.npmjs.org/string.prototype.trimend cache-miss
1465 http cache https://registry.npmjs.org/semver 2ms (cache hit)
1466 silly packumentCache full:https://registry.npmjs.org/semver set size:229678 disposed:false
1467 silly fetch manifest tsconfig-paths@^3.15.0
1468 silly packumentCache full:https://registry.npmjs.org/tsconfig-paths cache-miss
1469 http fetch GET 200 https://registry.npmjs.org/array.prototype.flat 69ms (cache miss)
1470 silly packumentCache full:https://registry.npmjs.org/array.prototype.flat set size:undefined disposed:false
1471 silly fetch manifest aria-query@^5.3.2
1472 silly packumentCache full:https://registry.npmjs.org/aria-query cache-miss
1473 http fetch GET 200 https://registry.npmjs.org/object.fromentries 35ms (cache miss)
1474 silly packumentCache full:https://registry.npmjs.org/object.fromentries set size:undefined disposed:false
1475 silly fetch manifest array-includes@^3.1.8
1476 silly packumentCache full:https://registry.npmjs.org/array-includes cache-miss
1477 http fetch GET 200 https://registry.npmjs.org/@nolyfill%2fis-core-module 138ms (cache miss)
1478 silly packumentCache full:https://registry.npmjs.org/@nolyfill%2fis-core-module set size:undefined disposed:false
1479 silly fetch manifest array.prototype.flatmap@^1.3.2
1480 silly packumentCache full:https://registry.npmjs.org/array.prototype.flatmap cache-miss
1481 http cache https://registry.npmjs.org/array-includes 2ms (cache hit)
1482 silly packumentCache full:https://registry.npmjs.org/array-includes set size:77143 disposed:false
1483 silly fetch manifest ast-types-flow@^0.0.8
1484 silly packumentCache full:https://registry.npmjs.org/ast-types-flow cache-miss
1485 http cache https://registry.npmjs.org/array.prototype.flatmap 1ms (cache hit)
1486 silly packumentCache full:https://registry.npmjs.org/array.prototype.flatmap set size:51458 disposed:false
1487 silly fetch manifest axe-core@^4.10.0
1488 silly packumentCache full:https://registry.npmjs.org/axe-core cache-miss
1489 http fetch GET 200 https://registry.npmjs.org/hasown 63ms (cache miss)
1490 silly packumentCache full:https://registry.npmjs.org/hasown set size:undefined disposed:false
1491 silly fetch manifest axobject-query@^4.1.0
1492 silly packumentCache full:https://registry.npmjs.org/axobject-query cache-miss
1493 http fetch GET 200 https://registry.npmjs.org/object.groupby 55ms (cache miss)
1494 silly packumentCache full:https://registry.npmjs.org/object.groupby set size:undefined disposed:false
1495 silly fetch manifest damerau-levenshtein@^1.0.8
1496 silly packumentCache full:https://registry.npmjs.org/damerau-levenshtein cache-miss
1497 http fetch GET 200 https://registry.npmjs.org/tsconfig-paths 49ms (cache miss)
1498 silly packumentCache full:https://registry.npmjs.org/tsconfig-paths set size:undefined disposed:false
1499 silly fetch manifest emoji-regex@^9.2.2
1500 silly packumentCache full:https://registry.npmjs.org/emoji-regex cache-miss
1501 http fetch GET 200 https://registry.npmjs.org/string.prototype.trimend 53ms (cache miss)
1502 silly packumentCache full:https://registry.npmjs.org/string.prototype.trimend set size:undefined disposed:false
1503 silly fetch manifest jsx-ast-utils@^3.3.5
1504 silly packumentCache full:https://registry.npmjs.org/jsx-ast-utils cache-miss
1505 http fetch GET 200 https://registry.npmjs.org/object.values 60ms (cache miss)
1506 silly packumentCache full:https://registry.npmjs.org/object.values set size:undefined disposed:false
1507 silly fetch manifest language-tags@^1.0.9
1508 silly packumentCache full:https://registry.npmjs.org/language-tags cache-miss
1509 http fetch GET 200 https://registry.npmjs.org/ast-types-flow 53ms (cache miss)
1510 silly packumentCache full:https://registry.npmjs.org/ast-types-flow set size:undefined disposed:false
1511 silly fetch manifest safe-regex-test@^1.0.3
1512 silly packumentCache full:https://registry.npmjs.org/safe-regex-test cache-miss
1513 http fetch GET 200 https://registry.npmjs.org/aria-query 63ms (cache miss)
1514 silly packumentCache full:https://registry.npmjs.org/aria-query set size:undefined disposed:false
1515 silly fetch manifest string.prototype.includes@^2.0.1
1516 silly packumentCache full:https://registry.npmjs.org/string.prototype.includes cache-miss
1517 http fetch GET 200 https://registry.npmjs.org/damerau-levenshtein 54ms (cache miss)
1518 silly packumentCache full:https://registry.npmjs.org/damerau-levenshtein set size:undefined disposed:false
1519 silly fetch manifest array.prototype.findlast@^1.2.5
1520 silly packumentCache full:https://registry.npmjs.org/array.prototype.findlast cache-miss
1521 http fetch GET 200 https://registry.npmjs.org/emoji-regex 50ms (cache miss)
1522 silly packumentCache full:https://registry.npmjs.org/emoji-regex set size:undefined disposed:false
1523 silly fetch manifest array.prototype.tosorted@^1.1.4
1524 silly packumentCache full:https://registry.npmjs.org/array.prototype.tosorted cache-miss
1525 http fetch GET 200 https://registry.npmjs.org/axobject-query 83ms (cache miss)
1526 silly packumentCache full:https://registry.npmjs.org/axobject-query set size:undefined disposed:false
1527 silly fetch manifest doctrine@^2.1.0
1528 silly packumentCache full:https://registry.npmjs.org/doctrine cache-miss
1529 http fetch GET 200 https://registry.npmjs.org/jsx-ast-utils 66ms (cache miss)
1530 silly packumentCache full:https://registry.npmjs.org/jsx-ast-utils set size:undefined disposed:false
1531 silly fetch manifest es-iterator-helpers@^1.2.1
1532 silly packumentCache full:https://registry.npmjs.org/es-iterator-helpers cache-miss
1533 http fetch GET 200 https://registry.npmjs.org/safe-regex-test 57ms (cache miss)
1534 silly packumentCache full:https://registry.npmjs.org/safe-regex-test set size:undefined disposed:false
1535 silly fetch manifest estraverse@^5.3.0
1536 silly packumentCache full:https://registry.npmjs.org/estraverse cache-miss
1537 http cache https://registry.npmjs.org/estraverse 1ms (cache hit)
1538 silly packumentCache full:https://registry.npmjs.org/estraverse set size:62412 disposed:false
1539 silly fetch manifest jsx-ast-utils@^2.4.1 || ^3.0.0
1540 silly packumentCache full:https://registry.npmjs.org/jsx-ast-utils cache-miss
1541 http cache https://registry.npmjs.org/jsx-ast-utils 1ms (cache hit)
1542 silly packumentCache full:https://registry.npmjs.org/jsx-ast-utils set size:115998 disposed:false
1543 silly fetch manifest object.entries@^1.1.9
1544 silly packumentCache full:https://registry.npmjs.org/object.entries cache-miss
1545 http fetch GET 200 https://registry.npmjs.org/string.prototype.includes 70ms (cache miss)
1546 silly packumentCache full:https://registry.npmjs.org/string.prototype.includes set size:undefined disposed:false
1547 silly fetch manifest prop-types@^15.8.1
1548 silly packumentCache full:https://registry.npmjs.org/prop-types cache-miss
1549 http fetch GET 200 https://registry.npmjs.org/array.prototype.findlast 50ms (cache miss)
1550 silly packumentCache full:https://registry.npmjs.org/array.prototype.findlast set size:undefined disposed:false
1551 silly fetch manifest resolve@^2.0.0-next.5
1552 silly packumentCache full:https://registry.npmjs.org/resolve cache-miss
1553 http cache https://registry.npmjs.org/resolve 2ms (cache hit)
1554 silly packumentCache full:https://registry.npmjs.org/resolve set size:246681 disposed:false
1555 silly fetch manifest string.prototype.matchall@^4.0.12
1556 silly packumentCache full:https://registry.npmjs.org/string.prototype.matchall cache-miss
1557 http fetch GET 200 https://registry.npmjs.org/array.prototype.tosorted 55ms (cache miss)
1558 silly packumentCache full:https://registry.npmjs.org/array.prototype.tosorted set size:undefined disposed:false
1559 silly fetch manifest string.prototype.repeat@^1.0.0
1560 silly packumentCache full:https://registry.npmjs.org/string.prototype.repeat cache-miss
1561 http fetch GET 200 https://registry.npmjs.org/es-iterator-helpers 63ms (cache miss)
1562 silly packumentCache full:https://registry.npmjs.org/es-iterator-helpers set size:undefined disposed:false
1563 silly fetch manifest zod@^3.25.0 || ^4.0.0
1564 silly packumentCache full:https://registry.npmjs.org/zod cache-miss
1565 http fetch GET 200 https://registry.npmjs.org/object.entries 64ms (cache miss)
1566 silly packumentCache full:https://registry.npmjs.org/object.entries set size:undefined disposed:false
1567 silly fetch manifest @babel/core@^7.24.4
1568 silly packumentCache full:https://registry.npmjs.org/@babel%2fcore cache-miss
1569 http fetch GET 200 https://registry.npmjs.org/prop-types 60ms (cache miss)
1570 silly packumentCache full:https://registry.npmjs.org/prop-types set size:undefined disposed:false
1571 silly fetch manifest @babel/parser@^7.24.4
1572 silly packumentCache full:https://registry.npmjs.org/@babel%2fparser cache-miss
1573 http fetch GET 200 https://registry.npmjs.org/string.prototype.repeat 44ms (cache miss)
1574 silly packumentCache full:https://registry.npmjs.org/string.prototype.repeat set size:undefined disposed:false
1575 silly fetch manifest hermes-parser@^0.25.1
1576 silly packumentCache full:https://registry.npmjs.org/hermes-parser cache-miss
1577 http fetch GET 200 https://registry.npmjs.org/language-tags 171ms (cache miss)
1578 silly packumentCache full:https://registry.npmjs.org/language-tags set size:undefined disposed:false
1579 silly fetch manifest zod-validation-error@^3.5.0 || ^4.0.0
1580 silly packumentCache full:https://registry.npmjs.org/zod-validation-error cache-miss
1581 http fetch GET 200 https://registry.npmjs.org/string.prototype.matchall 89ms (cache miss)
1582 silly packumentCache full:https://registry.npmjs.org/string.prototype.matchall set size:undefined disposed:false
1583 silly fetch manifest @typescript-eslint/utils@8.54.0
1584 silly packumentCache full:https://registry.npmjs.org/@typescript-eslint%2futils cache-miss
1585 http cache https://registry.npmjs.org/@typescript-eslint%2futils 9ms (cache hit)
1586 silly packumentCache full:https://registry.npmjs.org/@typescript-eslint%2futils set size:9681731 disposed:false
1587 silly fetch manifest @typescript-eslint/parser@8.54.0
1588 silly packumentCache full:https://registry.npmjs.org/@typescript-eslint%2fparser cache-miss
1589 http fetch GET 200 https://registry.npmjs.org/hermes-parser 79ms (cache miss)
1590 silly packumentCache full:https://registry.npmjs.org/hermes-parser set size:undefined disposed:false
1591 silly fetch manifest @typescript-eslint/eslint-plugin@8.54.0
1592 silly packumentCache full:https://registry.npmjs.org/@typescript-eslint%2feslint-plugin cache-miss
1593 http fetch GET 200 https://registry.npmjs.org/zod-validation-error 54ms (cache miss)
1594 silly packumentCache full:https://registry.npmjs.org/zod-validation-error set size:undefined disposed:false
1595 silly fetch manifest @typescript-eslint/typescript-estree@8.54.0
1596 silly packumentCache full:https://registry.npmjs.org/@typescript-eslint%2ftypescript-estree cache-miss
1597 http fetch GET 200 https://registry.npmjs.org/axe-core 269ms (cache miss)
1598 silly packumentCache full:https://registry.npmjs.org/axe-core set size:undefined disposed:false
1599 http fetch GET 200 https://registry.npmjs.org/@babel%2fparser 106ms (cache miss)
1600 silly packumentCache full:https://registry.npmjs.org/@babel%2fparser set size:undefined disposed:false
1601 http fetch GET 200 https://registry.npmjs.org/@babel%2fcore 117ms (cache miss)
1602 silly packumentCache full:https://registry.npmjs.org/@babel%2fcore set size:undefined disposed:false
1603 http fetch GET 200 https://registry.npmjs.org/zod 137ms (cache miss)
1604 silly packumentCache full:https://registry.npmjs.org/zod set size:undefined disposed:false
1605 http fetch GET 200 https://registry.npmjs.org/@typescript-eslint%2ftypescript-estree 284ms (cache miss)
1606 silly packumentCache full:https://registry.npmjs.org/@typescript-eslint%2ftypescript-estree set size:undefined disposed:false
1607 http fetch GET 200 https://registry.npmjs.org/doctrine 602ms (cache miss)
1608 silly packumentCache full:https://registry.npmjs.org/doctrine set size:undefined disposed:false
1609 http fetch GET 200 https://registry.npmjs.org/@typescript-eslint%2fparser 458ms (cache miss)
1610 silly packumentCache full:https://registry.npmjs.org/@typescript-eslint%2fparser set size:undefined disposed:false
1611 http fetch GET 200 https://registry.npmjs.org/@typescript-eslint%2feslint-plugin 530ms (cache miss)
1612 silly packumentCache full:https://registry.npmjs.org/@typescript-eslint%2feslint-plugin set size:undefined disposed:false
1613 http fetch GET 200 https://registry.npmjs.org/doctrine 936ms (cache miss)
1614 silly packumentCache full:https://registry.npmjs.org/doctrine set size:undefined disposed:false
1615 silly placeDep ROOT fast-glob@3.3.1 OK for: @next/eslint-plugin-next@16.0.10 want: 3.3.1
1616 silly fetch manifest merge2@^1.3.0
1617 silly packumentCache full:https://registry.npmjs.org/merge2 cache-miss
1618 silly fetch manifest micromatch@^4.0.4
1619 silly packumentCache full:https://registry.npmjs.org/micromatch cache-miss
1620 silly fetch manifest glob-parent@^5.1.2
1621 silly packumentCache full:https://registry.npmjs.org/glob-parent cache-miss
1622 silly fetch manifest @nodelib/fs.stat@^2.0.2
1623 silly packumentCache full:https://registry.npmjs.org/@nodelib%2ffs.stat cache-miss
1624 silly fetch manifest @nodelib/fs.walk@^1.2.3
1625 silly packumentCache full:https://registry.npmjs.org/@nodelib%2ffs.walk cache-miss
1626 http cache https://registry.npmjs.org/glob-parent 11ms (cache hit)
1627 silly packumentCache full:https://registry.npmjs.org/glob-parent set size:42445 disposed:false
1628 http fetch GET 200 https://registry.npmjs.org/merge2 51ms (cache miss)
1629 silly packumentCache full:https://registry.npmjs.org/merge2 set size:undefined disposed:false
1630 http fetch GET 200 https://registry.npmjs.org/@nodelib%2ffs.walk 92ms (cache miss)
1631 silly packumentCache full:https://registry.npmjs.org/@nodelib%2ffs.walk set size:undefined disposed:false
1632 http fetch GET 200 https://registry.npmjs.org/@nodelib%2ffs.stat 96ms (cache miss)
1633 silly packumentCache full:https://registry.npmjs.org/@nodelib%2ffs.stat set size:undefined disposed:false
1634 http fetch GET 200 https://registry.npmjs.org/micromatch 113ms (cache miss)
1635 silly packumentCache full:https://registry.npmjs.org/micromatch set size:undefined disposed:false
1636 silly placeDep node_modules/eslint-import-resolver-node debug@3.2.7 OK for: eslint-import-resolver-node@0.3.9 want: ^3.2.7
1637 silly placeDep ROOT is-core-module@2.16.1 OK for: eslint-import-resolver-node@0.3.9 want: ^2.13.0
1638 silly placeDep ROOT resolve@1.22.11 OK for: eslint-import-resolver-node@0.3.9 want: ^1.22.4
1639 silly fetch manifest path-parse@^1.0.7
1640 silly packumentCache full:https://registry.npmjs.org/path-parse cache-miss
1641 silly fetch manifest supports-preserve-symlinks-flag@^1.0.0
1642 silly packumentCache full:https://registry.npmjs.org/supports-preserve-symlinks-flag cache-miss
1643 http fetch GET 200 https://registry.npmjs.org/supports-preserve-symlinks-flag 47ms (cache miss)
1644 silly packumentCache full:https://registry.npmjs.org/supports-preserve-symlinks-flag set size:undefined disposed:false
1645 http fetch GET 200 https://registry.npmjs.org/path-parse 57ms (cache miss)
1646 silly packumentCache full:https://registry.npmjs.org/path-parse set size:undefined disposed:false
1647 silly placeDep ROOT @nolyfill/is-core-module@1.0.39 OK for: eslint-import-resolver-typescript@3.10.1 want: 1.0.39
1648 silly placeDep ROOT get-tsconfig@4.13.6 OK for: eslint-import-resolver-typescript@3.10.1 want: ^4.10.0
1649 silly placeDep ROOT is-bun-module@2.0.0 OK for: eslint-import-resolver-typescript@3.10.1 want: ^2.0.0
1650 silly placeDep ROOT stable-hash@0.0.5 OK for: eslint-import-resolver-typescript@3.10.1 want: ^0.0.5
1651 silly placeDep ROOT tinyglobby@0.2.15 OK for: eslint-import-resolver-typescript@3.10.1 want: ^0.2.13
1652 silly placeDep ROOT unrs-resolver@1.11.1 OK for: eslint-import-resolver-typescript@3.10.1 want: ^1.6.2
1653 silly fetch manifest resolve-pkg-maps@^1.0.0
1654 silly packumentCache full:https://registry.npmjs.org/resolve-pkg-maps cache-miss
1655 silly fetch manifest semver@^7.7.1
1656 silly packumentCache full:https://registry.npmjs.org/semver cache-hit
1657 silly fetch manifest fdir@^6.5.0
1658 silly packumentCache full:https://registry.npmjs.org/fdir cache-miss
1659 silly fetch manifest picomatch@^4.0.3
1660 silly packumentCache full:https://registry.npmjs.org/picomatch cache-miss
1661 silly fetch manifest napi-postinstall@^0.3.0
1662 silly packumentCache full:https://registry.npmjs.org/napi-postinstall cache-miss
1663 silly fetch manifest @unrs/resolver-binding-win32-x64-msvc@1.11.1
1664 silly packumentCache full:https://registry.npmjs.org/@unrs%2fresolver-binding-win32-x64-msvc cache-miss
1665 silly fetch manifest @unrs/resolver-binding-win32-arm64-msvc@1.11.1
1666 silly packumentCache full:https://registry.npmjs.org/@unrs%2fresolver-binding-win32-arm64-msvc cache-miss
1667 silly fetch manifest @unrs/resolver-binding-win32-ia32-msvc@1.11.1
1668 silly packumentCache full:https://registry.npmjs.org/@unrs%2fresolver-binding-win32-ia32-msvc cache-miss
1669 silly fetch manifest @unrs/resolver-binding-linux-x64-gnu@1.11.1
1670 silly packumentCache full:https://registry.npmjs.org/@unrs%2fresolver-binding-linux-x64-gnu cache-miss
1671 silly fetch manifest @unrs/resolver-binding-linux-x64-musl@1.11.1
1672 silly packumentCache full:https://registry.npmjs.org/@unrs%2fresolver-binding-linux-x64-musl cache-miss
1673 http fetch GET 200 https://registry.npmjs.org/resolve-pkg-maps 48ms (cache miss)
1674 silly packumentCache full:https://registry.npmjs.org/resolve-pkg-maps set size:undefined disposed:false
1675 silly fetch manifest @unrs/resolver-binding-freebsd-x64@1.11.1
1676 silly packumentCache full:https://registry.npmjs.org/@unrs%2fresolver-binding-freebsd-x64 cache-miss
1677 http fetch GET 200 https://registry.npmjs.org/picomatch 54ms (cache miss)
1678 silly packumentCache full:https://registry.npmjs.org/picomatch set size:undefined disposed:false
1679 silly fetch manifest @unrs/resolver-binding-android-arm64@1.11.1
1680 silly packumentCache full:https://registry.npmjs.org/@unrs%2fresolver-binding-android-arm64 cache-miss
1681 http fetch GET 200 https://registry.npmjs.org/napi-postinstall 58ms (cache miss)
1682 silly packumentCache full:https://registry.npmjs.org/napi-postinstall set size:undefined disposed:false
1683 silly fetch manifest @unrs/resolver-binding-linux-arm64-gnu@1.11.1
1684 silly packumentCache full:https://registry.npmjs.org/@unrs%2fresolver-binding-linux-arm64-gnu cache-miss
1685 http fetch GET 200 https://registry.npmjs.org/@unrs%2fresolver-binding-win32-x64-msvc 62ms (cache miss)
1686 silly packumentCache full:https://registry.npmjs.org/@unrs%2fresolver-binding-win32-x64-msvc set size:undefined disposed:false
1687 silly fetch manifest @unrs/resolver-binding-linux-arm64-musl@1.11.1
1688 silly packumentCache full:https://registry.npmjs.org/@unrs%2fresolver-binding-linux-arm64-musl cache-miss
1689 http fetch GET 200 https://registry.npmjs.org/fdir 66ms (cache miss)
1690 silly packumentCache full:https://registry.npmjs.org/fdir set size:undefined disposed:false
1691 silly fetch manifest @unrs/resolver-binding-android-arm-eabi@1.11.1
1692 silly packumentCache full:https://registry.npmjs.org/@unrs%2fresolver-binding-android-arm-eabi cache-miss
1693 http fetch GET 200 https://registry.npmjs.org/@unrs%2fresolver-binding-linux-x64-musl 82ms (cache miss)
1694 silly packumentCache full:https://registry.npmjs.org/@unrs%2fresolver-binding-linux-x64-musl set size:undefined disposed:false
1695 silly fetch manifest @unrs/resolver-binding-linux-arm-gnueabihf@1.11.1
1696 silly packumentCache full:https://registry.npmjs.org/@unrs%2fresolver-binding-linux-arm-gnueabihf cache-miss
1697 http fetch GET 200 https://registry.npmjs.org/@unrs%2fresolver-binding-win32-ia32-msvc 96ms (cache miss)
1698 silly packumentCache full:https://registry.npmjs.org/@unrs%2fresolver-binding-win32-ia32-msvc set size:undefined disposed:false
1699 silly fetch manifest @unrs/resolver-binding-linux-arm-musleabihf@1.11.1
1700 silly packumentCache full:https://registry.npmjs.org/@unrs%2fresolver-binding-linux-arm-musleabihf cache-miss
1701 http fetch GET 200 https://registry.npmjs.org/@unrs%2fresolver-binding-win32-arm64-msvc 100ms (cache miss)
1702 silly packumentCache full:https://registry.npmjs.org/@unrs%2fresolver-binding-win32-arm64-msvc set size:undefined disposed:false
1703 silly fetch manifest @unrs/resolver-binding-linux-ppc64-gnu@1.11.1
1704 silly packumentCache full:https://registry.npmjs.org/@unrs%2fresolver-binding-linux-ppc64-gnu cache-miss
1705 http fetch GET 200 https://registry.npmjs.org/@unrs%2fresolver-binding-linux-arm64-gnu 64ms (cache miss)
1706 silly packumentCache full:https://registry.npmjs.org/@unrs%2fresolver-binding-linux-arm64-gnu set size:undefined disposed:false
1707 silly fetch manifest @unrs/resolver-binding-linux-riscv64-gnu@1.11.1
1708 silly packumentCache full:https://registry.npmjs.org/@unrs%2fresolver-binding-linux-riscv64-gnu cache-miss
1709 http fetch GET 200 https://registry.npmjs.org/@unrs%2fresolver-binding-linux-arm64-musl 62ms (cache miss)
1710 silly packumentCache full:https://registry.npmjs.org/@unrs%2fresolver-binding-linux-arm64-musl set size:undefined disposed:false
1711 silly fetch manifest @unrs/resolver-binding-linux-riscv64-musl@1.11.1
1712 silly packumentCache full:https://registry.npmjs.org/@unrs%2fresolver-binding-linux-riscv64-musl cache-miss
1713 http fetch GET 200 https://registry.npmjs.org/@unrs%2fresolver-binding-android-arm64 78ms (cache miss)
1714 silly packumentCache full:https://registry.npmjs.org/@unrs%2fresolver-binding-android-arm64 set size:undefined disposed:false
1715 silly fetch manifest @unrs/resolver-binding-linux-s390x-gnu@1.11.1
1716 silly packumentCache full:https://registry.npmjs.org/@unrs%2fresolver-binding-linux-s390x-gnu cache-miss
1717 http fetch GET 200 https://registry.npmjs.org/@unrs%2fresolver-binding-freebsd-x64 98ms (cache miss)
1718 silly packumentCache full:https://registry.npmjs.org/@unrs%2fresolver-binding-freebsd-x64 set size:undefined disposed:false
1719 silly fetch manifest @unrs/resolver-binding-darwin-x64@1.11.1
1720 silly packumentCache full:https://registry.npmjs.org/@unrs%2fresolver-binding-darwin-x64 cache-miss
1721 http fetch GET 200 https://registry.npmjs.org/@unrs%2fresolver-binding-android-arm-eabi 90ms (cache miss)
1722 silly packumentCache full:https://registry.npmjs.org/@unrs%2fresolver-binding-android-arm-eabi set size:undefined disposed:false
1723 silly fetch manifest @unrs/resolver-binding-darwin-arm64@1.11.1
1724 silly packumentCache full:https://registry.npmjs.org/@unrs%2fresolver-binding-darwin-arm64 cache-miss
1725 http fetch GET 200 https://registry.npmjs.org/@unrs%2fresolver-binding-linux-arm-gnueabihf 76ms (cache miss)
1726 silly packumentCache full:https://registry.npmjs.org/@unrs%2fresolver-binding-linux-arm-gnueabihf set size:undefined disposed:false
1727 silly fetch manifest @unrs/resolver-binding-wasm32-wasi@1.11.1
1728 silly packumentCache full:https://registry.npmjs.org/@unrs%2fresolver-binding-wasm32-wasi cache-miss
1729 http fetch GET 200 https://registry.npmjs.org/@unrs%2fresolver-binding-linux-riscv64-gnu 58ms (cache miss)
1730 silly packumentCache full:https://registry.npmjs.org/@unrs%2fresolver-binding-linux-riscv64-gnu set size:undefined disposed:false
1731 http fetch GET 200 https://registry.npmjs.org/@unrs%2fresolver-binding-linux-arm-musleabihf 92ms (cache miss)
1732 silly packumentCache full:https://registry.npmjs.org/@unrs%2fresolver-binding-linux-arm-musleabihf set size:undefined disposed:false
1733 http fetch GET 200 https://registry.npmjs.org/@unrs%2fresolver-binding-linux-riscv64-musl 66ms (cache miss)
1734 silly packumentCache full:https://registry.npmjs.org/@unrs%2fresolver-binding-linux-riscv64-musl set size:undefined disposed:false
1735 http fetch GET 200 https://registry.npmjs.org/@unrs%2fresolver-binding-linux-x64-gnu 191ms (cache miss)
1736 silly packumentCache full:https://registry.npmjs.org/@unrs%2fresolver-binding-linux-x64-gnu set size:undefined disposed:false
1737 http fetch GET 200 https://registry.npmjs.org/@unrs%2fresolver-binding-linux-ppc64-gnu 99ms (cache miss)
1738 silly packumentCache full:https://registry.npmjs.org/@unrs%2fresolver-binding-linux-ppc64-gnu set size:undefined disposed:false
1739 http fetch GET 200 https://registry.npmjs.org/@unrs%2fresolver-binding-linux-s390x-gnu 76ms (cache miss)
1740 silly packumentCache full:https://registry.npmjs.org/@unrs%2fresolver-binding-linux-s390x-gnu set size:undefined disposed:false
1741 http fetch GET 200 https://registry.npmjs.org/@unrs%2fresolver-binding-darwin-arm64 70ms (cache miss)
1742 silly packumentCache full:https://registry.npmjs.org/@unrs%2fresolver-binding-darwin-arm64 set size:undefined disposed:false
1743 http fetch GET 200 https://registry.npmjs.org/@unrs%2fresolver-binding-darwin-x64 90ms (cache miss)
1744 silly packumentCache full:https://registry.npmjs.org/@unrs%2fresolver-binding-darwin-x64 set size:undefined disposed:false
1745 http fetch GET 200 https://registry.npmjs.org/@unrs%2fresolver-binding-wasm32-wasi 96ms (cache miss)
1746 silly packumentCache full:https://registry.npmjs.org/@unrs%2fresolver-binding-wasm32-wasi set size:undefined disposed:false
1747 silly placeDep ROOT @rtsao/scc@1.1.0 OK for: eslint-plugin-import@2.32.0 want: ^1.1.0
1748 silly placeDep ROOT array-includes@3.1.9 OK for: eslint-plugin-import@2.32.0 want: ^3.1.9
1749 silly placeDep ROOT array.prototype.findlastindex@1.2.6 OK for: eslint-plugin-import@2.32.0 want: ^1.2.6
1750 silly placeDep ROOT array.prototype.flat@1.3.3 OK for: eslint-plugin-import@2.32.0 want: ^1.3.3
1751 silly placeDep ROOT array.prototype.flatmap@1.3.3 OK for: eslint-plugin-import@2.32.0 want: ^1.3.3
1752 silly placeDep node_modules/eslint-plugin-import debug@3.2.7 OK for: eslint-plugin-import@2.32.0 want: ^3.2.7
1753 silly placeDep ROOT doctrine@2.1.0 OK for: eslint-plugin-import@2.32.0 want: ^2.1.0
1754 silly placeDep ROOT eslint-module-utils@2.12.1 OK for: eslint-plugin-import@2.32.0 want: ^2.12.1
1755 silly placeDep ROOT hasown@2.0.2 OK for: eslint-plugin-import@2.32.0 want: ^2.0.2
1756 silly placeDep ROOT object.fromentries@2.0.8 OK for: eslint-plugin-import@2.32.0 want: ^2.0.8
1757 silly placeDep ROOT object.groupby@1.0.3 OK for: eslint-plugin-import@2.32.0 want: ^1.0.3
1758 silly placeDep ROOT object.values@1.2.1 OK for: eslint-plugin-import@2.32.0 want: ^1.2.1
1759 silly placeDep ROOT semver@6.3.1 OK for: eslint-plugin-import@2.32.0 want: ^6.3.1
1760 silly placeDep ROOT string.prototype.trimend@1.0.9 OK for: eslint-plugin-import@2.32.0 want: ^1.0.9
1761 silly placeDep ROOT tsconfig-paths@3.15.0 OK for: eslint-plugin-import@2.32.0 want: ^3.15.0
1762 silly fetch manifest call-bind@^1.0.8
1763 silly packumentCache full:https://registry.npmjs.org/call-bind cache-miss
1764 silly fetch manifest call-bound@^1.0.4
1765 silly packumentCache full:https://registry.npmjs.org/call-bound cache-miss
1766 silly fetch manifest define-properties@^1.2.1
1767 silly packumentCache full:https://registry.npmjs.org/define-properties cache-miss
1768 silly fetch manifest es-abstract@^1.24.0
1769 silly packumentCache full:https://registry.npmjs.org/es-abstract cache-miss
1770 silly fetch manifest es-object-atoms@^1.1.1
1771 silly packumentCache full:https://registry.npmjs.org/es-object-atoms cache-miss
1772 silly fetch manifest get-intrinsic@^1.3.0
1773 silly packumentCache full:https://registry.npmjs.org/get-intrinsic cache-miss
1774 silly fetch manifest is-string@^1.1.1
1775 silly packumentCache full:https://registry.npmjs.org/is-string cache-miss
1776 silly fetch manifest math-intrinsics@^1.1.0
1777 silly packumentCache full:https://registry.npmjs.org/math-intrinsics cache-miss
1778 silly fetch manifest call-bind@^1.0.8
1779 silly packumentCache full:https://registry.npmjs.org/call-bind cache-miss
1780 http fetch GET 200 https://registry.npmjs.org/call-bound 45ms (cache miss)
1781 silly packumentCache full:https://registry.npmjs.org/call-bound set size:undefined disposed:false
1782 silly fetch manifest define-properties@^1.2.1
1783 silly packumentCache full:https://registry.npmjs.org/define-properties cache-miss
1784 http fetch GET 200 https://registry.npmjs.org/define-properties 49ms (cache miss)
1785 silly packumentCache full:https://registry.npmjs.org/define-properties set size:undefined disposed:false
1786 silly fetch manifest es-abstract@^1.23.9
1787 silly packumentCache full:https://registry.npmjs.org/es-abstract cache-miss
1788 http fetch GET 200 https://registry.npmjs.org/call-bind 50ms (cache miss)
1789 silly packumentCache full:https://registry.npmjs.org/call-bind set size:undefined disposed:false
1790 silly fetch manifest es-errors@^1.3.0
1791 silly packumentCache full:https://registry.npmjs.org/es-errors cache-miss
1792 http fetch GET 200 https://registry.npmjs.org/es-object-atoms 55ms (cache miss)
1793 silly packumentCache full:https://registry.npmjs.org/es-object-atoms set size:undefined disposed:false
1794 silly fetch manifest es-shim-unscopables@^1.1.0
1795 silly packumentCache full:https://registry.npmjs.org/es-shim-unscopables cache-miss
1796 http fetch GET 200 https://registry.npmjs.org/math-intrinsics 61ms (cache miss)
1797 silly packumentCache full:https://registry.npmjs.org/math-intrinsics set size:undefined disposed:false
1798 silly fetch manifest es-abstract@^1.23.5
1799 silly packumentCache full:https://registry.npmjs.org/es-abstract cache-miss
1800 http fetch GET 200 https://registry.npmjs.org/get-intrinsic 62ms (cache miss)
1801 silly packumentCache full:https://registry.npmjs.org/get-intrinsic set size:undefined disposed:false
1802 silly fetch manifest es-shim-unscopables@^1.0.2
1803 silly packumentCache full:https://registry.npmjs.org/es-shim-unscopables cache-miss
1804 http fetch GET 200 https://registry.npmjs.org/call-bind 67ms (cache miss)
1805 silly packumentCache full:https://registry.npmjs.org/call-bind set size:undefined disposed:false
1806 silly fetch manifest es-abstract@^1.23.5
1807 silly packumentCache full:https://registry.npmjs.org/es-abstract cache-miss
1808 http fetch GET 200 https://registry.npmjs.org/is-string 68ms (cache miss)
1809 silly packumentCache full:https://registry.npmjs.org/is-string set size:undefined disposed:false
1810 silly fetch manifest es-shim-unscopables@^1.0.2
1811 silly packumentCache full:https://registry.npmjs.org/es-shim-unscopables cache-miss
1812 http fetch GET 200 https://registry.npmjs.org/define-properties 58ms (cache miss)
1813 silly packumentCache full:https://registry.npmjs.org/define-properties set size:undefined disposed:false
1814 silly fetch manifest function-bind@^1.1.2
1815 silly packumentCache full:https://registry.npmjs.org/function-bind cache-miss
1816 http fetch GET 200 https://registry.npmjs.org/es-abstract 56ms (cache miss)
1817 silly packumentCache full:https://registry.npmjs.org/es-abstract set size:undefined disposed:false
1818 silly fetch manifest call-bind@^1.0.7
1819 silly packumentCache full:https://registry.npmjs.org/call-bind cache-miss
1820 http cache https://registry.npmjs.org/call-bind 1ms (cache hit)
1821 silly packumentCache full:https://registry.npmjs.org/call-bind set size:30096 disposed:false
1822 silly fetch manifest es-abstract@^1.23.2
1823 silly packumentCache full:https://registry.npmjs.org/es-abstract cache-miss
1824 http fetch GET 200 https://registry.npmjs.org/es-abstract 111ms (cache miss)
1825 silly packumentCache full:https://registry.npmjs.org/es-abstract set size:undefined disposed:false
1826 silly fetch manifest es-object-atoms@^1.0.0
1827 silly packumentCache full:https://registry.npmjs.org/es-object-atoms cache-miss
1828 http cache https://registry.npmjs.org/es-abstract 3ms (cache hit)
1829 silly packumentCache full:https://registry.npmjs.org/es-abstract set size:378584 disposed:false
1830 silly fetch manifest call-bound@^1.0.3
1831 silly packumentCache full:https://registry.npmjs.org/call-bound cache-miss
1832 http fetch GET 200 https://registry.npmjs.org/es-shim-unscopables 51ms (cache miss)
1833 silly packumentCache full:https://registry.npmjs.org/es-shim-unscopables set size:undefined disposed:false
1834 silly fetch manifest es-object-atoms@^1.0.0
1835 silly packumentCache full:https://registry.npmjs.org/es-object-atoms cache-miss
1836 http cache https://registry.npmjs.org/es-object-atoms 3ms (cache hit)
1837 silly packumentCache full:https://registry.npmjs.org/es-object-atoms set size:15304 disposed:false
1838 silly fetch manifest call-bound@^1.0.2
1839 silly packumentCache full:https://registry.npmjs.org/call-bound cache-miss
1840 http fetch GET 200 https://registry.npmjs.org/es-errors 67ms (cache miss)
1841 silly packumentCache full:https://registry.npmjs.org/es-errors set size:undefined disposed:false
1842 silly fetch manifest json5@^1.0.2
1843 silly packumentCache full:https://registry.npmjs.org/json5 cache-miss
1844 http cache https://registry.npmjs.org/call-bound 2ms (cache hit)
1845 silly packumentCache full:https://registry.npmjs.org/call-bound set size:15317 disposed:false
1846 silly fetch manifest minimist@^1.2.6
1847 silly packumentCache full:https://registry.npmjs.org/minimist cache-miss
1848 http cache https://registry.npmjs.org/es-object-atoms 3ms (cache hit)
1849 silly packumentCache full:https://registry.npmjs.org/es-object-atoms set size:15304 disposed:false
1850 silly packumentCache full:https://registry.npmjs.org/es-object-atoms dispose
1851 silly fetch manifest strip-bom@^3.0.0
1852 silly packumentCache full:https://registry.npmjs.org/strip-bom cache-miss
1853 http cache https://registry.npmjs.org/call-bound 4ms (cache hit)
1854 silly packumentCache full:https://registry.npmjs.org/call-bound set size:15317 disposed:false
1855 silly packumentCache full:https://registry.npmjs.org/call-bound dispose
1856 silly fetch manifest @types/json5@^0.0.29
1857 silly packumentCache full:https://registry.npmjs.org/@types%2fjson5 cache-miss
1858 http fetch GET 200 https://registry.npmjs.org/es-shim-unscopables 51ms (cache miss)
1859 silly packumentCache full:https://registry.npmjs.org/es-shim-unscopables set size:undefined disposed:false
1860 http fetch GET 200 https://registry.npmjs.org/es-shim-unscopables 82ms (cache miss)
1861 silly packumentCache full:https://registry.npmjs.org/es-shim-unscopables set size:undefined disposed:false
1862 http fetch GET 200 https://registry.npmjs.org/es-abstract 70ms (cache miss)
1863 silly packumentCache full:https://registry.npmjs.org/es-abstract set size:undefined disposed:false
1864 silly packumentCache full:https://registry.npmjs.org/es-abstract dispose
1865 http fetch GET 200 https://registry.npmjs.org/es-abstract 78ms (cache miss)
1866 silly packumentCache full:https://registry.npmjs.org/es-abstract set size:undefined disposed:true
1867 http fetch GET 200 https://registry.npmjs.org/function-bind 48ms (cache miss)
1868 silly packumentCache full:https://registry.npmjs.org/function-bind set size:undefined disposed:false
1869 http fetch GET 200 https://registry.npmjs.org/strip-bom 53ms (cache miss)
1870 silly packumentCache full:https://registry.npmjs.org/strip-bom set size:undefined disposed:false
1871 http fetch GET 200 https://registry.npmjs.org/@types%2fjson5 52ms (cache miss)
1872 silly packumentCache full:https://registry.npmjs.org/@types%2fjson5 set size:undefined disposed:false
1873 http fetch GET 200 https://registry.npmjs.org/json5 62ms (cache miss)
1874 silly packumentCache full:https://registry.npmjs.org/json5 set size:undefined disposed:false
1875 http fetch GET 200 https://registry.npmjs.org/minimist 78ms (cache miss)
1876 silly packumentCache full:https://registry.npmjs.org/minimist set size:undefined disposed:false
1877 silly placeDep ROOT call-bind@1.0.8 OK for: array-includes@3.1.9 want: ^1.0.8
1878 silly placeDep ROOT call-bound@1.0.4 OK for: array-includes@3.1.9 want: ^1.0.4
1879 silly placeDep ROOT define-properties@1.2.1 OK for: array-includes@3.1.9 want: ^1.2.1
1880 silly placeDep ROOT es-abstract@1.24.1 OK for: array-includes@3.1.9 want: ^1.24.0
1881 silly placeDep ROOT es-object-atoms@1.1.1 OK for: array-includes@3.1.9 want: ^1.1.1
1882 silly placeDep ROOT get-intrinsic@1.3.0 OK for: array-includes@3.1.9 want: ^1.3.0
1883 silly placeDep ROOT is-string@1.1.1 OK for: array-includes@3.1.9 want: ^1.1.1
1884 silly placeDep ROOT math-intrinsics@1.1.0 OK for: array-includes@3.1.9 want: ^1.1.0
1885 silly fetch manifest call-bind-apply-helpers@^1.0.0
1886 silly packumentCache full:https://registry.npmjs.org/call-bind-apply-helpers cache-miss
1887 silly fetch manifest es-define-property@^1.0.0
1888 silly packumentCache full:https://registry.npmjs.org/es-define-property cache-miss
1889 silly fetch manifest get-intrinsic@^1.2.4
1890 silly packumentCache full:https://registry.npmjs.org/get-intrinsic cache-miss
1891 silly fetch manifest set-function-length@^1.2.2
1892 silly packumentCache full:https://registry.npmjs.org/set-function-length cache-miss
1893 silly fetch manifest call-bind-apply-helpers@^1.0.2
1894 silly packumentCache full:https://registry.npmjs.org/call-bind-apply-helpers cache-miss
1895 silly fetch manifest define-data-property@^1.0.1
1896 silly packumentCache full:https://registry.npmjs.org/define-data-property cache-miss
1897 silly fetch manifest has-property-descriptors@^1.0.0
1898 silly packumentCache full:https://registry.npmjs.org/has-property-descriptors cache-miss
1899 silly fetch manifest object-keys@^1.1.1
1900 silly packumentCache full:https://registry.npmjs.org/object-keys cache-miss
1901 silly fetch manifest array-buffer-byte-length@^1.0.2
1902 silly packumentCache full:https://registry.npmjs.org/array-buffer-byte-length cache-miss
1903 http cache https://registry.npmjs.org/get-intrinsic 3ms (cache hit)
1904 silly packumentCache full:https://registry.npmjs.org/get-intrinsic set size:60985 disposed:false
1905 silly fetch manifest arraybuffer.prototype.slice@^1.0.4
1906 silly packumentCache full:https://registry.npmjs.org/arraybuffer.prototype.slice cache-miss
1907 http fetch GET 200 https://registry.npmjs.org/define-data-property 73ms (cache miss)
1908 silly packumentCache full:https://registry.npmjs.org/define-data-property set size:undefined disposed:false
1909 silly fetch manifest available-typed-arrays@^1.0.7
1910 silly packumentCache full:https://registry.npmjs.org/available-typed-arrays cache-miss
1911 http fetch GET 200 https://registry.npmjs.org/object-keys 75ms (cache miss)
1912 silly packumentCache full:https://registry.npmjs.org/object-keys set size:undefined disposed:false
1913 silly fetch manifest data-view-buffer@^1.0.2
1914 silly packumentCache full:https://registry.npmjs.org/data-view-buffer cache-miss
1915 http fetch GET 200 https://registry.npmjs.org/call-bind-apply-helpers 77ms (cache miss)
1916 silly packumentCache full:https://registry.npmjs.org/call-bind-apply-helpers set size:undefined disposed:false
1917 silly fetch manifest data-view-byte-length@^1.0.2
1918 silly packumentCache full:https://registry.npmjs.org/data-view-byte-length cache-miss
1919 http fetch GET 200 https://registry.npmjs.org/has-property-descriptors 78ms (cache miss)
1920 silly packumentCache full:https://registry.npmjs.org/has-property-descriptors set size:undefined disposed:false
1921 silly fetch manifest data-view-byte-offset@^1.0.1
1922 silly packumentCache full:https://registry.npmjs.org/data-view-byte-offset cache-miss
1923 http fetch GET 200 https://registry.npmjs.org/set-function-length 79ms (cache miss)
1924 silly packumentCache full:https://registry.npmjs.org/set-function-length set size:undefined disposed:false
1925 silly fetch manifest es-define-property@^1.0.1
1926 silly packumentCache full:https://registry.npmjs.org/es-define-property cache-miss
1927 http fetch GET 200 https://registry.npmjs.org/call-bind-apply-helpers 81ms (cache miss)
1928 silly packumentCache full:https://registry.npmjs.org/call-bind-apply-helpers set size:undefined disposed:false
1929 silly fetch manifest es-set-tostringtag@^2.1.0
1930 silly packumentCache full:https://registry.npmjs.org/es-set-tostringtag cache-miss
1931 http fetch GET 200 https://registry.npmjs.org/array-buffer-byte-length 82ms (cache miss)
1932 silly packumentCache full:https://registry.npmjs.org/array-buffer-byte-length set size:undefined disposed:false
1933 silly fetch manifest es-to-primitive@^1.3.0
1934 silly packumentCache full:https://registry.npmjs.org/es-to-primitive cache-miss
1935 http fetch GET 200 https://registry.npmjs.org/arraybuffer.prototype.slice 103ms (cache miss)
1936 silly packumentCache full:https://registry.npmjs.org/arraybuffer.prototype.slice set size:undefined disposed:false
1937 silly fetch manifest function.prototype.name@^1.1.8
1938 silly packumentCache full:https://registry.npmjs.org/function.prototype.name cache-miss
1939 http fetch GET 200 https://registry.npmjs.org/available-typed-arrays 38ms (cache miss)
1940 silly packumentCache full:https://registry.npmjs.org/available-typed-arrays set size:undefined disposed:false
1941 silly fetch manifest get-proto@^1.0.1
1942 silly packumentCache full:https://registry.npmjs.org/get-proto cache-miss
1943 http fetch GET 200 https://registry.npmjs.org/es-define-property 115ms (cache miss)
1944 silly packumentCache full:https://registry.npmjs.org/es-define-property set size:undefined disposed:false
1945 silly fetch manifest get-symbol-description@^1.1.0
1946 silly packumentCache full:https://registry.npmjs.org/get-symbol-description cache-miss
1947 http fetch GET 200 https://registry.npmjs.org/data-view-byte-length 43ms (cache miss)
1948 silly packumentCache full:https://registry.npmjs.org/data-view-byte-length set size:undefined disposed:false
1949 silly fetch manifest globalthis@^1.0.4
1950 silly packumentCache full:https://registry.npmjs.org/globalthis cache-miss
1951 http fetch GET 200 https://registry.npmjs.org/data-view-buffer 46ms (cache miss)
1952 silly packumentCache full:https://registry.npmjs.org/data-view-buffer set size:undefined disposed:false
1953 silly fetch manifest gopd@^1.2.0
1954 silly packumentCache full:https://registry.npmjs.org/gopd cache-miss
1955 http fetch GET 200 https://registry.npmjs.org/es-define-property 46ms (cache miss)
1956 silly packumentCache full:https://registry.npmjs.org/es-define-property set size:undefined disposed:false
1957 silly fetch manifest has-property-descriptors@^1.0.2
1958 silly packumentCache full:https://registry.npmjs.org/has-property-descriptors cache-miss
1959 http cache https://registry.npmjs.org/has-property-descriptors 0ms (cache hit)
1960 silly packumentCache full:https://registry.npmjs.org/has-property-descriptors set size:12452 disposed:false
1961 silly fetch manifest has-proto@^1.2.0
1962 silly packumentCache full:https://registry.npmjs.org/has-proto cache-miss
1963 http fetch GET 200 https://registry.npmjs.org/data-view-byte-offset 51ms (cache miss)
1964 silly packumentCache full:https://registry.npmjs.org/data-view-byte-offset set size:undefined disposed:false
1965 silly fetch manifest has-symbols@^1.1.0
1966 silly packumentCache full:https://registry.npmjs.org/has-symbols cache-miss
1967 http fetch GET 200 https://registry.npmjs.org/es-to-primitive 48ms (cache miss)
1968 silly packumentCache full:https://registry.npmjs.org/es-to-primitive set size:undefined disposed:false
1969 silly fetch manifest internal-slot@^1.1.0
1970 silly packumentCache full:https://registry.npmjs.org/internal-slot cache-miss
1971 http fetch GET 200 https://registry.npmjs.org/get-proto 38ms (cache miss)
1972 silly packumentCache full:https://registry.npmjs.org/get-proto set size:undefined disposed:false
1973 silly fetch manifest is-array-buffer@^3.0.5
1974 silly packumentCache full:https://registry.npmjs.org/is-array-buffer cache-miss
1975 http fetch GET 200 https://registry.npmjs.org/es-set-tostringtag 76ms (cache miss)
1976 silly packumentCache full:https://registry.npmjs.org/es-set-tostringtag set size:undefined disposed:false
1977 silly fetch manifest is-callable@^1.2.7
1978 silly packumentCache full:https://registry.npmjs.org/is-callable cache-miss
1979 http fetch GET 200 https://registry.npmjs.org/globalthis 44ms (cache miss)
1980 silly packumentCache full:https://registry.npmjs.org/globalthis set size:undefined disposed:false
1981 silly fetch manifest is-data-view@^1.0.2
1982 silly packumentCache full:https://registry.npmjs.org/is-data-view cache-miss
1983 http fetch GET 200 https://registry.npmjs.org/gopd 46ms (cache miss)
1984 silly packumentCache full:https://registry.npmjs.org/gopd set size:undefined disposed:false
1985 silly fetch manifest is-negative-zero@^2.0.3
1986 silly packumentCache full:https://registry.npmjs.org/is-negative-zero cache-miss
1987 http fetch GET 200 https://registry.npmjs.org/has-proto 43ms (cache miss)
1988 silly packumentCache full:https://registry.npmjs.org/has-proto set size:undefined disposed:false
1989 silly fetch manifest is-regex@^1.2.1
1990 silly packumentCache full:https://registry.npmjs.org/is-regex cache-miss
1991 http fetch GET 200 https://registry.npmjs.org/function.prototype.name 66ms (cache miss)
1992 silly packumentCache full:https://registry.npmjs.org/function.prototype.name set size:undefined disposed:false
1993 silly fetch manifest is-set@^2.0.3
1994 silly packumentCache full:https://registry.npmjs.org/is-set cache-miss
1995 http fetch GET 200 https://registry.npmjs.org/get-symbol-description 70ms (cache miss)
1996 silly packumentCache full:https://registry.npmjs.org/get-symbol-description set size:undefined disposed:false
1997 silly fetch manifest is-shared-array-buffer@^1.0.4
1998 silly packumentCache full:https://registry.npmjs.org/is-shared-array-buffer cache-miss
1999 http fetch GET 200 https://registry.npmjs.org/is-array-buffer 48ms (cache miss)
2000 silly packumentCache full:https://registry.npmjs.org/is-array-buffer set size:undefined disposed:false
2001 silly fetch manifest is-typed-array@^1.1.15
2002 silly packumentCache full:https://registry.npmjs.org/is-typed-array cache-miss
2003 http fetch GET 200 https://registry.npmjs.org/internal-slot 67ms (cache miss)
2004 silly packumentCache full:https://registry.npmjs.org/internal-slot set size:undefined disposed:false
2005 silly fetch manifest is-weakref@^1.1.1
2006 silly packumentCache full:https://registry.npmjs.org/is-weakref cache-miss
2007 http fetch GET 200 https://registry.npmjs.org/is-callable 53ms (cache miss)
2008 silly packumentCache full:https://registry.npmjs.org/is-callable set size:undefined disposed:false
2009 silly fetch manifest object-inspect@^1.13.4
2010 silly packumentCache full:https://registry.npmjs.org/object-inspect cache-miss
2011 http fetch GET 200 https://registry.npmjs.org/is-data-view 48ms (cache miss)
2012 silly packumentCache full:https://registry.npmjs.org/is-data-view set size:undefined disposed:false
2013 silly fetch manifest object.assign@^4.1.7
2014 silly packumentCache full:https://registry.npmjs.org/object.assign cache-miss
2015 http fetch GET 200 https://registry.npmjs.org/has-symbols 91ms (cache miss)
2016 silly packumentCache full:https://registry.npmjs.org/has-symbols set size:undefined disposed:false
2017 silly fetch manifest own-keys@^1.0.1
2018 silly packumentCache full:https://registry.npmjs.org/own-keys cache-miss
2019 http fetch GET 200 https://registry.npmjs.org/is-set 51ms (cache miss)
2020 silly packumentCache full:https://registry.npmjs.org/is-set set size:undefined disposed:false
2021 silly fetch manifest regexp.prototype.flags@^1.5.4
2022 silly packumentCache full:https://registry.npmjs.org/regexp.prototype.flags cache-miss
2023 http fetch GET 200 https://registry.npmjs.org/is-regex 51ms (cache miss)
2024 silly packumentCache full:https://registry.npmjs.org/is-regex set size:undefined disposed:false
2025 silly fetch manifest safe-array-concat@^1.1.3
2026 silly packumentCache full:https://registry.npmjs.org/safe-array-concat cache-miss
2027 http fetch GET 200 https://registry.npmjs.org/is-negative-zero 60ms (cache miss)
2028 silly packumentCache full:https://registry.npmjs.org/is-negative-zero set size:undefined disposed:false
2029 silly fetch manifest safe-push-apply@^1.0.0
2030 silly packumentCache full:https://registry.npmjs.org/safe-push-apply cache-miss
2031 http fetch GET 200 https://registry.npmjs.org/is-shared-array-buffer 47ms (cache miss)
2032 silly packumentCache full:https://registry.npmjs.org/is-shared-array-buffer set size:undefined disposed:false
2033 silly fetch manifest safe-regex-test@^1.1.0
2034 silly packumentCache full:https://registry.npmjs.org/safe-regex-test cache-miss
2035 http cache https://registry.npmjs.org/safe-regex-test 1ms (cache hit)
2036 silly packumentCache full:https://registry.npmjs.org/safe-regex-test set size:17412 disposed:false
2037 silly fetch manifest set-proto@^1.0.0
2038 silly packumentCache full:https://registry.npmjs.org/set-proto cache-miss
2039 http fetch GET 200 https://registry.npmjs.org/is-typed-array 47ms (cache miss)
2040 silly packumentCache full:https://registry.npmjs.org/is-typed-array set size:undefined disposed:false
2041 silly fetch manifest stop-iteration-iterator@^1.1.0
2042 silly packumentCache full:https://registry.npmjs.org/stop-iteration-iterator cache-miss
2043 http fetch GET 200 https://registry.npmjs.org/object.assign 55ms (cache miss)
2044 silly packumentCache full:https://registry.npmjs.org/object.assign set size:undefined disposed:false
2045 silly fetch manifest string.prototype.trim@^1.2.10
2046 silly packumentCache full:https://registry.npmjs.org/string.prototype.trim cache-miss
2047 http fetch GET 200 https://registry.npmjs.org/object-inspect 59ms (cache miss)
2048 silly packumentCache full:https://registry.npmjs.org/object-inspect set size:undefined disposed:false
2049 silly fetch manifest string.prototype.trimstart@^1.0.8
2050 silly packumentCache full:https://registry.npmjs.org/string.prototype.trimstart cache-miss
2051 http fetch GET 200 https://registry.npmjs.org/safe-array-concat 49ms (cache miss)
2052 silly packumentCache full:https://registry.npmjs.org/safe-array-concat set size:undefined disposed:false
2053 silly fetch manifest typed-array-buffer@^1.0.3
2054 silly packumentCache full:https://registry.npmjs.org/typed-array-buffer cache-miss
2055 http fetch GET 200 https://registry.npmjs.org/safe-push-apply 46ms (cache miss)
2056 silly packumentCache full:https://registry.npmjs.org/safe-push-apply set size:undefined disposed:false
2057 silly fetch manifest typed-array-byte-length@^1.0.3
2058 silly packumentCache full:https://registry.npmjs.org/typed-array-byte-length cache-miss
2059 http fetch GET 200 https://registry.npmjs.org/regexp.prototype.flags 61ms (cache miss)
2060 silly packumentCache full:https://registry.npmjs.org/regexp.prototype.flags set size:undefined disposed:false
2061 silly fetch manifest typed-array-byte-offset@^1.0.4
2062 silly packumentCache full:https://registry.npmjs.org/typed-array-byte-offset cache-miss
2063 http fetch GET 200 https://registry.npmjs.org/own-keys 65ms (cache miss)
2064 silly packumentCache full:https://registry.npmjs.org/own-keys set size:undefined disposed:false
2065 silly fetch manifest typed-array-length@^1.0.7
2066 silly packumentCache full:https://registry.npmjs.org/typed-array-length cache-miss
2067 http fetch GET 200 https://registry.npmjs.org/stop-iteration-iterator 51ms (cache miss)
2068 silly packumentCache full:https://registry.npmjs.org/stop-iteration-iterator set size:undefined disposed:false
2069 silly fetch manifest unbox-primitive@^1.1.0
2070 silly packumentCache full:https://registry.npmjs.org/unbox-primitive cache-miss
2071 http fetch GET 200 https://registry.npmjs.org/is-weakref 111ms (cache miss)
2072 silly packumentCache full:https://registry.npmjs.org/is-weakref set size:undefined disposed:false
2073 silly fetch manifest which-typed-array@^1.1.19
2074 silly packumentCache full:https://registry.npmjs.org/which-typed-array cache-miss
2075 http fetch GET 200 https://registry.npmjs.org/string.prototype.trimstart 46ms (cache miss)
2076 silly packumentCache full:https://registry.npmjs.org/string.prototype.trimstart set size:undefined disposed:false
2077 silly fetch manifest has-tostringtag@^1.0.2
2078 silly packumentCache full:https://registry.npmjs.org/has-tostringtag cache-miss
2079 http fetch GET 200 https://registry.npmjs.org/typed-array-buffer 44ms (cache miss)
2080 silly packumentCache full:https://registry.npmjs.org/typed-array-buffer set size:undefined disposed:false
2081 http fetch GET 200 https://registry.npmjs.org/set-proto 85ms (cache miss)
2082 silly packumentCache full:https://registry.npmjs.org/set-proto set size:undefined disposed:false
2083 http fetch GET 200 https://registry.npmjs.org/typed-array-byte-length 52ms (cache miss)
2084 silly packumentCache full:https://registry.npmjs.org/typed-array-byte-length set size:undefined disposed:false
2085 http fetch GET 200 https://registry.npmjs.org/string.prototype.trim 62ms (cache miss)
2086 silly packumentCache full:https://registry.npmjs.org/string.prototype.trim set size:undefined disposed:false
2087 http fetch GET 200 https://registry.npmjs.org/typed-array-byte-offset 83ms (cache miss)
2088 silly packumentCache full:https://registry.npmjs.org/typed-array-byte-offset set size:undefined disposed:false
2089 http fetch GET 200 https://registry.npmjs.org/typed-array-length 86ms (cache miss)
2090 silly packumentCache full:https://registry.npmjs.org/typed-array-length set size:undefined disposed:false
2091 http fetch GET 200 https://registry.npmjs.org/which-typed-array 65ms (cache miss)
2092 silly packumentCache full:https://registry.npmjs.org/which-typed-array set size:undefined disposed:false
2093 http fetch GET 200 https://registry.npmjs.org/unbox-primitive 80ms (cache miss)
2094 silly packumentCache full:https://registry.npmjs.org/unbox-primitive set size:undefined disposed:false
2095 http fetch GET 200 https://registry.npmjs.org/has-tostringtag 73ms (cache miss)
2096 silly packumentCache full:https://registry.npmjs.org/has-tostringtag set size:undefined disposed:false
2097 silly placeDep ROOT es-errors@1.3.0 OK for: array.prototype.findlastindex@1.2.6 want: ^1.3.0
2098 silly placeDep ROOT es-shim-unscopables@1.1.0 OK for: array.prototype.findlastindex@1.2.6 want: ^1.1.0
2099 silly placeDep ROOT call-bind-apply-helpers@1.0.2 OK for: call-bind@1.0.8 want: ^1.0.0
2100 silly placeDep ROOT es-define-property@1.0.1 OK for: call-bind@1.0.8 want: ^1.0.0
2101 silly placeDep ROOT set-function-length@1.2.2 OK for: call-bind@1.0.8 want: ^1.2.2
2102 silly fetch manifest define-data-property@^1.1.4
2103 silly packumentCache full:https://registry.npmjs.org/define-data-property cache-miss
2104 silly fetch manifest gopd@^1.0.1
2105 silly packumentCache full:https://registry.npmjs.org/gopd cache-miss
2106 http cache https://registry.npmjs.org/define-data-property 2ms (cache hit)
2107 silly packumentCache full:https://registry.npmjs.org/define-data-property set size:28048 disposed:false
2108 http cache https://registry.npmjs.org/gopd 2ms (cache hit)
2109 silly packumentCache full:https://registry.npmjs.org/gopd set size:11458 disposed:false
2110 silly placeDep ROOT function-bind@1.1.2 OK for: call-bind-apply-helpers@1.0.2 want: ^1.1.2
2111 silly placeDep ROOT define-data-property@1.1.4 OK for: define-properties@1.2.1 want: ^1.0.1
2112 silly placeDep ROOT has-property-descriptors@1.0.2 OK for: define-properties@1.2.1 want: ^1.0.0
2113 silly placeDep ROOT object-keys@1.1.1 OK for: define-properties@1.2.1 want: ^1.1.1
2114 silly placeDep ROOT gopd@1.2.0 OK for: define-data-property@1.1.4 want: ^1.0.1
2115 silly placeDep ROOT array-buffer-byte-length@1.0.2 OK for: es-abstract@1.24.1 want: ^1.0.2
2116 silly placeDep ROOT arraybuffer.prototype.slice@1.0.4 OK for: es-abstract@1.24.1 want: ^1.0.4
2117 silly placeDep ROOT available-typed-arrays@1.0.7 OK for: es-abstract@1.24.1 want: ^1.0.7
2118 silly placeDep ROOT data-view-buffer@1.0.2 OK for: es-abstract@1.24.1 want: ^1.0.2
2119 silly placeDep ROOT data-view-byte-length@1.0.2 OK for: es-abstract@1.24.1 want: ^1.0.2
2120 silly placeDep ROOT data-view-byte-offset@1.0.1 OK for: es-abstract@1.24.1 want: ^1.0.1
2121 silly placeDep ROOT es-set-tostringtag@2.1.0 OK for: es-abstract@1.24.1 want: ^2.1.0
2122 silly placeDep ROOT es-to-primitive@1.3.0 OK for: es-abstract@1.24.1 want: ^1.3.0
2123 silly placeDep ROOT function.prototype.name@1.1.8 OK for: es-abstract@1.24.1 want: ^1.1.8
2124 silly placeDep ROOT get-proto@1.0.1 OK for: es-abstract@1.24.1 want: ^1.0.1
2125 silly placeDep ROOT get-symbol-description@1.1.0 OK for: es-abstract@1.24.1 want: ^1.1.0
2126 silly placeDep ROOT globalthis@1.0.4 OK for: es-abstract@1.24.1 want: ^1.0.4
2127 silly placeDep ROOT has-proto@1.2.0 OK for: es-abstract@1.24.1 want: ^1.2.0
2128 silly placeDep ROOT has-symbols@1.1.0 OK for: es-abstract@1.24.1 want: ^1.1.0
2129 silly placeDep ROOT internal-slot@1.1.0 OK for: es-abstract@1.24.1 want: ^1.1.0
2130 silly placeDep ROOT is-array-buffer@3.0.5 OK for: es-abstract@1.24.1 want: ^3.0.5
2131 silly placeDep ROOT is-callable@1.2.7 OK for: es-abstract@1.24.1 want: ^1.2.7
2132 silly placeDep ROOT is-data-view@1.0.2 OK for: es-abstract@1.24.1 want: ^1.0.2
2133 silly placeDep ROOT is-negative-zero@2.0.3 OK for: es-abstract@1.24.1 want: ^2.0.3
2134 silly placeDep ROOT is-regex@1.2.1 OK for: es-abstract@1.24.1 want: ^1.2.1
2135 silly placeDep ROOT is-set@2.0.3 OK for: es-abstract@1.24.1 want: ^2.0.3
2136 silly placeDep ROOT is-shared-array-buffer@1.0.4 OK for: es-abstract@1.24.1 want: ^1.0.4
2137 silly placeDep ROOT is-typed-array@1.1.15 OK for: es-abstract@1.24.1 want: ^1.1.15
2138 silly placeDep ROOT is-weakref@1.1.1 OK for: es-abstract@1.24.1 want: ^1.1.1
2139 silly placeDep ROOT object-inspect@1.13.4 OK for: es-abstract@1.24.1 want: ^1.13.4
2140 silly placeDep ROOT object.assign@4.1.7 OK for: es-abstract@1.24.1 want: ^4.1.7
2141 silly placeDep ROOT own-keys@1.0.1 OK for: es-abstract@1.24.1 want: ^1.0.1
2142 silly placeDep ROOT regexp.prototype.flags@1.5.4 OK for: es-abstract@1.24.1 want: ^1.5.4
2143 silly placeDep ROOT safe-array-concat@1.1.3 OK for: es-abstract@1.24.1 want: ^1.1.3
2144 silly placeDep ROOT safe-push-apply@1.0.0 OK for: es-abstract@1.24.1 want: ^1.0.0
2145 silly placeDep ROOT safe-regex-test@1.1.0 OK for: es-abstract@1.24.1 want: ^1.1.0
2146 silly placeDep ROOT set-proto@1.0.0 OK for: es-abstract@1.24.1 want: ^1.0.0
2147 silly placeDep ROOT stop-iteration-iterator@1.1.0 OK for: es-abstract@1.24.1 want: ^1.1.0
2148 silly placeDep ROOT string.prototype.trim@1.2.10 OK for: es-abstract@1.24.1 want: ^1.2.10
2149 silly placeDep ROOT string.prototype.trimstart@1.0.8 OK for: es-abstract@1.24.1 want: ^1.0.8
2150 silly placeDep ROOT typed-array-buffer@1.0.3 OK for: es-abstract@1.24.1 want: ^1.0.3
2151 silly placeDep ROOT typed-array-byte-length@1.0.3 OK for: es-abstract@1.24.1 want: ^1.0.3
2152 silly placeDep ROOT typed-array-byte-offset@1.0.4 OK for: es-abstract@1.24.1 want: ^1.0.4
2153 silly placeDep ROOT typed-array-length@1.0.7 OK for: es-abstract@1.24.1 want: ^1.0.7
2154 silly placeDep ROOT unbox-primitive@1.1.0 OK for: es-abstract@1.24.1 want: ^1.1.0
2155 silly placeDep ROOT which-typed-array@1.1.20 OK for: es-abstract@1.24.1 want: ^1.1.19
2156 silly fetch manifest is-array-buffer@^3.0.4
2157 silly packumentCache full:https://registry.npmjs.org/is-array-buffer cache-miss
2158 silly fetch manifest possible-typed-array-names@^1.0.0
2159 silly packumentCache full:https://registry.npmjs.org/possible-typed-array-names cache-miss
2160 silly fetch manifest is-data-view@^1.0.1
2161 silly packumentCache full:https://registry.npmjs.org/is-data-view cache-miss
2162 silly fetch manifest is-date-object@^1.0.5
2163 silly packumentCache full:https://registry.npmjs.org/is-date-object cache-miss
2164 silly fetch manifest is-symbol@^1.0.4
2165 silly packumentCache full:https://registry.npmjs.org/is-symbol cache-miss
2166 silly fetch manifest functions-have-names@^1.2.3
2167 silly packumentCache full:https://registry.npmjs.org/functions-have-names cache-miss
2168 silly fetch manifest dunder-proto@^1.0.1
2169 silly packumentCache full:https://registry.npmjs.org/dunder-proto cache-miss
2170 silly fetch manifest dunder-proto@^1.0.0
2171 silly packumentCache full:https://registry.npmjs.org/dunder-proto cache-miss
2172 silly fetch manifest side-channel@^1.1.0
2173 silly packumentCache full:https://registry.npmjs.org/side-channel cache-miss
2174 http cache https://registry.npmjs.org/is-data-view 4ms (cache hit)
2175 silly packumentCache full:https://registry.npmjs.org/is-data-view set size:13756 disposed:false
2176 silly fetch manifest is-typed-array@^1.1.13
2177 silly packumentCache full:https://registry.npmjs.org/is-typed-array cache-miss
2178 http cache https://registry.npmjs.org/is-array-buffer 4ms (cache hit)
2179 silly packumentCache full:https://registry.npmjs.org/is-array-buffer set size:33562 disposed:false
2180 silly fetch manifest which-typed-array@^1.1.16
2181 silly packumentCache full:https://registry.npmjs.org/which-typed-array cache-miss
2182 http cache https://registry.npmjs.org/is-typed-array 1ms (cache hit)
2183 silly packumentCache full:https://registry.npmjs.org/is-typed-array set size:79965 disposed:false
2184 silly fetch manifest set-function-name@^2.0.2
2185 silly packumentCache full:https://registry.npmjs.org/set-function-name cache-miss
2186 http cache https://registry.npmjs.org/which-typed-array 2ms (cache hit)
2187 silly packumentCache full:https://registry.npmjs.org/which-typed-array set size:93605 disposed:false
2188 silly fetch manifest isarray@^2.0.5
2189 silly packumentCache full:https://registry.npmjs.org/isarray cache-miss
2190 http fetch GET 200 https://registry.npmjs.org/possible-typed-array-names 45ms (cache miss)
2191 silly packumentCache full:https://registry.npmjs.org/possible-typed-array-names set size:undefined disposed:false
2192 silly fetch manifest isarray@^2.0.5
2193 silly packumentCache full:https://registry.npmjs.org/isarray cache-miss
2194 http fetch GET 200 https://registry.npmjs.org/set-function-name 44ms (cache miss)
2195 silly packumentCache full:https://registry.npmjs.org/set-function-name set size:undefined disposed:false
2196 silly fetch manifest dunder-proto@^1.0.1
2197 silly packumentCache full:https://registry.npmjs.org/dunder-proto cache-miss
2198 http fetch GET 200 https://registry.npmjs.org/is-symbol 55ms (cache miss)
2199 silly packumentCache full:https://registry.npmjs.org/is-symbol set size:undefined disposed:false
2200 silly fetch manifest for-each@^0.3.3
2201 silly packumentCache full:https://registry.npmjs.org/for-each cache-miss
2202 http fetch GET 200 https://registry.npmjs.org/dunder-proto 73ms (cache miss)
2203 silly packumentCache full:https://registry.npmjs.org/dunder-proto set size:undefined disposed:false
2204 silly fetch manifest for-each@^0.3.3
2205 silly packumentCache full:https://registry.npmjs.org/for-each cache-miss
2206 http fetch GET 200 https://registry.npmjs.org/dunder-proto 73ms (cache miss)
2207 silly packumentCache full:https://registry.npmjs.org/dunder-proto set size:undefined disposed:false
2208 silly fetch manifest reflect.getprototypeof@^1.0.9
2209 silly packumentCache full:https://registry.npmjs.org/reflect.getprototypeof cache-miss
2210 http fetch GET 200 https://registry.npmjs.org/functions-have-names 79ms (cache miss)
2211 silly packumentCache full:https://registry.npmjs.org/functions-have-names set size:undefined disposed:false
2212 silly fetch manifest for-each@^0.3.3
2213 silly packumentCache full:https://registry.npmjs.org/for-each cache-miss
2214 http fetch GET 200 https://registry.npmjs.org/is-date-object 82ms (cache miss)
2215 silly packumentCache full:https://registry.npmjs.org/is-date-object set size:undefined disposed:false
2216 silly fetch manifest reflect.getprototypeof@^1.0.6
2217 silly packumentCache full:https://registry.npmjs.org/reflect.getprototypeof cache-miss
2218 http fetch GET 200 https://registry.npmjs.org/isarray 37ms (cache miss)
2219 silly packumentCache full:https://registry.npmjs.org/isarray set size:undefined disposed:false
2220 silly fetch manifest has-bigints@^1.0.2
2221 silly packumentCache full:https://registry.npmjs.org/has-bigints cache-miss
2222 http fetch GET 200 https://registry.npmjs.org/isarray 80ms (cache miss)
2223 silly packumentCache full:https://registry.npmjs.org/isarray set size:undefined disposed:false
2224 silly fetch manifest which-boxed-primitive@^1.1.1
2225 silly packumentCache full:https://registry.npmjs.org/which-boxed-primitive cache-miss
2226 http fetch GET 200 https://registry.npmjs.org/side-channel 90ms (cache miss)
2227 silly packumentCache full:https://registry.npmjs.org/side-channel set size:undefined disposed:false
2228 silly fetch manifest for-each@^0.3.5
2229 silly packumentCache full:https://registry.npmjs.org/for-each cache-miss
2230 http fetch GET 200 https://registry.npmjs.org/for-each 43ms (cache miss)
2231 silly packumentCache full:https://registry.npmjs.org/for-each set size:undefined disposed:false
2232 http fetch GET 200 https://registry.npmjs.org/dunder-proto 50ms (cache miss)
2233 silly packumentCache full:https://registry.npmjs.org/dunder-proto set size:undefined disposed:false
2234 http fetch GET 200 https://registry.npmjs.org/reflect.getprototypeof 46ms (cache miss)
2235 silly packumentCache full:https://registry.npmjs.org/reflect.getprototypeof set size:undefined disposed:false
2236 http fetch GET 200 https://registry.npmjs.org/for-each 54ms (cache miss)
2237 silly packumentCache full:https://registry.npmjs.org/for-each set size:undefined disposed:false
2238 http fetch GET 200 https://registry.npmjs.org/for-each 77ms (cache miss)
2239 silly packumentCache full:https://registry.npmjs.org/for-each set size:undefined disposed:false
2240 http fetch GET 200 https://registry.npmjs.org/reflect.getprototypeof 91ms (cache miss)
2241 silly packumentCache full:https://registry.npmjs.org/reflect.getprototypeof set size:undefined disposed:false
2242 http fetch GET 200 https://registry.npmjs.org/which-boxed-primitive 81ms (cache miss)
2243 silly packumentCache full:https://registry.npmjs.org/which-boxed-primitive set size:undefined disposed:false
2244 http fetch GET 200 https://registry.npmjs.org/has-bigints 87ms (cache miss)
2245 silly packumentCache full:https://registry.npmjs.org/has-bigints set size:undefined disposed:false
2246 http fetch GET 200 https://registry.npmjs.org/for-each 85ms (cache miss)
2247 silly packumentCache full:https://registry.npmjs.org/for-each set size:undefined disposed:false
2248 silly placeDep ROOT possible-typed-array-names@1.1.0 OK for: available-typed-arrays@1.0.7 want: ^1.0.0
2249 silly placeDep ROOT has-tostringtag@1.0.2 OK for: es-set-tostringtag@2.1.0 want: ^1.0.2
2250 silly placeDep ROOT is-date-object@1.1.0 OK for: es-to-primitive@1.3.0 want: ^1.0.5
2251 silly placeDep ROOT is-symbol@1.1.1 OK for: es-to-primitive@1.3.0 want: ^1.0.4
2252 silly placeDep node_modules/eslint-module-utils debug@3.2.7 OK for: eslint-module-utils@2.12.1 want: ^3.2.7
2253 silly placeDep ROOT aria-query@5.3.2 OK for: eslint-plugin-jsx-a11y@6.10.2 want: ^5.3.2
2254 silly placeDep ROOT ast-types-flow@0.0.8 OK for: eslint-plugin-jsx-a11y@6.10.2 want: ^0.0.8
2255 silly placeDep ROOT axe-core@4.11.1 OK for: eslint-plugin-jsx-a11y@6.10.2 want: ^4.10.0
2256 silly placeDep ROOT axobject-query@4.1.0 OK for: eslint-plugin-jsx-a11y@6.10.2 want: ^4.1.0
2257 silly placeDep ROOT damerau-levenshtein@1.0.8 OK for: eslint-plugin-jsx-a11y@6.10.2 want: ^1.0.8
2258 silly placeDep ROOT emoji-regex@9.2.2 OK for: eslint-plugin-jsx-a11y@6.10.2 want: ^9.2.2
2259 silly placeDep ROOT jsx-ast-utils@3.3.5 OK for: eslint-plugin-jsx-a11y@6.10.2 want: ^3.3.5
2260 silly placeDep ROOT language-tags@1.0.9 OK for: eslint-plugin-jsx-a11y@6.10.2 want: ^1.0.9
2261 silly placeDep ROOT string.prototype.includes@2.0.1 OK for: eslint-plugin-jsx-a11y@6.10.2 want: ^2.0.1
2262 silly fetch manifest language-subtag-registry@^0.3.20
2263 silly packumentCache full:https://registry.npmjs.org/language-subtag-registry cache-miss
2264 http fetch GET 200 https://registry.npmjs.org/language-subtag-registry 41ms (cache miss)
2265 silly packumentCache full:https://registry.npmjs.org/language-subtag-registry set size:undefined disposed:false
2266 silly placeDep ROOT array.prototype.findlast@1.2.5 OK for: eslint-plugin-react@7.37.5 want: ^1.2.5
2267 silly placeDep ROOT array.prototype.tosorted@1.1.4 OK for: eslint-plugin-react@7.37.5 want: ^1.1.4
2268 silly placeDep ROOT es-iterator-helpers@1.2.2 OK for: eslint-plugin-react@7.37.5 want: ^1.2.1
2269 silly placeDep ROOT estraverse@5.3.0 OK for: eslint-plugin-react@7.37.5 want: ^5.3.0
2270 silly placeDep ROOT object.entries@1.1.9 OK for: eslint-plugin-react@7.37.5 want: ^1.1.9
2271 silly placeDep ROOT prop-types@15.8.1 OK for: eslint-plugin-react@7.37.5 want: ^15.8.1
2272 silly placeDep node_modules/eslint-plugin-react resolve@2.0.0-next.5 OK for: eslint-plugin-react@7.37.5 want: ^2.0.0-next.5
2273 silly placeDep ROOT string.prototype.matchall@4.0.12 OK for: eslint-plugin-react@7.37.5 want: ^4.0.12
2274 silly placeDep ROOT string.prototype.repeat@1.0.0 OK for: eslint-plugin-react@7.37.5 want: ^1.0.0
2275 silly fetch manifest iterator.prototype@^1.1.5
2276 silly packumentCache full:https://registry.npmjs.org/iterator.prototype cache-miss
2277 silly fetch manifest loose-envify@^1.4.0
2278 silly packumentCache full:https://registry.npmjs.org/loose-envify cache-miss
2279 silly fetch manifest object-assign@^4.1.1
2280 silly packumentCache full:https://registry.npmjs.org/object-assign cache-miss
2281 silly fetch manifest react-is@^16.13.1
2282 silly packumentCache full:https://registry.npmjs.org/react-is cache-miss
2283 http fetch GET 200 https://registry.npmjs.org/iterator.prototype 41ms (cache miss)
2284 silly packumentCache full:https://registry.npmjs.org/iterator.prototype set size:undefined disposed:false
2285 http fetch GET 200 https://registry.npmjs.org/loose-envify 52ms (cache miss)
2286 silly packumentCache full:https://registry.npmjs.org/loose-envify set size:undefined disposed:false
2287 http fetch GET 200 https://registry.npmjs.org/object-assign 80ms (cache miss)
2288 silly packumentCache full:https://registry.npmjs.org/object-assign set size:undefined disposed:false
2289 http fetch GET 200 https://registry.npmjs.org/react-is 256ms (cache miss)
2290 silly packumentCache full:https://registry.npmjs.org/react-is set size:undefined disposed:false
2291 silly placeDep ROOT iterator.prototype@1.1.5 OK for: es-iterator-helpers@1.2.2 want: ^1.1.5
2292 silly placeDep ROOT @babel/core@7.29.0 OK for: eslint-plugin-react-hooks@7.0.1 want: ^7.24.4
2293 silly placeDep ROOT @babel/parser@7.29.0 OK for: eslint-plugin-react-hooks@7.0.1 want: ^7.24.4
2294 silly placeDep ROOT hermes-parser@0.25.1 OK for: eslint-plugin-react-hooks@7.0.1 want: ^0.25.1
2295 silly placeDep ROOT zod@4.3.6 OK for: eslint-plugin-react-hooks@7.0.1 want: ^3.25.0 || ^4.0.0
2296 silly placeDep ROOT zod-validation-error@4.0.2 OK for: eslint-plugin-react-hooks@7.0.1 want: ^3.5.0 || ^4.0.0
2297 silly fetch manifest json5@^2.2.3
2298 silly packumentCache full:https://registry.npmjs.org/json5 cache-miss
2299 silly fetch manifest gensync@^1.0.0-beta.2
2300 silly packumentCache full:https://registry.npmjs.org/gensync cache-miss
2301 silly fetch manifest @babel/types@^7.29.0
2302 silly packumentCache full:https://registry.npmjs.org/@babel%2ftypes cache-miss
2303 silly fetch manifest @babel/parser@^7.29.0
2304 silly packumentCache full:https://registry.npmjs.org/@babel%2fparser cache-miss
2305 silly fetch manifest @babel/helpers@^7.28.6
2306 silly packumentCache full:https://registry.npmjs.org/@babel%2fhelpers cache-miss
2307 silly fetch manifest @babel/template@^7.28.6
2308 silly packumentCache full:https://registry.npmjs.org/@babel%2ftemplate cache-miss
2309 silly fetch manifest @babel/traverse@^7.29.0
2310 silly packumentCache full:https://registry.npmjs.org/@babel%2ftraverse cache-miss
2311 silly fetch manifest @babel/generator@^7.29.0
2312 silly packumentCache full:https://registry.npmjs.org/@babel%2fgenerator cache-miss
2313 silly fetch manifest @babel/code-frame@^7.29.0
2314 silly packumentCache full:https://registry.npmjs.org/@babel%2fcode-frame cache-miss
2315 http cache https://registry.npmjs.org/json5 9ms (cache hit)
2316 silly packumentCache full:https://registry.npmjs.org/json5 set size:86136 disposed:false
2317 silly fetch manifest convert-source-map@^2.0.0
2318 silly packumentCache full:https://registry.npmjs.org/convert-source-map cache-miss
2319 http cache https://registry.npmjs.org/@babel%2fparser 11ms (cache hit)
2320 silly packumentCache full:https://registry.npmjs.org/@babel%2fparser set size:711883 disposed:false
2321 silly fetch manifest @babel/helper-module-transforms@^7.28.6
2322 silly packumentCache full:https://registry.npmjs.org/@babel%2fhelper-module-transforms cache-miss
2323 http fetch GET 200 https://registry.npmjs.org/gensync 45ms (cache miss)
2324 silly packumentCache full:https://registry.npmjs.org/gensync set size:undefined disposed:false
2325 silly fetch manifest @babel/helper-compilation-targets@^7.28.6
2326 silly packumentCache full:https://registry.npmjs.org/@babel%2fhelper-compilation-targets cache-miss
2327 http fetch GET 200 https://registry.npmjs.org/@babel%2fhelpers 64ms (cache miss)
2328 silly packumentCache full:https://registry.npmjs.org/@babel%2fhelpers set size:undefined disposed:false
2329 silly fetch manifest @babel/types@^7.29.0
2330 silly packumentCache full:https://registry.npmjs.org/@babel%2ftypes cache-miss
2331 http fetch GET 200 https://registry.npmjs.org/@babel%2ftraverse 67ms (cache miss)
2332 silly packumentCache full:https://registry.npmjs.org/@babel%2ftraverse set size:undefined disposed:false
2333 silly fetch manifest hermes-estree@0.25.1
2334 silly packumentCache full:https://registry.npmjs.org/hermes-estree cache-miss
2335 http fetch GET 200 https://registry.npmjs.org/@babel%2fcode-frame 71ms (cache miss)
2336 silly packumentCache full:https://registry.npmjs.org/@babel%2fcode-frame set size:undefined disposed:false
2337 http fetch GET 200 https://registry.npmjs.org/convert-source-map 63ms (cache miss)
2338 silly packumentCache full:https://registry.npmjs.org/convert-source-map set size:undefined disposed:false
2339 http fetch GET 200 https://registry.npmjs.org/@babel%2ftypes 81ms (cache miss)
2340 silly packumentCache full:https://registry.npmjs.org/@babel%2ftypes set size:undefined disposed:false
2341 http fetch GET 200 https://registry.npmjs.org/@babel%2ftemplate 85ms (cache miss)
2342 silly packumentCache full:https://registry.npmjs.org/@babel%2ftemplate set size:undefined disposed:false
2343 http fetch GET 200 https://registry.npmjs.org/hermes-estree 44ms (cache miss)
2344 silly packumentCache full:https://registry.npmjs.org/hermes-estree set size:undefined disposed:false
2345 http fetch GET 200 https://registry.npmjs.org/@babel%2fhelper-compilation-targets 70ms (cache miss)
2346 silly packumentCache full:https://registry.npmjs.org/@babel%2fhelper-compilation-targets set size:undefined disposed:false
2347 http fetch GET 200 https://registry.npmjs.org/@babel%2ftypes 61ms (cache miss)
2348 silly packumentCache full:https://registry.npmjs.org/@babel%2ftypes set size:undefined disposed:false
2349 http fetch GET 200 https://registry.npmjs.org/@babel%2fgenerator 136ms (cache miss)
2350 silly packumentCache full:https://registry.npmjs.org/@babel%2fgenerator set size:undefined disposed:false
2351 http fetch GET 200 https://registry.npmjs.org/@babel%2fhelper-module-transforms 124ms (cache miss)
2352 silly packumentCache full:https://registry.npmjs.org/@babel%2fhelper-module-transforms set size:undefined disposed:false
2353 silly fetch manifest @babel/core@^7.0.0
2354 silly packumentCache full:https://registry.npmjs.org/@babel%2fcore cache-miss
2355 http cache https://registry.npmjs.org/@babel%2fcore 3ms (cache hit)
2356 silly packumentCache full:https://registry.npmjs.org/@babel%2fcore set size:752167 disposed:false
2357 silly placeDep ROOT @babel/code-frame@7.29.0 OK for: @babel/core@7.29.0 want: ^7.29.0
2358 silly placeDep ROOT @babel/generator@7.29.1 OK for: @babel/core@7.29.0 want: ^7.29.0
2359 silly placeDep ROOT @babel/helper-compilation-targets@7.28.6 OK for: @babel/core@7.29.0 want: ^7.28.6
2360 silly placeDep ROOT @babel/helper-module-transforms@7.28.6 OK for: @babel/core@7.29.0 want: ^7.28.6
2361 silly placeDep ROOT @babel/helpers@7.28.6 OK for: @babel/core@7.29.0 want: ^7.28.6
2362 silly placeDep ROOT @babel/template@7.28.6 OK for: @babel/core@7.29.0 want: ^7.28.6
2363 silly placeDep ROOT @babel/traverse@7.29.0 OK for: @babel/core@7.29.0 want: ^7.29.0
2364 silly placeDep ROOT @babel/types@7.29.0 OK for: @babel/core@7.29.0 want: ^7.29.0
2365 silly placeDep ROOT convert-source-map@2.0.0 OK for: @babel/core@7.29.0 want: ^2.0.0
2366 silly placeDep ROOT gensync@1.0.0-beta.2 OK for: @babel/core@7.29.0 want: ^1.0.0-beta.2
2367 silly placeDep ROOT json5@2.2.3 OK for: @babel/core@7.29.0 want: ^2.2.3
2368 silly fetch manifest js-tokens@^4.0.0
2369 silly packumentCache full:https://registry.npmjs.org/js-tokens cache-miss
2370 silly fetch manifest @babel/helper-validator-identifier@^7.28.5
2371 silly packumentCache full:https://registry.npmjs.org/@babel%2fhelper-validator-identifier cache-miss
2372 silly fetch manifest jsesc@^3.0.2
2373 silly packumentCache full:https://registry.npmjs.org/jsesc cache-miss
2374 silly fetch manifest lru-cache@^5.1.1
2375 silly packumentCache full:https://registry.npmjs.org/lru-cache cache-miss
2376 silly fetch manifest browserslist@^4.24.0
2377 silly packumentCache full:https://registry.npmjs.org/browserslist cache-miss
2378 silly fetch manifest @babel/compat-data@^7.28.6
2379 silly packumentCache full:https://registry.npmjs.org/@babel%2fcompat-data cache-miss
2380 silly fetch manifest @babel/helper-validator-option@^7.27.1
2381 silly packumentCache full:https://registry.npmjs.org/@babel%2fhelper-validator-option cache-miss
2382 silly fetch manifest @babel/traverse@^7.28.6
2383 silly packumentCache full:https://registry.npmjs.org/@babel%2ftraverse cache-miss
2384 silly fetch manifest @babel/helper-module-imports@^7.28.6
2385 silly packumentCache full:https://registry.npmjs.org/@babel%2fhelper-module-imports cache-miss
2386 http cache https://registry.npmjs.org/@babel%2ftraverse 3ms (cache hit)
2387 silly packumentCache full:https://registry.npmjs.org/@babel%2ftraverse set size:544276 disposed:false
2388 silly fetch manifest @babel/helper-validator-identifier@^7.28.5
2389 silly packumentCache full:https://registry.npmjs.org/@babel%2fhelper-validator-identifier cache-miss
2390 http fetch GET 200 https://registry.npmjs.org/js-tokens 50ms (cache miss)
2391 silly packumentCache full:https://registry.npmjs.org/js-tokens set size:undefined disposed:false
2392 silly fetch manifest @babel/types@^7.28.6
2393 silly packumentCache full:https://registry.npmjs.org/@babel%2ftypes cache-miss
2394 http fetch GET 200 https://registry.npmjs.org/jsesc 51ms (cache miss)
2395 silly packumentCache full:https://registry.npmjs.org/jsesc set size:undefined disposed:false
2396 silly fetch manifest @babel/types@^7.28.6
2397 silly packumentCache full:https://registry.npmjs.org/@babel%2ftypes cache-miss
2398 http cache https://registry.npmjs.org/@babel%2ftypes 2ms (cache hit)
2399 silly packumentCache full:https://registry.npmjs.org/@babel%2ftypes set size:483793 disposed:false
2400 silly fetch manifest @babel/helper-globals@^7.28.0
2401 silly packumentCache full:https://registry.npmjs.org/@babel%2fhelper-globals cache-miss
2402 http cache https://registry.npmjs.org/@babel%2ftypes 6ms (cache hit)
2403 silly packumentCache full:https://registry.npmjs.org/@babel%2ftypes set size:483793 disposed:false
2404 silly packumentCache full:https://registry.npmjs.org/@babel%2ftypes dispose
2405 silly fetch manifest @babel/helper-string-parser@^7.27.1
2406 silly packumentCache full:https://registry.npmjs.org/@babel%2fhelper-string-parser cache-miss
2407 http fetch GET 200 https://registry.npmjs.org/@babel%2fhelper-validator-option 68ms (cache miss)
2408 silly packumentCache full:https://registry.npmjs.org/@babel%2fhelper-validator-option set size:undefined disposed:false
2409 silly fetch manifest @babel/helper-validator-identifier@^7.28.5
2410 silly packumentCache full:https://registry.npmjs.org/@babel%2fhelper-validator-identifier cache-miss
2411 http fetch GET 200 https://registry.npmjs.org/browserslist 76ms (cache miss)
2412 silly packumentCache full:https://registry.npmjs.org/browserslist set size:undefined disposed:false
2413 http fetch GET 200 https://registry.npmjs.org/@babel%2fcompat-data 78ms (cache miss)
2414 silly packumentCache full:https://registry.npmjs.org/@babel%2fcompat-data set size:undefined disposed:false
2415 http fetch GET 200 https://registry.npmjs.org/@babel%2fhelper-module-imports 82ms (cache miss)
2416 silly packumentCache full:https://registry.npmjs.org/@babel%2fhelper-module-imports set size:undefined disposed:false
2417 http fetch GET 200 https://registry.npmjs.org/lru-cache 90ms (cache miss)
2418 silly packumentCache full:https://registry.npmjs.org/lru-cache set size:undefined disposed:false
2419 http fetch GET 200 https://registry.npmjs.org/@babel%2fhelper-validator-identifier 87ms (cache miss)
2420 silly packumentCache full:https://registry.npmjs.org/@babel%2fhelper-validator-identifier set size:undefined disposed:false
2421 http fetch GET 200 https://registry.npmjs.org/@babel%2fhelper-validator-identifier 93ms (cache miss)
2422 silly packumentCache full:https://registry.npmjs.org/@babel%2fhelper-validator-identifier set size:undefined disposed:false
2423 http fetch GET 200 https://registry.npmjs.org/@babel%2fhelper-string-parser 50ms (cache miss)
2424 silly packumentCache full:https://registry.npmjs.org/@babel%2fhelper-string-parser set size:undefined disposed:false
2425 http fetch GET 200 https://registry.npmjs.org/@babel%2fhelper-validator-identifier 52ms (cache miss)
2426 silly packumentCache full:https://registry.npmjs.org/@babel%2fhelper-validator-identifier set size:undefined disposed:false
2427 http fetch GET 200 https://registry.npmjs.org/@babel%2fhelper-globals 86ms (cache miss)
2428 silly packumentCache full:https://registry.npmjs.org/@babel%2fhelper-globals set size:undefined disposed:false
2429 silly placeDep ROOT @babel/helper-validator-identifier@7.28.5 OK for: @babel/code-frame@7.29.0 want: ^7.28.5
2430 silly placeDep ROOT js-tokens@4.0.0 OK for: @babel/code-frame@7.29.0 want: ^4.0.0
2431 silly placeDep ROOT picocolors@1.1.1 OK for: @babel/code-frame@7.29.0 want: ^1.1.1
2432 silly placeDep ROOT jsesc@3.1.0 OK for: @babel/generator@7.29.1 want: ^3.0.2
2433 silly placeDep ROOT @babel/compat-data@7.29.0 OK for: @babel/helper-compilation-targets@7.28.6 want: ^7.28.6
2434 silly placeDep ROOT @babel/helper-validator-option@7.27.1 OK for: @babel/helper-compilation-targets@7.28.6 want: ^7.27.1
2435 silly placeDep ROOT browserslist@4.28.1 OK for: @babel/helper-compilation-targets@7.28.6 want: ^4.24.0
2436 silly placeDep ROOT lru-cache@5.1.1 OK for: @babel/helper-compilation-targets@7.28.6 want: ^5.1.1
2437 silly fetch manifest baseline-browser-mapping@^2.9.0
2438 silly packumentCache full:https://registry.npmjs.org/baseline-browser-mapping cache-miss
2439 silly fetch manifest caniuse-lite@^1.0.30001759
2440 silly packumentCache full:https://registry.npmjs.org/caniuse-lite cache-miss
2441 silly fetch manifest electron-to-chromium@^1.5.263
2442 silly packumentCache full:https://registry.npmjs.org/electron-to-chromium cache-miss
2443 silly fetch manifest node-releases@^2.0.27
2444 silly packumentCache full:https://registry.npmjs.org/node-releases cache-miss
2445 silly fetch manifest update-browserslist-db@^1.2.0
2446 silly packumentCache full:https://registry.npmjs.org/update-browserslist-db cache-miss
2447 silly fetch manifest yallist@^3.0.2
2448 silly packumentCache full:https://registry.npmjs.org/yallist cache-miss
2449 http cache https://registry.npmjs.org/caniuse-lite 6ms (cache hit)
2450 silly packumentCache full:https://registry.npmjs.org/caniuse-lite set size:2252610 disposed:false
2451 http fetch GET 200 https://registry.npmjs.org/yallist 56ms (cache miss)
2452 silly packumentCache full:https://registry.npmjs.org/yallist set size:undefined disposed:false
2453 http fetch GET 200 https://registry.npmjs.org/update-browserslist-db 58ms (cache miss)
2454 silly packumentCache full:https://registry.npmjs.org/update-browserslist-db set size:undefined disposed:false
2455 http fetch GET 200 https://registry.npmjs.org/baseline-browser-mapping 77ms (cache miss)
2456 silly packumentCache full:https://registry.npmjs.org/baseline-browser-mapping set size:undefined disposed:false
2457 http fetch GET 200 https://registry.npmjs.org/node-releases 91ms (cache miss)
2458 silly packumentCache full:https://registry.npmjs.org/node-releases set size:undefined disposed:false
2459 http fetch GET 200 https://registry.npmjs.org/electron-to-chromium 305ms (cache miss)
2460 silly packumentCache full:https://registry.npmjs.org/electron-to-chromium set size:undefined disposed:false
2461 silly placeDep ROOT @babel/helper-module-imports@7.28.6 OK for: @babel/helper-module-transforms@7.28.6 want: ^7.28.6
2462 silly placeDep ROOT @babel/helper-globals@7.28.0 OK for: @babel/traverse@7.29.0 want: ^7.28.0
2463 silly placeDep ROOT @babel/helper-string-parser@7.27.1 OK for: @babel/types@7.29.0 want: ^7.27.1
2464 silly fetch manifest browserslist@>= 4.21.0
2465 silly packumentCache full:https://registry.npmjs.org/browserslist cache-miss
2466 http cache https://registry.npmjs.org/browserslist 4ms (cache hit)
2467 silly packumentCache full:https://registry.npmjs.org/browserslist set size:502989 disposed:false
2468 silly placeDep ROOT baseline-browser-mapping@2.9.19 OK for: browserslist@4.28.1 want: ^2.9.0
2469 silly placeDep ROOT caniuse-lite@1.0.30001769 OK for: browserslist@4.28.1 want: ^1.0.30001759
2470 silly placeDep ROOT electron-to-chromium@1.5.286 OK for: browserslist@4.28.1 want: ^1.5.263
2471 silly placeDep ROOT node-releases@2.0.27 OK for: browserslist@4.28.1 want: ^2.0.27
2472 silly placeDep ROOT update-browserslist-db@1.2.3 OK for: browserslist@4.28.1 want: ^1.2.0
2473 silly fetch manifest escalade@^3.2.0
2474 silly packumentCache full:https://registry.npmjs.org/escalade cache-miss
2475 http fetch GET 200 https://registry.npmjs.org/escalade 62ms (cache miss)
2476 silly packumentCache full:https://registry.npmjs.org/escalade set size:undefined disposed:false
2477 silly placeDep ROOT esrecurse@4.3.0 OK for: eslint-scope@8.4.0 want: ^4.3.0
2478 silly placeDep ROOT acorn@8.15.0 OK for: espree@10.4.0 want: ^8.15.0
2479 silly placeDep ROOT acorn-jsx@5.3.2 OK for: espree@10.4.0 want: ^5.3.2
2480 silly placeDep ROOT @nodelib/fs.stat@2.0.5 OK for: fast-glob@3.3.1 want: ^2.0.2
2481 silly placeDep ROOT @nodelib/fs.walk@1.2.8 OK for: fast-glob@3.3.1 want: ^1.2.3
2482 silly placeDep node_modules/fast-glob glob-parent@5.1.2 OK for: fast-glob@3.3.1 want: ^5.1.2
2483 silly placeDep ROOT merge2@1.4.1 OK for: fast-glob@3.3.1 want: ^1.3.0
2484 silly placeDep ROOT micromatch@4.0.8 OK for: fast-glob@3.3.1 want: ^4.0.4
2485 silly fetch manifest fastq@^1.6.0
2486 silly packumentCache full:https://registry.npmjs.org/fastq cache-miss
2487 silly fetch manifest @nodelib/fs.scandir@2.1.5
2488 silly packumentCache full:https://registry.npmjs.org/@nodelib%2ffs.scandir cache-miss
2489 silly fetch manifest braces@^3.0.3
2490 silly packumentCache full:https://registry.npmjs.org/braces cache-miss
2491 silly fetch manifest picomatch@^2.3.1
2492 silly packumentCache full:https://registry.npmjs.org/picomatch cache-miss
2493 http cache https://registry.npmjs.org/picomatch 2ms (cache hit)
2494 silly packumentCache full:https://registry.npmjs.org/picomatch set size:118818 disposed:false
2495 http fetch GET 200 https://registry.npmjs.org/fastq 35ms (cache miss)
2496 silly packumentCache full:https://registry.npmjs.org/fastq set size:undefined disposed:false
2497 http fetch GET 200 https://registry.npmjs.org/braces 47ms (cache miss)
2498 silly packumentCache full:https://registry.npmjs.org/braces set size:undefined disposed:false
2499 http fetch GET 200 https://registry.npmjs.org/@nodelib%2ffs.scandir 76ms (cache miss)
2500 silly packumentCache full:https://registry.npmjs.org/@nodelib%2ffs.scandir set size:undefined disposed:false
2501 silly placeDep ROOT @nodelib/fs.scandir@2.1.5 OK for: @nodelib/fs.walk@1.2.8 want: 2.1.5
2502 silly placeDep ROOT fastq@1.20.1 OK for: @nodelib/fs.walk@1.2.8 want: ^1.6.0
2503 silly fetch manifest run-parallel@^1.1.9
2504 silly packumentCache full:https://registry.npmjs.org/run-parallel cache-miss
2505 silly fetch manifest reusify@^1.0.4
2506 silly packumentCache full:https://registry.npmjs.org/reusify cache-miss
2507 http fetch GET 200 https://registry.npmjs.org/reusify 57ms (cache miss)
2508 silly packumentCache full:https://registry.npmjs.org/reusify set size:undefined disposed:false
2509 http fetch GET 200 https://registry.npmjs.org/run-parallel 74ms (cache miss)
2510 silly packumentCache full:https://registry.npmjs.org/run-parallel set size:undefined disposed:false
2511 silly placeDep ROOT run-parallel@1.2.0 OK for: @nodelib/fs.scandir@2.1.5 want: ^1.1.9
2512 silly fetch manifest queue-microtask@^1.2.2
2513 silly packumentCache full:https://registry.npmjs.org/queue-microtask cache-miss
2514 http fetch GET 200 https://registry.npmjs.org/queue-microtask 35ms (cache miss)
2515 silly packumentCache full:https://registry.npmjs.org/queue-microtask set size:undefined disposed:false
2516 silly placeDep ROOT reusify@1.1.0 OK for: fastq@1.20.1 want: ^1.0.4
2517 silly placeDep ROOT flat-cache@4.0.1 OK for: file-entry-cache@8.0.0 want: ^4.0.0
2518 silly fetch manifest keyv@^4.5.4
2519 silly packumentCache full:https://registry.npmjs.org/keyv cache-miss
2520 silly fetch manifest flatted@^3.2.9
2521 silly packumentCache full:https://registry.npmjs.org/flatted cache-miss
2522 http fetch GET 200 https://registry.npmjs.org/keyv 51ms (cache miss)
2523 silly packumentCache full:https://registry.npmjs.org/keyv set size:undefined disposed:false
2524 http fetch GET 200 https://registry.npmjs.org/flatted 56ms (cache miss)
2525 silly packumentCache full:https://registry.npmjs.org/flatted set size:undefined disposed:false
2526 silly placeDep ROOT locate-path@6.0.0 OK for: find-up@5.0.0 want: ^6.0.0
2527 silly placeDep ROOT path-exists@4.0.0 OK for: find-up@5.0.0 want: ^4.0.0
2528 silly fetch manifest p-locate@^5.0.0
2529 silly packumentCache full:https://registry.npmjs.org/p-locate cache-miss
2530 http fetch GET 200 https://registry.npmjs.org/p-locate 43ms (cache miss)
2531 silly packumentCache full:https://registry.npmjs.org/p-locate set size:undefined disposed:false
2532 silly placeDep ROOT flatted@3.3.3 OK for: flat-cache@4.0.1 want: ^3.2.9
2533 silly placeDep ROOT keyv@4.5.4 OK for: flat-cache@4.0.1 want: ^4.5.4
2534 silly fetch manifest json-buffer@3.0.1
2535 silly packumentCache full:https://registry.npmjs.org/json-buffer cache-miss
2536 http fetch GET 200 https://registry.npmjs.org/json-buffer 43ms (cache miss)
2537 silly packumentCache full:https://registry.npmjs.org/json-buffer set size:undefined disposed:false
2538 silly placeDep ROOT motion-dom@12.33.0 OK for: framer-motion@12.33.0 want: ^12.33.0
2539 silly placeDep ROOT motion-utils@12.29.2 OK for: framer-motion@12.33.0 want: ^12.29.2
2540 silly placeDep ROOT functions-have-names@1.2.3 OK for: function.prototype.name@1.1.8 want: ^1.2.3
2541 silly placeDep ROOT dunder-proto@1.0.1 OK for: get-proto@1.0.1 want: ^1.0.1
2542 silly placeDep ROOT resolve-pkg-maps@1.0.0 OK for: get-tsconfig@4.13.6 want: ^1.0.0
2543 silly placeDep ROOT hermes-estree@0.25.1 OK for: hermes-parser@0.25.1 want: 0.25.1
2544 silly placeDep ROOT parent-module@1.0.1 OK for: import-fresh@3.3.1 want: ^1.0.0
2545 silly placeDep ROOT resolve-from@4.0.0 OK for: import-fresh@3.3.1 want: ^4.0.0
2546 silly fetch manifest callsites@^3.0.0
2547 silly packumentCache full:https://registry.npmjs.org/callsites cache-miss
2548 http fetch GET 200 https://registry.npmjs.org/callsites 102ms (cache miss)
2549 silly packumentCache full:https://registry.npmjs.org/callsites set size:undefined disposed:false
2550 silly placeDep ROOT side-channel@1.1.0 OK for: internal-slot@1.1.0 want: ^1.1.0
2551 silly fetch manifest side-channel-list@^1.0.0
2552 silly packumentCache full:https://registry.npmjs.org/side-channel-list cache-miss
2553 silly fetch manifest side-channel-map@^1.0.1
2554 silly packumentCache full:https://registry.npmjs.org/side-channel-map cache-miss
2555 silly fetch manifest side-channel-weakmap@^1.0.2
2556 silly packumentCache full:https://registry.npmjs.org/side-channel-weakmap cache-miss
2557 http fetch GET 200 https://registry.npmjs.org/side-channel-list 38ms (cache miss)
2558 silly packumentCache full:https://registry.npmjs.org/side-channel-list set size:undefined disposed:false
2559 http fetch GET 200 https://registry.npmjs.org/side-channel-weakmap 50ms (cache miss)
2560 silly packumentCache full:https://registry.npmjs.org/side-channel-weakmap set size:undefined disposed:false
2561 http fetch GET 200 https://registry.npmjs.org/side-channel-map 51ms (cache miss)
2562 silly packumentCache full:https://registry.npmjs.org/side-channel-map set size:undefined disposed:false
2563 silly placeDep node_modules/is-bun-module semver@7.7.4 OK for: is-bun-module@2.0.0 want: ^7.7.1
2564 silly placeDep ROOT is-extglob@2.1.1 OK for: is-glob@4.0.3 want: ^2.1.1
2565 silly placeDep ROOT set-function-name@2.0.2 OK for: iterator.prototype@1.1.5 want: ^2.0.2
2566 silly placeDep ROOT argparse@2.0.1 OK for: js-yaml@4.1.1 want: ^2.0.1
2567 silly placeDep ROOT json-buffer@3.0.1 OK for: keyv@4.5.4 want: 3.0.1
2568 silly placeDep ROOT language-subtag-registry@0.3.23 OK for: language-tags@1.0.9 want: ^0.3.20
2569 silly placeDep ROOT prelude-ls@1.2.1 OK for: levn@0.4.1 want: ^1.2.1
2570 silly placeDep ROOT type-check@0.4.0 OK for: levn@0.4.1 want: ~0.4.0
2571 silly placeDep ROOT detect-libc@2.1.2 OK for: lightningcss@1.30.2 want: ^2.0.3
2572 silly placeDep ROOT lightningcss-android-arm64@1.30.2 OK for: lightningcss@1.30.2 want: 1.30.2
2573 silly placeDep ROOT lightningcss-darwin-arm64@1.30.2 OK for: lightningcss@1.30.2 want: 1.30.2
2574 silly placeDep ROOT lightningcss-darwin-x64@1.30.2 OK for: lightningcss@1.30.2 want: 1.30.2
2575 silly placeDep ROOT lightningcss-freebsd-x64@1.30.2 OK for: lightningcss@1.30.2 want: 1.30.2
2576 silly placeDep ROOT lightningcss-linux-arm-gnueabihf@1.30.2 OK for: lightningcss@1.30.2 want: 1.30.2
2577 silly placeDep ROOT lightningcss-linux-arm64-gnu@1.30.2 OK for: lightningcss@1.30.2 want: 1.30.2
2578 silly placeDep ROOT lightningcss-linux-arm64-musl@1.30.2 OK for: lightningcss@1.30.2 want: 1.30.2
2579 silly placeDep ROOT lightningcss-linux-x64-gnu@1.30.2 OK for: lightningcss@1.30.2 want: 1.30.2
2580 silly placeDep ROOT lightningcss-linux-x64-musl@1.30.2 OK for: lightningcss@1.30.2 want: 1.30.2
2581 silly placeDep ROOT lightningcss-win32-arm64-msvc@1.30.2 OK for: lightningcss@1.30.2 want: 1.30.2
2582 silly placeDep ROOT lightningcss-win32-x64-msvc@1.30.2 OK for: lightningcss@1.30.2 want: 1.30.2
2583 silly placeDep ROOT p-locate@5.0.0 OK for: locate-path@6.0.0 want: ^5.0.0
2584 silly fetch manifest p-limit@^3.0.2
2585 silly packumentCache full:https://registry.npmjs.org/p-limit cache-miss
2586 http fetch GET 200 https://registry.npmjs.org/p-limit 43ms (cache miss)
2587 silly packumentCache full:https://registry.npmjs.org/p-limit set size:undefined disposed:false
2588 silly placeDep ROOT yallist@3.1.1 OK for: lru-cache@5.1.1 want: ^3.0.2
2589 silly placeDep ROOT braces@3.0.3 OK for: micromatch@4.0.8 want: ^3.0.3
2590 silly placeDep ROOT picomatch@2.3.1 OK for: micromatch@4.0.8 want: ^2.3.1
2591 silly fetch manifest fill-range@^7.1.1
2592 silly packumentCache full:https://registry.npmjs.org/fill-range cache-miss
2593 http fetch GET 200 https://registry.npmjs.org/fill-range 57ms (cache miss)
2594 silly packumentCache full:https://registry.npmjs.org/fill-range set size:undefined disposed:false
2595 silly placeDep ROOT fill-range@7.1.1 OK for: braces@3.0.3 want: ^7.1.1
2596 silly fetch manifest to-regex-range@^5.0.1
2597 silly packumentCache full:https://registry.npmjs.org/to-regex-range cache-miss
2598 http fetch GET 200 https://registry.npmjs.org/to-regex-range 65ms (cache miss)
2599 silly packumentCache full:https://registry.npmjs.org/to-regex-range set size:undefined disposed:false
2600 silly placeDep ROOT to-regex-range@5.0.1 OK for: fill-range@7.1.1 want: ^5.0.1
2601 silly fetch manifest is-number@^7.0.0
2602 silly packumentCache full:https://registry.npmjs.org/is-number cache-miss
2603 http fetch GET 200 https://registry.npmjs.org/is-number 139ms (cache miss)
2604 silly packumentCache full:https://registry.npmjs.org/is-number set size:undefined disposed:false
2605 silly placeDep ROOT brace-expansion@1.1.12 OK for: minimatch@3.1.2 want: ^1.1.7
2606 silly fetch manifest balanced-match@^1.0.0
2607 silly packumentCache full:https://registry.npmjs.org/balanced-match cache-miss
2608 silly fetch manifest concat-map@0.0.1
2609 silly packumentCache full:https://registry.npmjs.org/concat-map cache-miss
2610 http fetch GET 200 https://registry.npmjs.org/balanced-match 49ms (cache miss)
2611 silly packumentCache full:https://registry.npmjs.org/balanced-match set size:undefined disposed:false
2612 http fetch GET 200 https://registry.npmjs.org/concat-map 50ms (cache miss)
2613 silly packumentCache full:https://registry.npmjs.org/concat-map set size:undefined disposed:false
2614 silly placeDep ROOT balanced-match@1.0.2 OK for: brace-expansion@1.1.12 want: ^1.0.0
2615 silly placeDep ROOT concat-map@0.0.1 OK for: brace-expansion@1.1.12 want: 0.0.1
2616 silly fetch manifest react@^18.2.0 || 19.0.0-rc-de68d2f4-20241204 || ^19.0.0
2617 silly packumentCache full:https://registry.npmjs.org/react cache-miss
2618 http cache https://registry.npmjs.org/react 10ms (cache hit)
2619 silly packumentCache full:https://registry.npmjs.org/react set size:6466562 disposed:false
2620 silly placeDep ROOT @next/env@16.0.10 OK for: next@16.0.10 want: 16.0.10
2621 silly placeDep ROOT @next/swc-darwin-arm64@16.0.10 OK for: next@16.0.10 want: 16.0.10
2622 silly placeDep ROOT @next/swc-darwin-x64@16.0.10 OK for: next@16.0.10 want: 16.0.10
2623 silly placeDep ROOT @next/swc-linux-arm64-gnu@16.0.10 OK for: next@16.0.10 want: 16.0.10
2624 silly placeDep ROOT @next/swc-linux-arm64-musl@16.0.10 OK for: next@16.0.10 want: 16.0.10
2625 silly placeDep ROOT @next/swc-linux-x64-gnu@16.0.10 OK for: next@16.0.10 want: 16.0.10
2626 silly placeDep ROOT @next/swc-linux-x64-musl@16.0.10 OK for: next@16.0.10 want: 16.0.10
2627 silly placeDep ROOT @next/swc-win32-arm64-msvc@16.0.10 OK for: next@16.0.10 want: 16.0.10
2628 silly placeDep ROOT @next/swc-win32-x64-msvc@16.0.10 OK for: next@16.0.10 want: 16.0.10
2629 silly placeDep ROOT @swc/helpers@0.5.15 OK for: next@16.0.10 want: 0.5.15
2630 silly placeDep node_modules/next postcss@8.4.31 OK for: next@16.0.10 want: 8.4.31
2631 silly placeDep ROOT styled-jsx@5.1.6 OK for: next@16.0.10 want: 5.1.6
2632 silly fetch manifest nanoid@^3.3.6
2633 silly packumentCache full:https://registry.npmjs.org/nanoid cache-miss
2634 silly fetch manifest client-only@0.0.1
2635 silly packumentCache full:https://registry.npmjs.org/client-only cache-miss
2636 http cache https://registry.npmjs.org/nanoid 33ms (cache hit)
2637 silly packumentCache full:https://registry.npmjs.org/nanoid set size:298419 disposed:false
2638 http fetch GET 200 https://registry.npmjs.org/client-only 52ms (cache miss)
2639 silly packumentCache full:https://registry.npmjs.org/client-only set size:undefined disposed:false
2640 silly placeDep ROOT deep-is@0.1.4 OK for: optionator@0.9.4 want: ^0.1.3
2641 silly placeDep ROOT fast-levenshtein@2.0.6 OK for: optionator@0.9.4 want: ^2.0.6
2642 silly placeDep ROOT word-wrap@1.2.5 OK for: optionator@0.9.4 want: ^1.2.5
2643 silly placeDep ROOT p-limit@3.1.0 OK for: p-locate@5.0.0 want: ^3.0.2
2644 silly fetch manifest yocto-queue@^0.1.0
2645 silly packumentCache full:https://registry.npmjs.org/yocto-queue cache-miss
2646 http fetch GET 200 https://registry.npmjs.org/yocto-queue 44ms (cache miss)
2647 silly packumentCache full:https://registry.npmjs.org/yocto-queue set size:undefined disposed:false
2648 silly placeDep ROOT yocto-queue@0.1.0 OK for: p-limit@3.1.0 want: ^0.1.0
2649 silly placeDep ROOT callsites@3.1.0 OK for: parent-module@1.0.1 want: ^3.0.0
2650 silly fetch manifest pg@>=8.0
2651 silly packumentCache full:https://registry.npmjs.org/pg cache-miss
2652 http cache https://registry.npmjs.org/pg 3ms (cache hit)
2653 silly packumentCache full:https://registry.npmjs.org/pg set size:470757 disposed:false
2654 silly placeDep ROOT pg-cloudflare@1.3.0 OK for: pg@8.18.0 want: ^1.3.0
2655 silly placeDep ROOT pg-connection-string@2.11.0 OK for: pg@8.18.0 want: ^2.11.0
2656 silly placeDep ROOT pg-pool@3.11.0 OK for: pg@8.18.0 want: ^3.11.0
2657 silly placeDep ROOT pgpass@1.0.5 OK for: pg@8.18.0 want: 1.0.5
2658 silly fetch manifest split2@^4.1.0
2659 silly packumentCache full:https://registry.npmjs.org/split2 cache-miss
2660 http fetch GET 200 https://registry.npmjs.org/split2 37ms (cache miss)
2661 silly packumentCache full:https://registry.npmjs.org/split2 set size:undefined disposed:false
2662 silly placeDep ROOT pg-int8@1.0.1 OK for: pg-types@2.2.0 want: 1.0.1
2663 silly placeDep ROOT postgres-array@2.0.0 OK for: pg-types@2.2.0 want: ~2.0.0
2664 silly placeDep ROOT postgres-bytea@1.0.1 OK for: pg-types@2.2.0 want: ~1.0.0
2665 silly placeDep ROOT postgres-date@1.0.7 OK for: pg-types@2.2.0 want: ~1.0.4
2666 silly placeDep ROOT postgres-interval@1.2.0 OK for: pg-types@2.2.0 want: ^1.1.0
2667 silly fetch manifest xtend@^4.0.0
2668 silly packumentCache full:https://registry.npmjs.org/xtend cache-miss
2669 http fetch GET 200 https://registry.npmjs.org/xtend 42ms (cache miss)
2670 silly packumentCache full:https://registry.npmjs.org/xtend set size:undefined disposed:false
2671 silly placeDep ROOT split2@4.2.0 OK for: pgpass@1.0.5 want: ^4.1.0
2672 silly placeDep ROOT fsevents@2.3.2 OK for: playwright@1.58.2 want: 2.3.2
2673 silly placeDep ROOT playwright-core@1.58.2 OK for: playwright@1.58.2 want: 1.58.2
2674 silly placeDep ROOT @types/liftoff@4.0.3 OK for: plop@4.0.5 want: ^4.0.3
2675 silly placeDep ROOT interpret@3.1.1 OK for: plop@4.0.5 want: ^3.1.1
2676 silly placeDep ROOT liftoff@5.0.1 OK for: plop@4.0.5 want: ^5.0.1
2677 silly placeDep ROOT nanospinner@1.2.2 OK for: plop@4.0.5 want: ^1.2.2
2678 silly placeDep ROOT node-plop@0.32.3 OK for: plop@4.0.5 want: ^0.32.3
2679 silly placeDep ROOT v8flags@4.0.1 OK for: plop@4.0.5 want: ^4.0.1
2680 silly fetch manifest @types/fined@*
2681 silly packumentCache full:https://registry.npmjs.org/@types%2ffined cache-miss
2682 silly fetch manifest extend@^3.0.2
2683 silly packumentCache full:https://registry.npmjs.org/extend cache-miss
2684 silly fetch manifest findup-sync@^5.0.0
2685 silly packumentCache full:https://registry.npmjs.org/findup-sync cache-miss
2686 silly fetch manifest fined@^2.0.0
2687 silly packumentCache full:https://registry.npmjs.org/fined cache-miss
2688 silly fetch manifest flagged-respawn@^2.0.0
2689 silly packumentCache full:https://registry.npmjs.org/flagged-respawn cache-miss
2690 silly fetch manifest is-plain-object@^5.0.0
2691 silly packumentCache full:https://registry.npmjs.org/is-plain-object cache-miss
2692 silly fetch manifest rechoir@^0.8.0
2693 silly packumentCache full:https://registry.npmjs.org/rechoir cache-miss
2694 silly fetch manifest @types/inquirer@^9.0.9
2695 silly packumentCache full:https://registry.npmjs.org/@types%2finquirer cache-miss
2696 silly fetch manifest @types/picomatch@^4.0.2
2697 silly packumentCache full:https://registry.npmjs.org/@types%2fpicomatch cache-miss
2698 http fetch GET 200 https://registry.npmjs.org/fined 53ms (cache miss)
2699 silly packumentCache full:https://registry.npmjs.org/fined set size:undefined disposed:false
2700 silly fetch manifest change-case@^5.4.4
2701 silly packumentCache full:https://registry.npmjs.org/change-case cache-miss
2702 http fetch GET 200 https://registry.npmjs.org/extend 55ms (cache miss)
2703 silly packumentCache full:https://registry.npmjs.org/extend set size:undefined disposed:false
2704 silly fetch manifest dlv@^1.1.3
2705 silly packumentCache full:https://registry.npmjs.org/dlv cache-miss
2706 http fetch GET 200 https://registry.npmjs.org/rechoir 61ms (cache miss)
2707 silly packumentCache full:https://registry.npmjs.org/rechoir set size:undefined disposed:false
2708 silly fetch manifest handlebars@^4.7.8
2709 silly packumentCache full:https://registry.npmjs.org/handlebars cache-miss
2710 http fetch GET 200 https://registry.npmjs.org/flagged-respawn 64ms (cache miss)
2711 silly packumentCache full:https://registry.npmjs.org/flagged-respawn set size:undefined disposed:false
2712 silly fetch manifest inquirer@^9.3.8
2713 silly packumentCache full:https://registry.npmjs.org/inquirer cache-miss
2714 http fetch GET 200 https://registry.npmjs.org/@types%2finquirer 64ms (cache miss)
2715 silly packumentCache full:https://registry.npmjs.org/@types%2finquirer set size:undefined disposed:false
2716 silly fetch manifest isbinaryfile@^5.0.6
2717 silly packumentCache full:https://registry.npmjs.org/isbinaryfile cache-miss
2718 http fetch GET 200 https://registry.npmjs.org/is-plain-object 73ms (cache miss)
2719 silly packumentCache full:https://registry.npmjs.org/is-plain-object set size:undefined disposed:false
2720 silly fetch manifest title-case@^4.3.2
2721 silly packumentCache full:https://registry.npmjs.org/title-case cache-miss
2722 http fetch GET 200 https://registry.npmjs.org/@types%2fpicomatch 75ms (cache miss)
2723 silly packumentCache full:https://registry.npmjs.org/@types%2fpicomatch set size:undefined disposed:false
2724 http fetch GET 200 https://registry.npmjs.org/findup-sync 80ms (cache miss)
2725 silly packumentCache full:https://registry.npmjs.org/findup-sync set size:undefined disposed:false
2726 http fetch GET 200 https://registry.npmjs.org/@types%2ffined 84ms (cache miss)
2727 silly packumentCache full:https://registry.npmjs.org/@types%2ffined set size:undefined disposed:false
2728 http fetch GET 200 https://registry.npmjs.org/dlv 44ms (cache miss)
2729 silly packumentCache full:https://registry.npmjs.org/dlv set size:undefined disposed:false
2730 http fetch GET 200 https://registry.npmjs.org/change-case 48ms (cache miss)
2731 silly packumentCache full:https://registry.npmjs.org/change-case set size:undefined disposed:false
2732 http fetch GET 200 https://registry.npmjs.org/isbinaryfile 52ms (cache miss)
2733 silly packumentCache full:https://registry.npmjs.org/isbinaryfile set size:undefined disposed:false
2734 http fetch GET 200 https://registry.npmjs.org/handlebars 67ms (cache miss)
2735 silly packumentCache full:https://registry.npmjs.org/handlebars set size:undefined disposed:false
2736 http fetch GET 200 https://registry.npmjs.org/title-case 59ms (cache miss)
2737 silly packumentCache full:https://registry.npmjs.org/title-case set size:undefined disposed:false
2738 http fetch GET 200 https://registry.npmjs.org/inquirer 84ms (cache miss)
2739 silly packumentCache full:https://registry.npmjs.org/inquirer set size:undefined disposed:false
2740 silly placeDep ROOT @types/fined@1.1.5 OK for: @types/liftoff@4.0.3 want: *
2741 silly placeDep ROOT extend@3.0.2 OK for: liftoff@5.0.1 want: ^3.0.2
2742 silly placeDep ROOT findup-sync@5.0.0 OK for: liftoff@5.0.1 want: ^5.0.0
2743 silly placeDep ROOT fined@2.0.0 OK for: liftoff@5.0.1 want: ^2.0.0
2744 silly placeDep ROOT flagged-respawn@2.0.0 OK for: liftoff@5.0.1 want: ^2.0.0
2745 silly placeDep ROOT is-plain-object@5.0.0 OK for: liftoff@5.0.1 want: ^5.0.0
2746 silly placeDep ROOT rechoir@0.8.0 OK for: liftoff@5.0.1 want: ^0.8.0
2747 silly fetch manifest detect-file@^1.0.0
2748 silly packumentCache full:https://registry.npmjs.org/detect-file cache-miss
2749 silly fetch manifest resolve-dir@^1.0.1
2750 silly packumentCache full:https://registry.npmjs.org/resolve-dir cache-miss
2751 silly fetch manifest expand-tilde@^2.0.2
2752 silly packumentCache full:https://registry.npmjs.org/expand-tilde cache-miss
2753 silly fetch manifest object.defaults@^1.1.0
2754 silly packumentCache full:https://registry.npmjs.org/object.defaults cache-miss
2755 silly fetch manifest object.pick@^1.3.0
2756 silly packumentCache full:https://registry.npmjs.org/object.pick cache-miss
2757 silly fetch manifest parse-filepath@^1.0.2
2758 silly packumentCache full:https://registry.npmjs.org/parse-filepath cache-miss
2759 http fetch GET 200 https://registry.npmjs.org/detect-file 43ms (cache miss)
2760 silly packumentCache full:https://registry.npmjs.org/detect-file set size:undefined disposed:false
2761 http fetch GET 200 https://registry.npmjs.org/resolve-dir 60ms (cache miss)
2762 silly packumentCache full:https://registry.npmjs.org/resolve-dir set size:undefined disposed:false
2763 http fetch GET 200 https://registry.npmjs.org/object.pick 68ms (cache miss)
2764 silly packumentCache full:https://registry.npmjs.org/object.pick set size:undefined disposed:false
2765 http fetch GET 200 https://registry.npmjs.org/object.defaults 91ms (cache miss)
2766 silly packumentCache full:https://registry.npmjs.org/object.defaults set size:undefined disposed:false
2767 http fetch GET 200 https://registry.npmjs.org/parse-filepath 96ms (cache miss)
2768 silly packumentCache full:https://registry.npmjs.org/parse-filepath set size:undefined disposed:false
2769 http fetch GET 200 https://registry.npmjs.org/expand-tilde 101ms (cache miss)
2770 silly packumentCache full:https://registry.npmjs.org/expand-tilde set size:undefined disposed:false
2771 silly placeDep ROOT detect-file@1.0.0 OK for: findup-sync@5.0.0 want: ^1.0.0
2772 silly placeDep ROOT resolve-dir@1.0.1 OK for: findup-sync@5.0.0 want: ^1.0.1
2773 silly fetch manifest expand-tilde@^2.0.0
2774 silly packumentCache full:https://registry.npmjs.org/expand-tilde cache-miss
2775 silly fetch manifest global-modules@^1.0.0
2776 silly packumentCache full:https://registry.npmjs.org/global-modules cache-miss
2777 http cache https://registry.npmjs.org/expand-tilde 2ms (cache hit)
2778 silly packumentCache full:https://registry.npmjs.org/expand-tilde set size:21222 disposed:false
2779 http fetch GET 200 https://registry.npmjs.org/global-modules 40ms (cache miss)
2780 silly packumentCache full:https://registry.npmjs.org/global-modules set size:undefined disposed:false
2781 silly placeDep ROOT expand-tilde@2.0.2 OK for: fined@2.0.0 want: ^2.0.2
2782 silly placeDep ROOT object.defaults@1.1.0 OK for: fined@2.0.0 want: ^1.1.0
2783 silly placeDep ROOT object.pick@1.3.0 OK for: fined@2.0.0 want: ^1.3.0
2784 silly placeDep ROOT parse-filepath@1.0.2 OK for: fined@2.0.0 want: ^1.0.2
2785 silly fetch manifest homedir-polyfill@^1.0.1
2786 silly packumentCache full:https://registry.npmjs.org/homedir-polyfill cache-miss
2787 silly fetch manifest array-each@^1.0.1
2788 silly packumentCache full:https://registry.npmjs.org/array-each cache-miss
2789 silly fetch manifest array-slice@^1.0.0
2790 silly packumentCache full:https://registry.npmjs.org/array-slice cache-miss
2791 silly fetch manifest for-own@^1.0.0
2792 silly packumentCache full:https://registry.npmjs.org/for-own cache-miss
2793 silly fetch manifest isobject@^3.0.0
2794 silly packumentCache full:https://registry.npmjs.org/isobject cache-miss
2795 silly fetch manifest isobject@^3.0.1
2796 silly packumentCache full:https://registry.npmjs.org/isobject cache-miss
2797 silly fetch manifest is-absolute@^1.0.0
2798 silly packumentCache full:https://registry.npmjs.org/is-absolute cache-miss
2799 silly fetch manifest map-cache@^0.2.0
2800 silly packumentCache full:https://registry.npmjs.org/map-cache cache-miss
2801 silly fetch manifest path-root@^0.1.1
2802 silly packumentCache full:https://registry.npmjs.org/path-root cache-miss
2803 http fetch GET 200 https://registry.npmjs.org/homedir-polyfill 53ms (cache miss)
2804 silly packumentCache full:https://registry.npmjs.org/homedir-polyfill set size:undefined disposed:false
2805 http fetch GET 200 https://registry.npmjs.org/array-slice 52ms (cache miss)
2806 silly packumentCache full:https://registry.npmjs.org/array-slice set size:undefined disposed:false
2807 http fetch GET 200 https://registry.npmjs.org/is-absolute 54ms (cache miss)
2808 silly packumentCache full:https://registry.npmjs.org/is-absolute set size:undefined disposed:false
2809 http fetch GET 200 https://registry.npmjs.org/isobject 58ms (cache miss)
2810 silly packumentCache full:https://registry.npmjs.org/isobject set size:undefined disposed:false
2811 http fetch GET 200 https://registry.npmjs.org/map-cache 62ms (cache miss)
2812 silly packumentCache full:https://registry.npmjs.org/map-cache set size:undefined disposed:false
2813 http fetch GET 200 https://registry.npmjs.org/array-each 62ms (cache miss)
2814 silly packumentCache full:https://registry.npmjs.org/array-each set size:undefined disposed:false
2815 http fetch GET 200 https://registry.npmjs.org/isobject 63ms (cache miss)
2816 silly packumentCache full:https://registry.npmjs.org/isobject set size:undefined disposed:false
2817 http fetch GET 200 https://registry.npmjs.org/for-own 71ms (cache miss)
2818 silly packumentCache full:https://registry.npmjs.org/for-own set size:undefined disposed:false
2819 http fetch GET 200 https://registry.npmjs.org/path-root 78ms (cache miss)
2820 silly packumentCache full:https://registry.npmjs.org/path-root set size:undefined disposed:false
2821 silly placeDep ROOT homedir-polyfill@1.0.3 OK for: expand-tilde@2.0.2 want: ^1.0.1
2822 silly fetch manifest parse-passwd@^1.0.0
2823 silly packumentCache full:https://registry.npmjs.org/parse-passwd cache-miss
2824 http fetch GET 200 https://registry.npmjs.org/parse-passwd 42ms (cache miss)
2825 silly packumentCache full:https://registry.npmjs.org/parse-passwd set size:undefined disposed:false
2826 silly placeDep ROOT parse-passwd@1.0.0 OK for: homedir-polyfill@1.0.3 want: ^1.0.0
2827 silly placeDep ROOT @types/inquirer@9.0.9 OK for: node-plop@0.32.3 want: ^9.0.9
2828 silly placeDep ROOT @types/picomatch@4.0.2 OK for: node-plop@0.32.3 want: ^4.0.2
2829 silly placeDep ROOT change-case@5.4.4 OK for: node-plop@0.32.3 want: ^5.4.4
2830 silly placeDep ROOT dlv@1.1.3 OK for: node-plop@0.32.3 want: ^1.1.3
2831 silly placeDep ROOT handlebars@4.7.8 OK for: node-plop@0.32.3 want: ^4.7.8
2832 silly placeDep ROOT inquirer@9.3.8 OK for: node-plop@0.32.3 want: ^9.3.8
2833 silly placeDep ROOT isbinaryfile@5.0.7 OK for: node-plop@0.32.3 want: ^5.0.6
2834 silly placeDep ROOT title-case@4.3.2 OK for: node-plop@0.32.3 want: ^4.3.2
2835 silly fetch manifest rxjs@^7.2.0
2836 silly packumentCache full:https://registry.npmjs.org/rxjs cache-miss
2837 silly fetch manifest @types/through@*
2838 silly packumentCache full:https://registry.npmjs.org/@types%2fthrough cache-miss
2839 silly fetch manifest minimist@^1.2.5
2840 silly packumentCache full:https://registry.npmjs.org/minimist cache-miss
2841 silly fetch manifest neo-async@^2.6.2
2842 silly packumentCache full:https://registry.npmjs.org/neo-async cache-miss
2843 silly fetch manifest source-map@^0.6.1
2844 silly packumentCache full:https://registry.npmjs.org/source-map cache-miss
2845 silly fetch manifest wordwrap@^1.0.0
2846 silly packumentCache full:https://registry.npmjs.org/wordwrap cache-miss
2847 silly fetch manifest uglify-js@^3.1.4
2848 silly packumentCache full:https://registry.npmjs.org/uglify-js cache-miss
2849 silly fetch manifest ora@^5.4.1
2850 silly packumentCache full:https://registry.npmjs.org/ora cache-miss
2851 silly fetch manifest rxjs@^7.8.1
2852 silly packumentCache full:https://registry.npmjs.org/rxjs cache-miss
2853 http cache https://registry.npmjs.org/minimist 3ms (cache hit)
2854 silly packumentCache full:https://registry.npmjs.org/minimist set size:77082 disposed:false
2855 silly fetch manifest cli-width@^4.1.0
2856 silly packumentCache full:https://registry.npmjs.org/cli-width cache-miss
2857 http fetch GET 200 https://registry.npmjs.org/neo-async 42ms (cache miss)
2858 silly packumentCache full:https://registry.npmjs.org/neo-async set size:undefined disposed:false
2859 silly fetch manifest run-async@^3.0.0
2860 silly packumentCache full:https://registry.npmjs.org/run-async cache-miss
2861 http fetch GET 200 https://registry.npmjs.org/wordwrap 48ms (cache miss)
2862 silly packumentCache full:https://registry.npmjs.org/wordwrap set size:undefined disposed:false
2863 silly fetch manifest wrap-ansi@^6.2.0
2864 silly packumentCache full:https://registry.npmjs.org/wrap-ansi cache-miss
2865 http fetch GET 200 https://registry.npmjs.org/uglify-js 61ms (cache miss)
2866 silly packumentCache full:https://registry.npmjs.org/uglify-js set size:undefined disposed:false
2867 silly fetch manifest strip-ansi@^6.0.1
2868 silly packumentCache full:https://registry.npmjs.org/strip-ansi cache-miss
2869 http fetch GET 200 https://registry.npmjs.org/cli-width 63ms (cache miss)
2870 silly packumentCache full:https://registry.npmjs.org/cli-width set size:undefined disposed:false
2871 silly fetch manifest mute-stream@1.0.0
2872 silly packumentCache full:https://registry.npmjs.org/mute-stream cache-miss
2873 http fetch GET 200 https://registry.npmjs.org/source-map 74ms (cache miss)
2874 silly packumentCache full:https://registry.npmjs.org/source-map set size:undefined disposed:false
2875 silly fetch manifest ansi-escapes@^4.3.2
2876 silly packumentCache full:https://registry.npmjs.org/ansi-escapes cache-miss
2877 http fetch GET 200 https://registry.npmjs.org/rxjs 79ms (cache miss)
2878 silly packumentCache full:https://registry.npmjs.org/rxjs set size:undefined disposed:false
2879 silly fetch manifest string-width@^4.2.3
2880 silly packumentCache full:https://registry.npmjs.org/string-width cache-miss
2881 http fetch GET 200 https://registry.npmjs.org/@types%2fthrough 85ms (cache miss)
2882 silly packumentCache full:https://registry.npmjs.org/@types%2fthrough set size:undefined disposed:false
2883 silly fetch manifest yoctocolors-cjs@^2.1.2
2884 silly packumentCache full:https://registry.npmjs.org/yoctocolors-cjs cache-miss
2885 http fetch GET 200 https://registry.npmjs.org/ora 86ms (cache miss)
2886 silly packumentCache full:https://registry.npmjs.org/ora set size:undefined disposed:false
2887 silly fetch manifest @inquirer/figures@^1.0.3
2888 silly packumentCache full:https://registry.npmjs.org/@inquirer%2ffigures cache-miss
2889 http fetch GET 200 https://registry.npmjs.org/run-async 45ms (cache miss)
2890 silly packumentCache full:https://registry.npmjs.org/run-async set size:undefined disposed:false
2891 silly fetch manifest @inquirer/external-editor@^1.0.2
2892 silly packumentCache full:https://registry.npmjs.org/@inquirer%2fexternal-editor cache-miss
2893 http fetch GET 200 https://registry.npmjs.org/rxjs 90ms (cache miss)
2894 silly packumentCache full:https://registry.npmjs.org/rxjs set size:undefined disposed:false
2895 http fetch GET 200 https://registry.npmjs.org/strip-ansi 36ms (cache miss)
2896 silly packumentCache full:https://registry.npmjs.org/strip-ansi set size:undefined disposed:false
2897 http fetch GET 200 https://registry.npmjs.org/mute-stream 42ms (cache miss)
2898 silly packumentCache full:https://registry.npmjs.org/mute-stream set size:undefined disposed:false
2899 http fetch GET 200 https://registry.npmjs.org/wrap-ansi 66ms (cache miss)
2900 silly packumentCache full:https://registry.npmjs.org/wrap-ansi set size:undefined disposed:false
2901 http fetch GET 200 https://registry.npmjs.org/@inquirer%2fexternal-editor 54ms (cache miss)
2902 silly packumentCache full:https://registry.npmjs.org/@inquirer%2fexternal-editor set size:undefined disposed:false
2903 http fetch GET 200 https://registry.npmjs.org/yoctocolors-cjs 62ms (cache miss)
2904 silly packumentCache full:https://registry.npmjs.org/yoctocolors-cjs set size:undefined disposed:false
2905 http fetch GET 200 https://registry.npmjs.org/string-width 73ms (cache miss)
2906 silly packumentCache full:https://registry.npmjs.org/string-width set size:undefined disposed:false
2907 http fetch GET 200 https://registry.npmjs.org/ansi-escapes 88ms (cache miss)
2908 silly packumentCache full:https://registry.npmjs.org/ansi-escapes set size:undefined disposed:false
2909 http fetch GET 200 https://registry.npmjs.org/@inquirer%2ffigures 79ms (cache miss)
2910 silly packumentCache full:https://registry.npmjs.org/@inquirer%2ffigures set size:undefined disposed:false
2911 silly placeDep ROOT @types/through@0.0.33 OK for: @types/inquirer@9.0.9 want: *
2912 silly placeDep ROOT rxjs@7.8.2 OK for: @types/inquirer@9.0.9 want: ^7.2.0
2913 silly placeDep ROOT minimist@1.2.8 OK for: handlebars@4.7.8 want: ^1.2.5
2914 silly placeDep ROOT neo-async@2.6.2 OK for: handlebars@4.7.8 want: ^2.6.2
2915 silly placeDep ROOT source-map@0.6.1 OK for: handlebars@4.7.8 want: ^0.6.1
2916 silly placeDep ROOT uglify-js@3.19.3 OK for: handlebars@4.7.8 want: ^3.1.4
2917 silly placeDep ROOT wordwrap@1.0.0 OK for: handlebars@4.7.8 want: ^1.0.0
2918 silly fetch manifest @types/node@>=18
2919 silly packumentCache full:https://registry.npmjs.org/@types%2fnode cache-miss
2920 http cache https://registry.npmjs.org/@types%2fnode 17ms (cache hit)
2921 silly packumentCache full:https://registry.npmjs.org/@types%2fnode set size:10833619 disposed:false
2922 silly placeDep ROOT @inquirer/external-editor@1.0.3 OK for: inquirer@9.3.8 want: ^1.0.2
2923 silly placeDep ROOT @inquirer/figures@1.0.15 OK for: inquirer@9.3.8 want: ^1.0.3
2924 silly placeDep ROOT ansi-escapes@4.3.2 OK for: inquirer@9.3.8 want: ^4.3.2
2925 silly placeDep ROOT cli-width@4.1.0 OK for: inquirer@9.3.8 want: ^4.1.0
2926 silly placeDep ROOT mute-stream@1.0.0 OK for: inquirer@9.3.8 want: 1.0.0
2927 silly placeDep ROOT ora@5.4.1 OK for: inquirer@9.3.8 want: ^5.4.1
2928 silly placeDep ROOT run-async@3.0.0 OK for: inquirer@9.3.8 want: ^3.0.0
2929 silly placeDep ROOT string-width@4.2.3 OK for: inquirer@9.3.8 want: ^4.2.3
2930 silly placeDep ROOT strip-ansi@6.0.1 OK for: inquirer@9.3.8 want: ^6.0.1
2931 silly placeDep ROOT wrap-ansi@6.2.0 OK for: inquirer@9.3.8 want: ^6.2.0
2932 silly placeDep ROOT yoctocolors-cjs@2.1.3 OK for: inquirer@9.3.8 want: ^2.1.2
2933 silly fetch manifest chardet@^2.1.1
2934 silly packumentCache full:https://registry.npmjs.org/chardet cache-miss
2935 silly fetch manifest iconv-lite@^0.7.0
2936 silly packumentCache full:https://registry.npmjs.org/iconv-lite cache-miss
2937 silly fetch manifest type-fest@^0.21.3
2938 silly packumentCache full:https://registry.npmjs.org/type-fest cache-miss
2939 silly fetch manifest bl@^4.1.0
2940 silly packumentCache full:https://registry.npmjs.org/bl cache-miss
2941 silly fetch manifest wcwidth@^1.0.1
2942 silly packumentCache full:https://registry.npmjs.org/wcwidth cache-miss
2943 silly fetch manifest cli-cursor@^3.1.0
2944 silly packumentCache full:https://registry.npmjs.org/cli-cursor cache-miss
2945 silly fetch manifest strip-ansi@^6.0.0
2946 silly packumentCache full:https://registry.npmjs.org/strip-ansi cache-miss
2947 silly fetch manifest log-symbols@^4.1.0
2948 silly packumentCache full:https://registry.npmjs.org/log-symbols cache-miss
2949 silly fetch manifest cli-spinners@^2.5.0
2950 silly packumentCache full:https://registry.npmjs.org/cli-spinners cache-miss
2951 http cache https://registry.npmjs.org/strip-ansi 7ms (cache hit)
2952 silly packumentCache full:https://registry.npmjs.org/strip-ansi set size:41855 disposed:false
2953 silly fetch manifest is-interactive@^1.0.0
2954 silly packumentCache full:https://registry.npmjs.org/is-interactive cache-miss
2955 http fetch GET 200 https://registry.npmjs.org/wcwidth 49ms (cache miss)
2956 silly packumentCache full:https://registry.npmjs.org/wcwidth set size:undefined disposed:false
2957 silly fetch manifest is-unicode-supported@^0.1.0
2958 silly packumentCache full:https://registry.npmjs.org/is-unicode-supported cache-miss
2959 http fetch GET 200 https://registry.npmjs.org/cli-cursor 62ms (cache miss)
2960 silly packumentCache full:https://registry.npmjs.org/cli-cursor set size:undefined disposed:false
2961 silly fetch manifest emoji-regex@^8.0.0
2962 silly packumentCache full:https://registry.npmjs.org/emoji-regex cache-miss
2963 http fetch GET 200 https://registry.npmjs.org/iconv-lite 64ms (cache miss)
2964 silly packumentCache full:https://registry.npmjs.org/iconv-lite set size:undefined disposed:false
2965 silly fetch manifest is-fullwidth-code-point@^3.0.0
2966 silly packumentCache full:https://registry.npmjs.org/is-fullwidth-code-point cache-miss
2967 http fetch GET 200 https://registry.npmjs.org/log-symbols 64ms (cache miss)
2968 silly packumentCache full:https://registry.npmjs.org/log-symbols set size:undefined disposed:false
2969 silly fetch manifest ansi-regex@^5.0.1
2970 silly packumentCache full:https://registry.npmjs.org/ansi-regex cache-miss
2971 http fetch GET 200 https://registry.npmjs.org/bl 66ms (cache miss)
2972 silly packumentCache full:https://registry.npmjs.org/bl set size:undefined disposed:false
2973 http fetch GET 200 https://registry.npmjs.org/chardet 69ms (cache miss)
2974 silly packumentCache full:https://registry.npmjs.org/chardet set size:undefined disposed:false
2975 http cache https://registry.npmjs.org/emoji-regex 6ms (cache hit)
2976 silly packumentCache full:https://registry.npmjs.org/emoji-regex set size:89088 disposed:false
2977 http fetch GET 200 https://registry.npmjs.org/is-interactive 63ms (cache miss)
2978 silly packumentCache full:https://registry.npmjs.org/is-interactive set size:undefined disposed:false
2979 http fetch GET 200 https://registry.npmjs.org/type-fest 74ms (cache miss)
2980 silly packumentCache full:https://registry.npmjs.org/type-fest set size:undefined disposed:false
2981 http fetch GET 200 https://registry.npmjs.org/cli-spinners 76ms (cache miss)
2982 silly packumentCache full:https://registry.npmjs.org/cli-spinners set size:undefined disposed:false
2983 http fetch GET 200 https://registry.npmjs.org/is-unicode-supported 34ms (cache miss)
2984 silly packumentCache full:https://registry.npmjs.org/is-unicode-supported set size:undefined disposed:false
2985 http fetch GET 200 https://registry.npmjs.org/is-fullwidth-code-point 56ms (cache miss)
2986 silly packumentCache full:https://registry.npmjs.org/is-fullwidth-code-point set size:undefined disposed:false
2987 http fetch GET 200 https://registry.npmjs.org/ansi-regex 59ms (cache miss)
2988 silly packumentCache full:https://registry.npmjs.org/ansi-regex set size:undefined disposed:false
2989 silly placeDep ROOT chardet@2.1.1 OK for: @inquirer/external-editor@1.0.3 want: ^2.1.1
2990 silly placeDep ROOT iconv-lite@0.7.2 OK for: @inquirer/external-editor@1.0.3 want: ^0.7.0
2991 silly fetch manifest safer-buffer@>= 2.1.2 < 3.0.0
2992 silly packumentCache full:https://registry.npmjs.org/safer-buffer cache-miss
2993 http fetch GET 200 https://registry.npmjs.org/safer-buffer 45ms (cache miss)
2994 silly packumentCache full:https://registry.npmjs.org/safer-buffer set size:undefined disposed:false
2995 silly placeDep ROOT type-fest@0.21.3 OK for: ansi-escapes@4.3.2 want: ^0.21.3
2996 silly placeDep ROOT safer-buffer@2.1.2 OK for: iconv-lite@0.7.2 want: >= 2.1.2 < 3.0.0
2997 silly placeDep ROOT array-each@1.0.1 OK for: object.defaults@1.1.0 want: ^1.0.1
2998 silly placeDep ROOT array-slice@1.1.0 OK for: object.defaults@1.1.0 want: ^1.0.0
2999 silly placeDep ROOT for-own@1.0.0 OK for: object.defaults@1.1.0 want: ^1.0.0
3000 silly placeDep ROOT isobject@3.0.1 OK for: object.defaults@1.1.0 want: ^3.0.0
3001 silly fetch manifest for-in@^1.0.1
3002 silly packumentCache full:https://registry.npmjs.org/for-in cache-miss
3003 http fetch GET 200 https://registry.npmjs.org/for-in 48ms (cache miss)
3004 silly packumentCache full:https://registry.npmjs.org/for-in set size:undefined disposed:false
3005 silly placeDep ROOT for-in@1.0.2 OK for: for-own@1.0.0 want: ^1.0.1
3006 silly placeDep ROOT bl@4.1.0 OK for: ora@5.4.1 want: ^4.1.0
3007 silly placeDep ROOT cli-cursor@3.1.0 OK for: ora@5.4.1 want: ^3.1.0
3008 silly placeDep ROOT cli-spinners@2.9.2 OK for: ora@5.4.1 want: ^2.5.0
3009 silly placeDep ROOT is-interactive@1.0.0 OK for: ora@5.4.1 want: ^1.0.0
3010 silly placeDep ROOT is-unicode-supported@0.1.0 OK for: ora@5.4.1 want: ^0.1.0
3011 silly placeDep ROOT log-symbols@4.1.0 OK for: ora@5.4.1 want: ^4.1.0
3012 silly placeDep ROOT wcwidth@1.0.1 OK for: ora@5.4.1 want: ^1.0.1
3013 silly fetch manifest buffer@^5.5.0
3014 silly packumentCache full:https://registry.npmjs.org/buffer cache-miss
3015 silly fetch manifest inherits@^2.0.4
3016 silly packumentCache full:https://registry.npmjs.org/inherits cache-miss
3017 silly fetch manifest readable-stream@^3.4.0
3018 silly packumentCache full:https://registry.npmjs.org/readable-stream cache-miss
3019 silly fetch manifest restore-cursor@^3.1.0
3020 silly packumentCache full:https://registry.npmjs.org/restore-cursor cache-miss
3021 silly fetch manifest defaults@^1.0.3
3022 silly packumentCache full:https://registry.npmjs.org/defaults cache-miss
3023 http fetch GET 200 https://registry.npmjs.org/buffer 37ms (cache miss)
3024 silly packumentCache full:https://registry.npmjs.org/buffer set size:undefined disposed:false
3025 http fetch GET 200 https://registry.npmjs.org/defaults 40ms (cache miss)
3026 silly packumentCache full:https://registry.npmjs.org/defaults set size:undefined disposed:false
3027 http fetch GET 200 https://registry.npmjs.org/inherits 40ms (cache miss)
3028 silly packumentCache full:https://registry.npmjs.org/inherits set size:undefined disposed:false
3029 http fetch GET 200 https://registry.npmjs.org/readable-stream 53ms (cache miss)
3030 silly packumentCache full:https://registry.npmjs.org/readable-stream set size:undefined disposed:false
3031 http fetch GET 200 https://registry.npmjs.org/restore-cursor 66ms (cache miss)
3032 silly packumentCache full:https://registry.npmjs.org/restore-cursor set size:undefined disposed:false
3033 silly placeDep ROOT buffer@5.7.1 OK for: bl@4.1.0 want: ^5.5.0
3034 silly placeDep ROOT inherits@2.0.4 OK for: bl@4.1.0 want: ^2.0.4
3035 silly placeDep ROOT readable-stream@3.6.2 OK for: bl@4.1.0 want: ^3.4.0
3036 silly fetch manifest base64-js@^1.3.1
3037 silly packumentCache full:https://registry.npmjs.org/base64-js cache-miss
3038 silly fetch manifest ieee754@^1.1.13
3039 silly packumentCache full:https://registry.npmjs.org/ieee754 cache-miss
3040 silly fetch manifest string_decoder@^1.1.1
3041 silly packumentCache full:https://registry.npmjs.org/string_decoder cache-miss
3042 silly fetch manifest util-deprecate@^1.0.1
3043 silly packumentCache full:https://registry.npmjs.org/util-deprecate cache-miss
3044 http fetch GET 200 https://registry.npmjs.org/string_decoder 45ms (cache miss)
3045 silly packumentCache full:https://registry.npmjs.org/string_decoder set size:undefined disposed:false
3046 http fetch GET 200 https://registry.npmjs.org/base64-js 47ms (cache miss)
3047 silly packumentCache full:https://registry.npmjs.org/base64-js set size:undefined disposed:false
3048 http fetch GET 200 https://registry.npmjs.org/ieee754 54ms (cache miss)
3049 silly packumentCache full:https://registry.npmjs.org/ieee754 set size:undefined disposed:false
3050 http fetch GET 200 https://registry.npmjs.org/util-deprecate 57ms (cache miss)
3051 silly packumentCache full:https://registry.npmjs.org/util-deprecate set size:undefined disposed:false
3052 silly placeDep ROOT base64-js@1.5.1 OK for: buffer@5.7.1 want: ^1.3.1
3053 silly placeDep ROOT ieee754@1.2.1 OK for: buffer@5.7.1 want: ^1.1.13
3054 silly placeDep ROOT restore-cursor@3.1.0 OK for: cli-cursor@3.1.0 want: ^3.1.0
3055 silly fetch manifest onetime@^5.1.0
3056 silly packumentCache full:https://registry.npmjs.org/onetime cache-miss
3057 silly fetch manifest signal-exit@^3.0.2
3058 silly packumentCache full:https://registry.npmjs.org/signal-exit cache-miss
3059 http fetch GET 200 https://registry.npmjs.org/onetime 45ms (cache miss)
3060 silly packumentCache full:https://registry.npmjs.org/onetime set size:undefined disposed:false
3061 http fetch GET 200 https://registry.npmjs.org/signal-exit 57ms (cache miss)
3062 silly packumentCache full:https://registry.npmjs.org/signal-exit set size:undefined disposed:false
3063 silly placeDep ROOT is-absolute@1.0.0 OK for: parse-filepath@1.0.2 want: ^1.0.0
3064 silly placeDep ROOT map-cache@0.2.2 OK for: parse-filepath@1.0.2 want: ^0.2.0
3065 silly placeDep ROOT path-root@0.1.1 OK for: parse-filepath@1.0.2 want: ^0.1.1
3066 silly fetch manifest is-relative@^1.0.0
3067 silly packumentCache full:https://registry.npmjs.org/is-relative cache-miss
3068 silly fetch manifest is-windows@^1.0.1
3069 silly packumentCache full:https://registry.npmjs.org/is-windows cache-miss
3070 silly fetch manifest path-root-regex@^0.1.0
3071 silly packumentCache full:https://registry.npmjs.org/path-root-regex cache-miss
3072 http fetch GET 200 https://registry.npmjs.org/is-relative 32ms (cache miss)
3073 silly packumentCache full:https://registry.npmjs.org/is-relative set size:undefined disposed:false
3074 http fetch GET 200 https://registry.npmjs.org/is-windows 50ms (cache miss)
3075 silly packumentCache full:https://registry.npmjs.org/is-windows set size:undefined disposed:false
3076 http fetch GET 200 https://registry.npmjs.org/path-root-regex 56ms (cache miss)
3077 silly packumentCache full:https://registry.npmjs.org/path-root-regex set size:undefined disposed:false
3078 silly placeDep ROOT is-relative@1.0.0 OK for: is-absolute@1.0.0 want: ^1.0.0
3079 silly placeDep ROOT is-windows@1.0.2 OK for: is-absolute@1.0.0 want: ^1.0.1
3080 silly fetch manifest is-unc-path@^1.0.0
3081 silly packumentCache full:https://registry.npmjs.org/is-unc-path cache-miss
3082 http fetch GET 200 https://registry.npmjs.org/is-unc-path 63ms (cache miss)
3083 silly packumentCache full:https://registry.npmjs.org/is-unc-path set size:undefined disposed:false
3084 silly placeDep ROOT is-unc-path@1.0.0 OK for: is-relative@1.0.0 want: ^1.0.0
3085 silly fetch manifest unc-path-regex@^0.1.2
3086 silly packumentCache full:https://registry.npmjs.org/unc-path-regex cache-miss
3087 http fetch GET 200 https://registry.npmjs.org/unc-path-regex 42ms (cache miss)
3088 silly packumentCache full:https://registry.npmjs.org/unc-path-regex set size:undefined disposed:false
3089 silly placeDep ROOT unc-path-regex@0.1.2 OK for: is-unc-path@1.0.0 want: ^0.1.2
3090 silly placeDep ROOT path-root-regex@0.1.2 OK for: path-root@0.1.1 want: ^0.1.0
3091 silly placeDep ROOT nanoid@3.3.11 OK for: postcss@8.5.6 want: ^3.3.11
3092 silly placeDep ROOT xtend@4.0.2 OK for: postgres-interval@1.2.0 want: ^4.0.0
3093 silly placeDep ROOT loose-envify@1.4.0 OK for: prop-types@15.8.1 want: ^1.4.0
3094 silly placeDep ROOT object-assign@4.1.1 OK for: prop-types@15.8.1 want: ^4.1.1
3095 silly placeDep ROOT react-is@16.13.1 OK for: prop-types@15.8.1 want: ^16.13.1
3096 silly placeDep ROOT scheduler@0.27.0 OK for: react-dom@19.2.1 want: ^0.27.0
3097 silly placeDep ROOT string_decoder@1.3.0 OK for: readable-stream@3.6.2 want: ^1.1.1
3098 silly placeDep ROOT util-deprecate@1.0.2 OK for: readable-stream@3.6.2 want: ^1.0.1
3099 silly fetch manifest safe-buffer@~5.2.0
3100 silly packumentCache full:https://registry.npmjs.org/safe-buffer cache-miss
3101 http fetch GET 200 https://registry.npmjs.org/safe-buffer 62ms (cache miss)
3102 silly packumentCache full:https://registry.npmjs.org/safe-buffer set size:undefined disposed:false
3103 silly placeDep ROOT path-parse@1.0.7 OK for: resolve@1.22.11 want: ^1.0.7
3104 silly placeDep ROOT supports-preserve-symlinks-flag@1.0.0 OK for: resolve@1.22.11 want: ^1.0.0
3105 silly placeDep ROOT global-modules@1.0.0 OK for: resolve-dir@1.0.1 want: ^1.0.0
3106 silly fetch manifest global-prefix@^1.0.1
3107 silly packumentCache full:https://registry.npmjs.org/global-prefix cache-miss
3108 http fetch GET 200 https://registry.npmjs.org/global-prefix 103ms (cache miss)
3109 silly packumentCache full:https://registry.npmjs.org/global-prefix set size:undefined disposed:false
3110 silly placeDep ROOT global-prefix@1.0.2 OK for: global-modules@1.0.0 want: ^1.0.1
3111 silly fetch manifest ini@^1.3.4
3112 silly packumentCache full:https://registry.npmjs.org/ini cache-miss
3113 silly fetch manifest which@^1.2.14
3114 silly packumentCache full:https://registry.npmjs.org/which cache-miss
3115 http cache https://registry.npmjs.org/which 4ms (cache hit)
3116 silly packumentCache full:https://registry.npmjs.org/which set size:65264 disposed:false
3117 http fetch GET 200 https://registry.npmjs.org/ini 41ms (cache miss)
3118 silly packumentCache full:https://registry.npmjs.org/ini set size:undefined disposed:false
3119 silly placeDep ROOT ini@1.3.8 OK for: global-prefix@1.0.2 want: ^1.3.4
3120 silly placeDep node_modules/global-prefix which@1.3.1 OK for: global-prefix@1.0.2 want: ^1.2.14
3121 silly placeDep ROOT onetime@5.1.2 OK for: restore-cursor@3.1.0 want: ^5.1.0
3122 silly placeDep ROOT signal-exit@3.0.7 OK for: restore-cursor@3.1.0 want: ^3.0.2
3123 silly fetch manifest mimic-fn@^2.1.0
3124 silly packumentCache full:https://registry.npmjs.org/mimic-fn cache-miss
3125 http fetch GET 200 https://registry.npmjs.org/mimic-fn 46ms (cache miss)
3126 silly packumentCache full:https://registry.npmjs.org/mimic-fn set size:undefined disposed:false
3127 silly placeDep ROOT mimic-fn@2.1.0 OK for: onetime@5.1.2 want: ^2.1.0
3128 silly placeDep ROOT queue-microtask@1.2.3 OK for: run-parallel@1.2.0 want: ^1.2.2
3129 silly placeDep ROOT isarray@2.0.5 OK for: safe-array-concat@1.1.3 want: ^2.0.5
3130 silly placeDep ROOT @img/colour@1.0.0 OK for: sharp@0.34.5 want: ^1.0.0
3131 silly placeDep ROOT @img/sharp-darwin-arm64@0.34.5 OK for: sharp@0.34.5 want: 0.34.5
3132 silly placeDep ROOT @img/sharp-darwin-x64@0.34.5 OK for: sharp@0.34.5 want: 0.34.5
3133 silly placeDep ROOT @img/sharp-libvips-darwin-arm64@1.2.4 OK for: sharp@0.34.5 want: 1.2.4
3134 silly placeDep ROOT @img/sharp-libvips-darwin-x64@1.2.4 OK for: sharp@0.34.5 want: 1.2.4
3135 silly placeDep ROOT @img/sharp-libvips-linux-arm@1.2.4 OK for: sharp@0.34.5 want: 1.2.4
3136 silly placeDep ROOT @img/sharp-libvips-linux-arm64@1.2.4 OK for: sharp@0.34.5 want: 1.2.4
3137 silly placeDep ROOT @img/sharp-libvips-linux-ppc64@1.2.4 OK for: sharp@0.34.5 want: 1.2.4
3138 silly placeDep ROOT @img/sharp-libvips-linux-riscv64@1.2.4 OK for: sharp@0.34.5 want: 1.2.4
3139 silly placeDep ROOT @img/sharp-libvips-linux-s390x@1.2.4 OK for: sharp@0.34.5 want: 1.2.4
3140 silly placeDep ROOT @img/sharp-libvips-linux-x64@1.2.4 OK for: sharp@0.34.5 want: 1.2.4
3141 silly placeDep ROOT @img/sharp-libvips-linuxmusl-arm64@1.2.4 OK for: sharp@0.34.5 want: 1.2.4
3142 silly placeDep ROOT @img/sharp-libvips-linuxmusl-x64@1.2.4 OK for: sharp@0.34.5 want: 1.2.4
3143 silly placeDep ROOT @img/sharp-linux-arm@0.34.5 OK for: sharp@0.34.5 want: 0.34.5
3144 silly placeDep ROOT @img/sharp-linux-arm64@0.34.5 OK for: sharp@0.34.5 want: 0.34.5
3145 silly placeDep ROOT @img/sharp-linux-ppc64@0.34.5 OK for: sharp@0.34.5 want: 0.34.5
3146 silly placeDep ROOT @img/sharp-linux-riscv64@0.34.5 OK for: sharp@0.34.5 want: 0.34.5
3147 silly placeDep ROOT @img/sharp-linux-s390x@0.34.5 OK for: sharp@0.34.5 want: 0.34.5
3148 silly placeDep ROOT @img/sharp-linux-x64@0.34.5 OK for: sharp@0.34.5 want: 0.34.5
3149 silly placeDep ROOT @img/sharp-linuxmusl-arm64@0.34.5 OK for: sharp@0.34.5 want: 0.34.5
3150 silly placeDep ROOT @img/sharp-linuxmusl-x64@0.34.5 OK for: sharp@0.34.5 want: 0.34.5
3151 silly placeDep ROOT @img/sharp-wasm32@0.34.5 OK for: sharp@0.34.5 want: 0.34.5
3152 silly placeDep ROOT @img/sharp-win32-arm64@0.34.5 OK for: sharp@0.34.5 want: 0.34.5
3153 silly placeDep ROOT @img/sharp-win32-ia32@0.34.5 OK for: sharp@0.34.5 want: 0.34.5
3154 silly placeDep ROOT @img/sharp-win32-x64@0.34.5 OK for: sharp@0.34.5 want: 0.34.5
3155 silly placeDep node_modules/sharp semver@7.7.4 OK for: sharp@0.34.5 want: ^7.7.3
3156 silly fetch manifest @emnapi/runtime@^1.7.0
3157 silly packumentCache full:https://registry.npmjs.org/@emnapi%2fruntime cache-miss
3158 http fetch GET 200 https://registry.npmjs.org/@emnapi%2fruntime 87ms (cache miss)
3159 silly packumentCache full:https://registry.npmjs.org/@emnapi%2fruntime set size:undefined disposed:false
3160 silly placeDep ROOT @emnapi/runtime@1.8.1 OK for: @img/sharp-wasm32@0.34.5 want: ^1.7.0
3161 silly placeDep ROOT shebang-regex@3.0.0 OK for: shebang-command@2.0.0 want: ^3.0.0
3162 silly placeDep ROOT side-channel-list@1.0.0 OK for: side-channel@1.1.0 want: ^1.0.0
3163 silly placeDep ROOT side-channel-map@1.0.1 OK for: side-channel@1.1.0 want: ^1.0.1
3164 silly placeDep ROOT side-channel-weakmap@1.0.2 OK for: side-channel@1.1.0 want: ^1.0.2
3165 silly placeDep ROOT safe-buffer@5.2.1 OK for: string_decoder@1.3.0 want: ~5.2.0
3166 silly placeDep node_modules/string-width emoji-regex@8.0.0 OK for: string-width@4.2.3 want: ^8.0.0
3167 silly placeDep ROOT is-fullwidth-code-point@3.0.0 OK for: string-width@4.2.3 want: ^3.0.0
3168 silly placeDep ROOT ansi-regex@5.0.1 OK for: strip-ansi@6.0.1 want: ^5.0.1
3169 silly placeDep ROOT client-only@0.0.1 OK for: styled-jsx@5.1.6 want: 0.0.1
3170 silly placeDep ROOT has-flag@4.0.0 OK for: supports-color@7.2.0 want: ^4.0.0
3171 silly placeDep node_modules/tinyglobby fdir@6.5.0 OK for: tinyglobby@0.2.15 want: ^6.5.0
3172 silly placeDep node_modules/tinyglobby picomatch@4.0.3 OK for: fdir@6.5.0 want: ^3 || ^4
3173 silly placeDep ROOT is-number@7.0.0 OK for: to-regex-range@5.0.1 want: ^7.0.0
3174 silly placeDep ROOT @types/json5@0.0.29 OK for: tsconfig-paths@3.15.0 want: ^0.0.29
3175 silly placeDep node_modules/tsconfig-paths json5@1.0.2 OK for: tsconfig-paths@3.15.0 want: ^1.0.2
3176 silly placeDep ROOT strip-bom@3.0.0 OK for: tsconfig-paths@3.15.0 want: ^3.0.0
3177 silly placeDep ROOT for-each@0.3.5 OK for: typed-array-byte-length@1.0.3 want: ^0.3.3
3178 silly placeDep ROOT reflect.getprototypeof@1.0.10 OK for: typed-array-byte-offset@1.0.4 want: ^1.0.9
3179 silly fetch manifest which-builtin-type@^1.2.1
3180 silly packumentCache full:https://registry.npmjs.org/which-builtin-type cache-miss
3181 http fetch GET 200 https://registry.npmjs.org/which-builtin-type 37ms (cache miss)
3182 silly packumentCache full:https://registry.npmjs.org/which-builtin-type set size:undefined disposed:false
3183 silly placeDep ROOT which-builtin-type@1.2.1 OK for: reflect.getprototypeof@1.0.10 want: ^1.2.1
3184 silly fetch manifest is-async-function@^2.0.0
3185 silly packumentCache full:https://registry.npmjs.org/is-async-function cache-miss
3186 silly fetch manifest is-finalizationregistry@^1.1.0
3187 silly packumentCache full:https://registry.npmjs.org/is-finalizationregistry cache-miss
3188 silly fetch manifest is-generator-function@^1.0.10
3189 silly packumentCache full:https://registry.npmjs.org/is-generator-function cache-miss
3190 silly fetch manifest which-boxed-primitive@^1.1.0
3191 silly packumentCache full:https://registry.npmjs.org/which-boxed-primitive cache-miss
3192 silly fetch manifest which-collection@^1.0.2
3193 silly packumentCache full:https://registry.npmjs.org/which-collection cache-miss
3194 http cache https://registry.npmjs.org/which-boxed-primitive 2ms (cache hit)
3195 silly packumentCache full:https://registry.npmjs.org/which-boxed-primitive set size:19407 disposed:false
3196 http fetch GET 200 https://registry.npmjs.org/is-finalizationregistry 53ms (cache miss)
3197 silly packumentCache full:https://registry.npmjs.org/is-finalizationregistry set size:undefined disposed:false
3198 http fetch GET 200 https://registry.npmjs.org/which-collection 59ms (cache miss)
3199 silly packumentCache full:https://registry.npmjs.org/which-collection set size:undefined disposed:false
3200 http fetch GET 200 https://registry.npmjs.org/is-generator-function 59ms (cache miss)
3201 silly packumentCache full:https://registry.npmjs.org/is-generator-function set size:undefined disposed:false
3202 http fetch GET 200 https://registry.npmjs.org/is-async-function 69ms (cache miss)
3203 silly packumentCache full:https://registry.npmjs.org/is-async-function set size:undefined disposed:false
3204 silly fetch manifest eslint@^8.57.0 || ^9.0.0
3205 silly packumentCache full:https://registry.npmjs.org/eslint cache-miss
3206 http cache https://registry.npmjs.org/eslint 2ms (cache hit)
3207 silly packumentCache full:https://registry.npmjs.org/eslint set size:1900626 disposed:false
3208 silly fetch manifest typescript@>=4.8.4 <6.0.0
3209 silly packumentCache full:https://registry.npmjs.org/typescript cache-miss
3210 http cache https://registry.npmjs.org/typescript 23ms (cache hit)
3211 silly packumentCache full:https://registry.npmjs.org/typescript set size:15212314 disposed:false
3212 silly placeDep ROOT @typescript-eslint/eslint-plugin@8.54.0 OK for: typescript-eslint@8.54.0 want: 8.54.0
3213 silly placeDep ROOT @typescript-eslint/parser@8.54.0 OK for: @typescript-eslint/eslint-plugin@8.54.0 want: ^8.54.0
3214 silly placeDep ROOT @typescript-eslint/typescript-estree@8.54.0 OK for: typescript-eslint@8.54.0 want: 8.54.0
3215 silly placeDep ROOT @typescript-eslint/utils@8.54.0 OK for: typescript-eslint@8.54.0 want: 8.54.0
3216 silly fetch manifest ignore@^7.0.5
3217 silly packumentCache full:https://registry.npmjs.org/ignore cache-miss
3218 silly fetch manifest ts-api-utils@^2.4.0
3219 silly packumentCache full:https://registry.npmjs.org/ts-api-utils cache-miss
3220 silly fetch manifest @typescript-eslint/type-utils@8.54.0
3221 silly packumentCache full:https://registry.npmjs.org/@typescript-eslint%2ftype-utils cache-miss
3222 silly fetch manifest @typescript-eslint/visitor-keys@8.54.0
3223 silly packumentCache full:https://registry.npmjs.org/@typescript-eslint%2fvisitor-keys cache-miss
3224 silly fetch manifest @typescript-eslint/scope-manager@8.54.0
3225 silly packumentCache full:https://registry.npmjs.org/@typescript-eslint%2fscope-manager cache-miss
3226 silly fetch manifest @typescript-eslint/types@8.54.0
3227 silly packumentCache full:https://registry.npmjs.org/@typescript-eslint%2ftypes cache-miss
3228 silly fetch manifest @typescript-eslint/visitor-keys@8.54.0
3229 silly packumentCache full:https://registry.npmjs.org/@typescript-eslint%2fvisitor-keys cache-miss
3230 silly fetch manifest @typescript-eslint/scope-manager@8.54.0
3231 silly packumentCache full:https://registry.npmjs.org/@typescript-eslint%2fscope-manager cache-miss
3232 silly fetch manifest minimatch@^9.0.5
3233 silly packumentCache full:https://registry.npmjs.org/minimatch cache-miss
3234 http cache https://registry.npmjs.org/ignore 6ms (cache hit)
3235 silly packumentCache full:https://registry.npmjs.org/ignore set size:237380 disposed:false
3236 silly fetch manifest ts-api-utils@^2.4.0
3237 silly packumentCache full:https://registry.npmjs.org/ts-api-utils cache-miss
3238 http cache https://registry.npmjs.org/minimatch 7ms (cache hit)
3239 silly packumentCache full:https://registry.npmjs.org/minimatch set size:306302 disposed:false
3240 silly fetch manifest @typescript-eslint/types@8.54.0
3241 silly packumentCache full:https://registry.npmjs.org/@typescript-eslint%2ftypes cache-miss
3242 http fetch GET 200 https://registry.npmjs.org/ts-api-utils 46ms (cache miss)
3243 silly packumentCache full:https://registry.npmjs.org/ts-api-utils set size:undefined disposed:false
3244 silly fetch manifest @typescript-eslint/visitor-keys@8.54.0
3245 silly packumentCache full:https://registry.npmjs.org/@typescript-eslint%2fvisitor-keys cache-miss
3246 http fetch GET 200 https://registry.npmjs.org/ts-api-utils 69ms (cache miss)
3247 silly packumentCache full:https://registry.npmjs.org/ts-api-utils set size:undefined disposed:false
3248 silly fetch manifest @typescript-eslint/tsconfig-utils@8.54.0
3249 silly packumentCache full:https://registry.npmjs.org/@typescript-eslint%2ftsconfig-utils cache-miss
3250 http fetch GET 200 https://registry.npmjs.org/@typescript-eslint%2ftsconfig-utils 234ms (cache miss)
3251 silly packumentCache full:https://registry.npmjs.org/@typescript-eslint%2ftsconfig-utils set size:undefined disposed:false
3252 silly fetch manifest @typescript-eslint/project-service@8.54.0
3253 silly packumentCache full:https://registry.npmjs.org/@typescript-eslint%2fproject-service cache-miss
3254 http fetch GET 200 https://registry.npmjs.org/@typescript-eslint%2fvisitor-keys 337ms (cache miss)
3255 silly packumentCache full:https://registry.npmjs.org/@typescript-eslint%2fvisitor-keys set size:undefined disposed:false
3256 silly fetch manifest @typescript-eslint/types@8.54.0
3257 silly packumentCache full:https://registry.npmjs.org/@typescript-eslint%2ftypes cache-miss
3258 http fetch GET 200 https://registry.npmjs.org/@typescript-eslint%2fproject-service 123ms (cache miss)
3259 silly packumentCache full:https://registry.npmjs.org/@typescript-eslint%2fproject-service set size:undefined disposed:false
3260 silly fetch manifest @typescript-eslint/scope-manager@8.54.0
3261 silly packumentCache full:https://registry.npmjs.org/@typescript-eslint%2fscope-manager cache-miss
3262 http fetch GET 200 https://registry.npmjs.org/@typescript-eslint%2ftype-utils 503ms (cache miss)
3263 silly packumentCache full:https://registry.npmjs.org/@typescript-eslint%2ftype-utils set size:undefined disposed:false
3264 http fetch GET 200 https://registry.npmjs.org/@typescript-eslint%2ftypes 575ms (cache miss)
3265 silly packumentCache full:https://registry.npmjs.org/@typescript-eslint%2ftypes set size:undefined disposed:false
3266 http fetch GET 200 https://registry.npmjs.org/@typescript-eslint%2fvisitor-keys 619ms (cache miss)
3267 silly packumentCache full:https://registry.npmjs.org/@typescript-eslint%2fvisitor-keys set size:undefined disposed:false
3268 http fetch GET 200 https://registry.npmjs.org/@typescript-eslint%2fscope-manager 652ms (cache miss)
3269 silly packumentCache full:https://registry.npmjs.org/@typescript-eslint%2fscope-manager set size:undefined disposed:false
3270 http fetch GET 200 https://registry.npmjs.org/@typescript-eslint%2fscope-manager 684ms (cache miss)
3271 silly packumentCache full:https://registry.npmjs.org/@typescript-eslint%2fscope-manager set size:undefined disposed:false
3272 http fetch GET 200 https://registry.npmjs.org/@typescript-eslint%2fvisitor-keys 699ms (cache miss)
3273 silly packumentCache full:https://registry.npmjs.org/@typescript-eslint%2fvisitor-keys set size:undefined disposed:false
3274 http fetch GET 200 https://registry.npmjs.org/@typescript-eslint%2ftypes 782ms (cache miss)
3275 silly packumentCache full:https://registry.npmjs.org/@typescript-eslint%2ftypes set size:undefined disposed:false
3276 http fetch GET 200 https://registry.npmjs.org/@typescript-eslint%2ftypes 463ms (cache miss)
3277 silly packumentCache full:https://registry.npmjs.org/@typescript-eslint%2ftypes set size:undefined disposed:false
3278 http fetch GET 200 https://registry.npmjs.org/@typescript-eslint%2fscope-manager 432ms (cache miss)
3279 silly packumentCache full:https://registry.npmjs.org/@typescript-eslint%2fscope-manager set size:undefined disposed:false
3280 silly placeDep ROOT @typescript-eslint/scope-manager@8.54.0 OK for: @typescript-eslint/eslint-plugin@8.54.0 want: 8.54.0
3281 silly placeDep ROOT @typescript-eslint/type-utils@8.54.0 OK for: @typescript-eslint/eslint-plugin@8.54.0 want: 8.54.0
3282 silly placeDep ROOT @typescript-eslint/visitor-keys@8.54.0 OK for: @typescript-eslint/eslint-plugin@8.54.0 want: 8.54.0
3283 silly placeDep node_modules/@typescript-eslint/eslint-plugin ignore@7.0.5 OK for: @typescript-eslint/eslint-plugin@8.54.0 want: ^7.0.5
3284 silly placeDep ROOT ts-api-utils@2.4.0 OK for: @typescript-eslint/eslint-plugin@8.54.0 want: ^2.4.0
3285 silly placeDep ROOT @typescript-eslint/types@8.54.0 OK for: @typescript-eslint/parser@8.54.0 want: 8.54.0
3286 silly placeDep ROOT @typescript-eslint/project-service@8.54.0 OK for: @typescript-eslint/typescript-estree@8.54.0 want: 8.54.0
3287 silly placeDep ROOT @typescript-eslint/tsconfig-utils@8.54.0 OK for: @typescript-eslint/typescript-estree@8.54.0 want: 8.54.0
3288 silly placeDep node_modules/@typescript-eslint/typescript-estree minimatch@9.0.5 OK for: @typescript-eslint/typescript-estree@8.54.0 want: ^9.0.5
3289 silly placeDep node_modules/@typescript-eslint/typescript-estree semver@7.7.4 OK for: @typescript-eslint/typescript-estree@8.54.0 want: ^7.7.3
3290 silly fetch manifest @typescript-eslint/tsconfig-utils@^8.54.0
3291 silly packumentCache full:https://registry.npmjs.org/@typescript-eslint%2ftsconfig-utils cache-miss
3292 silly fetch manifest brace-expansion@^2.0.1
3293 silly packumentCache full:https://registry.npmjs.org/brace-expansion cache-miss
3294 http cache https://registry.npmjs.org/@typescript-eslint%2ftsconfig-utils 10ms (cache hit)
3295 silly packumentCache full:https://registry.npmjs.org/@typescript-eslint%2ftsconfig-utils set size:862213 disposed:false
3296 http cache https://registry.npmjs.org/brace-expansion 13ms (cache hit)
3297 silly packumentCache full:https://registry.npmjs.org/brace-expansion set size:46250 disposed:false
3298 silly placeDep ROOT has-bigints@1.1.0 OK for: unbox-primitive@1.1.0 want: ^1.0.2
3299 silly placeDep ROOT which-boxed-primitive@1.1.1 OK for: unbox-primitive@1.1.0 want: ^1.1.1
3300 silly fetch manifest is-bigint@^1.1.0
3301 silly packumentCache full:https://registry.npmjs.org/is-bigint cache-miss
3302 silly fetch manifest is-boolean-object@^1.2.1
3303 silly packumentCache full:https://registry.npmjs.org/is-boolean-object cache-miss
3304 silly fetch manifest is-number-object@^1.1.1
3305 silly packumentCache full:https://registry.npmjs.org/is-number-object cache-miss
3306 http fetch GET 200 https://registry.npmjs.org/is-bigint 40ms (cache miss)
3307 silly packumentCache full:https://registry.npmjs.org/is-bigint set size:undefined disposed:false
3308 http fetch GET 200 https://registry.npmjs.org/is-boolean-object 51ms (cache miss)
3309 silly packumentCache full:https://registry.npmjs.org/is-boolean-object set size:undefined disposed:false
3310 http fetch GET 200 https://registry.npmjs.org/is-number-object 85ms (cache miss)
3311 silly packumentCache full:https://registry.npmjs.org/is-number-object set size:undefined disposed:false
3312 silly placeDep ROOT @unrs/resolver-binding-android-arm-eabi@1.11.1 OK for: unrs-resolver@1.11.1 want: 1.11.1
3313 silly placeDep ROOT @unrs/resolver-binding-android-arm64@1.11.1 OK for: unrs-resolver@1.11.1 want: 1.11.1
3314 silly placeDep ROOT @unrs/resolver-binding-darwin-arm64@1.11.1 OK for: unrs-resolver@1.11.1 want: 1.11.1
3315 silly placeDep ROOT @unrs/resolver-binding-darwin-x64@1.11.1 OK for: unrs-resolver@1.11.1 want: 1.11.1
3316 silly placeDep ROOT @unrs/resolver-binding-freebsd-x64@1.11.1 OK for: unrs-resolver@1.11.1 want: 1.11.1
3317 silly placeDep ROOT @unrs/resolver-binding-linux-arm-gnueabihf@1.11.1 OK for: unrs-resolver@1.11.1 want: 1.11.1
3318 silly placeDep ROOT @unrs/resolver-binding-linux-arm-musleabihf@1.11.1 OK for: unrs-resolver@1.11.1 want: 1.11.1
3319 silly placeDep ROOT @unrs/resolver-binding-linux-arm64-gnu@1.11.1 OK for: unrs-resolver@1.11.1 want: 1.11.1
3320 silly placeDep ROOT @unrs/resolver-binding-linux-arm64-musl@1.11.1 OK for: unrs-resolver@1.11.1 want: 1.11.1
3321 silly placeDep ROOT @unrs/resolver-binding-linux-ppc64-gnu@1.11.1 OK for: unrs-resolver@1.11.1 want: 1.11.1
3322 silly placeDep ROOT @unrs/resolver-binding-linux-riscv64-gnu@1.11.1 OK for: unrs-resolver@1.11.1 want: 1.11.1
3323 silly placeDep ROOT @unrs/resolver-binding-linux-riscv64-musl@1.11.1 OK for: unrs-resolver@1.11.1 want: 1.11.1
3324 silly placeDep ROOT @unrs/resolver-binding-linux-s390x-gnu@1.11.1 OK for: unrs-resolver@1.11.1 want: 1.11.1
3325 silly placeDep ROOT @unrs/resolver-binding-linux-x64-gnu@1.11.1 OK for: unrs-resolver@1.11.1 want: 1.11.1
3326 silly placeDep ROOT @unrs/resolver-binding-linux-x64-musl@1.11.1 OK for: unrs-resolver@1.11.1 want: 1.11.1
3327 silly placeDep ROOT @unrs/resolver-binding-wasm32-wasi@1.11.1 OK for: unrs-resolver@1.11.1 want: 1.11.1
3328 silly placeDep ROOT @unrs/resolver-binding-win32-arm64-msvc@1.11.1 OK for: unrs-resolver@1.11.1 want: 1.11.1
3329 silly placeDep ROOT @unrs/resolver-binding-win32-ia32-msvc@1.11.1 OK for: unrs-resolver@1.11.1 want: 1.11.1
3330 silly placeDep ROOT @unrs/resolver-binding-win32-x64-msvc@1.11.1 OK for: unrs-resolver@1.11.1 want: 1.11.1
3331 silly placeDep ROOT napi-postinstall@0.3.4 OK for: unrs-resolver@1.11.1 want: ^0.3.0
3332 silly fetch manifest @napi-rs/wasm-runtime@^0.2.11
3333 silly packumentCache full:https://registry.npmjs.org/@napi-rs%2fwasm-runtime cache-miss
3334 http fetch GET 200 https://registry.npmjs.org/@napi-rs%2fwasm-runtime 73ms (cache miss)
3335 silly packumentCache full:https://registry.npmjs.org/@napi-rs%2fwasm-runtime set size:undefined disposed:false
3336 silly placeDep ROOT @napi-rs/wasm-runtime@0.2.12 OK for: @unrs/resolver-binding-wasm32-wasi@1.11.1 want: ^0.2.11
3337 silly fetch manifest @emnapi/core@^1.4.3
3338 silly packumentCache full:https://registry.npmjs.org/@emnapi%2fcore cache-miss
3339 silly fetch manifest @tybys/wasm-util@^0.10.0
3340 silly packumentCache full:https://registry.npmjs.org/@tybys%2fwasm-util cache-miss
3341 http fetch GET 200 https://registry.npmjs.org/@tybys%2fwasm-util 72ms (cache miss)
3342 silly packumentCache full:https://registry.npmjs.org/@tybys%2fwasm-util set size:undefined disposed:false
3343 http fetch GET 200 https://registry.npmjs.org/@emnapi%2fcore 91ms (cache miss)
3344 silly packumentCache full:https://registry.npmjs.org/@emnapi%2fcore set size:undefined disposed:false
3345 silly placeDep ROOT @emnapi/core@1.8.1 OK for: @napi-rs/wasm-runtime@0.2.12 want: ^1.4.3
3346 silly placeDep ROOT @tybys/wasm-util@0.10.1 OK for: @napi-rs/wasm-runtime@0.2.12 want: ^0.10.0
3347 silly fetch manifest @emnapi/wasi-threads@1.1.0
3348 silly packumentCache full:https://registry.npmjs.org/@emnapi%2fwasi-threads cache-miss
3349 http fetch GET 200 https://registry.npmjs.org/@emnapi%2fwasi-threads 75ms (cache miss)
3350 silly packumentCache full:https://registry.npmjs.org/@emnapi%2fwasi-threads set size:undefined disposed:false
3351 silly placeDep ROOT @emnapi/wasi-threads@1.1.0 OK for: @emnapi/core@1.8.1 want: 1.1.0
3352 silly placeDep ROOT escalade@3.2.0 OK for: update-browserslist-db@1.2.3 want: ^3.2.0
3353 silly placeDep ROOT punycode@2.3.1 OK for: uri-js@4.4.1 want: ^2.1.0
3354 silly placeDep ROOT defaults@1.0.4 OK for: wcwidth@1.0.1 want: ^1.0.3
3355 silly fetch manifest clone@^1.0.2
3356 silly packumentCache full:https://registry.npmjs.org/clone cache-miss
3357 http fetch GET 200 https://registry.npmjs.org/clone 34ms (cache miss)
3358 silly packumentCache full:https://registry.npmjs.org/clone set size:undefined disposed:false
3359 silly placeDep ROOT clone@1.0.4 OK for: defaults@1.0.4 want: ^1.0.2
3360 silly placeDep ROOT isexe@2.0.0 OK for: which@2.0.2 want: ^2.0.0
3361 silly placeDep ROOT is-bigint@1.1.0 OK for: which-boxed-primitive@1.1.1 want: ^1.1.0
3362 silly placeDep ROOT is-boolean-object@1.2.2 OK for: which-boxed-primitive@1.1.1 want: ^1.2.1
3363 silly placeDep ROOT is-number-object@1.1.1 OK for: which-boxed-primitive@1.1.1 want: ^1.1.1
3364 silly placeDep ROOT is-async-function@2.1.1 OK for: which-builtin-type@1.2.1 want: ^2.0.0
3365 silly placeDep ROOT is-finalizationregistry@1.1.1 OK for: which-builtin-type@1.2.1 want: ^1.1.0
3366 silly placeDep ROOT is-generator-function@1.1.2 OK for: which-builtin-type@1.2.1 want: ^1.0.10
3367 silly placeDep ROOT which-collection@1.0.2 OK for: which-builtin-type@1.2.1 want: ^1.0.2
3368 silly fetch manifest async-function@^1.0.0
3369 silly packumentCache full:https://registry.npmjs.org/async-function cache-miss
3370 silly fetch manifest generator-function@^2.0.0
3371 silly packumentCache full:https://registry.npmjs.org/generator-function cache-miss
3372 silly fetch manifest is-map@^2.0.3
3373 silly packumentCache full:https://registry.npmjs.org/is-map cache-miss
3374 silly fetch manifest is-weakmap@^2.0.2
3375 silly packumentCache full:https://registry.npmjs.org/is-weakmap cache-miss
3376 silly fetch manifest is-weakset@^2.0.3
3377 silly packumentCache full:https://registry.npmjs.org/is-weakset cache-miss
3378 http fetch GET 200 https://registry.npmjs.org/async-function 42ms (cache miss)
3379 silly packumentCache full:https://registry.npmjs.org/async-function set size:undefined disposed:false
3380 http fetch GET 200 https://registry.npmjs.org/is-weakmap 50ms (cache miss)
3381 silly packumentCache full:https://registry.npmjs.org/is-weakmap set size:undefined disposed:false
3382 http fetch GET 200 https://registry.npmjs.org/is-map 50ms (cache miss)
3383 silly packumentCache full:https://registry.npmjs.org/is-map set size:undefined disposed:false
3384 http fetch GET 200 https://registry.npmjs.org/is-weakset 52ms (cache miss)
3385 silly packumentCache full:https://registry.npmjs.org/is-weakset set size:undefined disposed:false
3386 http fetch GET 200 https://registry.npmjs.org/generator-function 53ms (cache miss)
3387 silly packumentCache full:https://registry.npmjs.org/generator-function set size:undefined disposed:false
3388 silly placeDep ROOT async-function@1.0.0 OK for: is-async-function@2.1.1 want: ^1.0.0
3389 silly placeDep ROOT generator-function@2.0.1 OK for: is-generator-function@1.1.2 want: ^2.0.0
3390 silly placeDep ROOT is-map@2.0.3 OK for: which-collection@1.0.2 want: ^2.0.3
3391 silly placeDep ROOT is-weakmap@2.0.2 OK for: which-collection@1.0.2 want: ^2.0.2
3392 silly placeDep ROOT is-weakset@2.0.4 OK for: which-collection@1.0.2 want: ^2.0.3
3393 silly placeDep node_modules/@neondatabase/serverless pg-types@4.1.0 OK for: @types/pg@8.11.6 want: ^4.0.1
3394 silly fetch manifest pg-numeric@1.0.2
3395 silly packumentCache full:https://registry.npmjs.org/pg-numeric cache-miss
3396 silly fetch manifest postgres-array@~3.0.1
3397 silly packumentCache full:https://registry.npmjs.org/postgres-array cache-miss
3398 silly fetch manifest postgres-bytea@~3.0.0
3399 silly packumentCache full:https://registry.npmjs.org/postgres-bytea cache-miss
3400 silly fetch manifest postgres-date@~2.1.0
3401 silly packumentCache full:https://registry.npmjs.org/postgres-date cache-miss
3402 silly fetch manifest postgres-interval@^3.0.0
3403 silly packumentCache full:https://registry.npmjs.org/postgres-interval cache-miss
3404 silly fetch manifest postgres-range@^1.1.1
3405 silly packumentCache full:https://registry.npmjs.org/postgres-range cache-miss
3406 http cache https://registry.npmjs.org/postgres-array 2ms (cache hit)
3407 silly packumentCache full:https://registry.npmjs.org/postgres-array set size:21967 disposed:false
3408 http cache https://registry.npmjs.org/postgres-bytea 2ms (cache hit)
3409 silly packumentCache full:https://registry.npmjs.org/postgres-bytea set size:8854 disposed:false
3410 http cache https://registry.npmjs.org/postgres-date 3ms (cache hit)
3411 silly packumentCache full:https://registry.npmjs.org/postgres-date set size:27126 disposed:false
3412 http cache https://registry.npmjs.org/postgres-interval 3ms (cache hit)
3413 silly packumentCache full:https://registry.npmjs.org/postgres-interval set size:30514 disposed:false
3414 http fetch GET 200 https://registry.npmjs.org/pg-numeric 54ms (cache miss)
3415 silly packumentCache full:https://registry.npmjs.org/pg-numeric set size:undefined disposed:false
3416 http fetch GET 200 https://registry.npmjs.org/postgres-range 127ms (cache miss)
3417 silly packumentCache full:https://registry.npmjs.org/postgres-range set size:undefined disposed:false
3418 silly placeDep ROOT pg-numeric@1.0.2 OK for: pg-types@4.1.0 want: 1.0.2
3419 silly placeDep node_modules/@neondatabase/serverless postgres-array@3.0.4 OK for: pg-types@4.1.0 want: ~3.0.1
3420 silly placeDep node_modules/@neondatabase/serverless postgres-bytea@3.0.0 OK for: pg-types@4.1.0 want: ~3.0.0
3421 silly placeDep node_modules/@neondatabase/serverless postgres-date@2.1.0 OK for: pg-types@4.1.0 want: ~2.1.0
3422 silly placeDep node_modules/@neondatabase/serverless postgres-interval@3.0.0 OK for: pg-types@4.1.0 want: ^3.0.0
3423 silly placeDep ROOT postgres-range@1.1.4 OK for: pg-types@4.1.0 want: ^1.1.1
3424 silly fetch manifest obuf@~1.1.2
3425 silly packumentCache full:https://registry.npmjs.org/obuf cache-miss
3426 http fetch GET 200 https://registry.npmjs.org/obuf 64ms (cache miss)
3427 silly packumentCache full:https://registry.npmjs.org/obuf set size:undefined disposed:false
3428 silly placeDep ROOT obuf@1.1.2 OK for: postgres-bytea@3.0.0 want: ~1.1.2
3429 silly placeDep node_modules/@typescript-eslint/typescript-estree brace-expansion@2.0.2 OK for: minimatch@9.0.5 want: ^2.0.1
3430 silly reify moves {}
3431 verbose stack Error: EPERM: operation not permitted, mkdir '/Users/coltonfoley/Projects/edgdirectresponsev3/node_modules'
3431 verbose stack     at async mkdir (node:internal/fs/promises:861:10)
3431 verbose stack     at async /opt/homebrew/lib/node_modules/npm/node_modules/@npmcli/arborist/lib/arborist/reify.js:628:20
3431 verbose stack     at async Promise.allSettled (index 0)
3431 verbose stack     at async [reifyPackages] (/opt/homebrew/lib/node_modules/npm/node_modules/@npmcli/arborist/lib/arborist/reify.js:332:11)
3431 verbose stack     at async Arborist.reify (/opt/homebrew/lib/node_modules/npm/node_modules/@npmcli/arborist/lib/arborist/reify.js:137:5)
3431 verbose stack     at async Install.exec (/opt/homebrew/lib/node_modules/npm/lib/commands/install.js:150:5)
3431 verbose stack     at async Npm.exec (/opt/homebrew/lib/node_modules/npm/lib/npm.js:208:9)
3431 verbose stack     at async module.exports (/opt/homebrew/lib/node_modules/npm/lib/cli/entry.js:67:5)
3432 error code EPERM
3433 error syscall mkdir
3434 error path /Users/coltonfoley/Projects/edgdirectresponsev3/node_modules
3435 error errno -1
3436 error Error: EPERM: operation not permitted, mkdir '/Users/coltonfoley/Projects/edgdirectresponsev3/node_modules'
3436 error     at async mkdir (node:internal/fs/promises:861:10)
3436 error     at async /opt/homebrew/lib/node_modules/npm/node_modules/@npmcli/arborist/lib/arborist/reify.js:628:20
3436 error     at async Promise.allSettled (index 0)
3436 error     at async [reifyPackages] (/opt/homebrew/lib/node_modules/npm/node_modules/@npmcli/arborist/lib/arborist/reify.js:332:11)
3436 error     at async Arborist.reify (/opt/homebrew/lib/node_modules/npm/node_modules/@npmcli/arborist/lib/arborist/reify.js:137:5)
3436 error     at async Install.exec (/opt/homebrew/lib/node_modules/npm/lib/commands/install.js:150:5)
3436 error     at async Npm.exec (/opt/homebrew/lib/node_modules/npm/lib/npm.js:208:9)
3436 error     at async module.exports (/opt/homebrew/lib/node_modules/npm/lib/cli/entry.js:67:5) {
3436 error   errno: -1,
3436 error   code: 'EPERM',
3436 error   syscall: 'mkdir',
3436 error   path: '/Users/coltonfoley/Projects/edgdirectresponsev3/node_modules'
3436 error }
3437 error
3437 error The operation was rejected by your operating system.
3437 error It is likely you do not have the permissions to access this file as the current user
3437 error
3437 error If you believe this might be a permissions issue, please double-check the
3437 error permissions of the file and its containing directories, or try running
3437 error the command again as root/Administrator.
3438 silly unfinished npm timer reify 1770398307133
3439 silly unfinished npm timer reify:createSparse 1770398329363
3440 verbose cwd /Users/coltonfoley/Projects/edgdirectresponsev3
3441 verbose os Darwin 25.2.0
3442 verbose node v24.7.0
3443 verbose npm  v11.5.1
3444 notice
3444 notice New minor version of npm available! 11.5.1 -> 11.9.0
3444 notice Changelog: https://github.com/npm/cli/releases/tag/v11.9.0
3444 notice To update run: npm install -g npm@11.9.0
3444 notice  { force: true, Symbol(proc-log.meta): true }
3445 verbose exit -1
3446 verbose code -1
3447 error A complete log of this run can be found in: /Users/coltonfoley/Projects/edgdirectresponsev3/.npm_cache/_logs/2026-02-06T17_18_26_839Z-debug-0.log
