0 verbose cli /opt/homebrew/Cellar/node/24.7.0/bin/node /opt/homebrew/bin/npm
1 info using npm@11.5.1
2 info using node@v24.7.0
3 silly config load:file:/opt/homebrew/lib/node_modules/npm/npmrc
4 silly config load:file:/Users/coltonfoley/Projects/edgdirectresponsev3/.npmrc
5 silly config load:file:/Users/coltonfoley/.npmrc
6 silly config load:file:/opt/homebrew/etc/npmrc
7 verbose title npm install
8 verbose argv "install" "--cache" "./.npm_cache" "--prefer-offline" "false"
9 verbose logfile logs-max:10 dir:/Users/coltonfoley/Projects/edgdirectresponsev3/.npm_cache/_logs/2026-02-06T17_19_48_418Z-
10 verbose logfile /Users/coltonfoley/Projects/edgdirectresponsev3/.npm_cache/_logs/2026-02-06T17_19_48_418Z-debug-0.log
11 silly logfile done cleaning log files
12 silly packumentCache heap:4496293888 maxSize:1124073472 maxEntrySize:562036736
13 silly idealTree buildDeps
14 silly fetch manifest @next/third-parties@^16.1.1
15 silly packumentCache full:https://registry.npmjs.org/@next%2fthird-parties cache-miss
16 http cache https://registry.npmjs.org/@next%2fthird-parties 15ms (cache hit)
17 silly packumentCache full:https://registry.npmjs.org/@next%2fthird-parties set size:3625929 disposed:false
18 silly fetch manifest next@16.0.10
19 silly packumentCache full:https://registry.npmjs.org/next cache-miss
20 http cache https://registry.npmjs.org/next 38ms (cache hit)
21 silly packumentCache full:https://registry.npmjs.org/next set size:28952431 disposed:false
22 silly fetch manifest @opentelemetry/api@^1.1.0
23 silly packumentCache full:https://registry.npmjs.org/@opentelemetry%2fapi cache-miss
24 http cache https://registry.npmjs.org/@opentelemetry%2fapi 4ms (cache hit)
25 silly packumentCache full:https://registry.npmjs.org/@opentelemetry%2fapi set size:455567 disposed:false
26 silly fetch manifest @playwright/test@^1.58.1
27 silly packumentCache full:https://registry.npmjs.org/@playwright%2ftest cache-miss
28 http cache https://registry.npmjs.org/@playwright%2ftest 14ms (cache hit)
29 silly packumentCache full:https://registry.npmjs.org/@playwright%2ftest set size:8738856 disposed:false
30 silly fetch manifest babel-plugin-react-compiler@*
31 silly packumentCache full:https://registry.npmjs.org/babel-plugin-react-compiler cache-miss
32 http cache https://registry.npmjs.org/babel-plugin-react-compiler 8ms (cache hit)
33 silly packumentCache full:https://registry.npmjs.org/babel-plugin-react-compiler set size:1227696 disposed:false
34 silly fetch manifest react@19.2.1
35 silly packumentCache full:https://registry.npmjs.org/react cache-miss
36 http cache https://registry.npmjs.org/react 11ms (cache hit)
37 silly packumentCache full:https://registry.npmjs.org/react set size:6466562 disposed:false
38 silly fetch manifest react-dom@19.2.1
39 silly packumentCache full:https://registry.npmjs.org/react-dom cache-miss
40 http cache https://registry.npmjs.org/react-dom 15ms (cache hit)
41 silly packumentCache full:https://registry.npmjs.org/react-dom set size:8553406 disposed:false
42 silly fetch manifest sass@^1.3.0
43 silly packumentCache full:https://registry.npmjs.org/sass cache-miss
44 http cache https://registry.npmjs.org/sass 4ms (cache hit)
45 silly packumentCache full:https://registry.npmjs.org/sass set size:722061 disposed:false
46 silly fetch manifest @supabase/supabase-js@^2.90.1
47 silly packumentCache full:https://registry.npmjs.org/@supabase%2fsupabase-js cache-miss
48 http cache https://registry.npmjs.org/@supabase%2fsupabase-js 6ms (cache hit)
49 silly packumentCache full:https://registry.npmjs.org/@supabase%2fsupabase-js set size:2572506 disposed:false
50 silly fetch manifest @vercel/analytics@^1.6.1
51 silly packumentCache full:https://registry.npmjs.org/@vercel%2fanalytics cache-miss
52 http cache https://registry.npmjs.org/@vercel%2fanalytics 2ms (cache hit)
53 silly packumentCache full:https://registry.npmjs.org/@vercel%2fanalytics set size:233648 disposed:false
54 silly fetch manifest @remix-run/react@^2
55 silly packumentCache full:https://registry.npmjs.org/@remix-run%2freact cache-miss
56 http cache https://registry.npmjs.org/@remix-run%2freact 6ms (cache hit)
57 silly packumentCache full:https://registry.npmjs.org/@remix-run%2freact set size:2785337 disposed:false
58 silly fetch manifest react@^18.0.0
59 silly packumentCache full:https://registry.npmjs.org/react cache-miss
60 http cache https://registry.npmjs.org/react 9ms (cache hit)
61 silly packumentCache full:https://registry.npmjs.org/react set size:6466562 disposed:false
62 silly fetch manifest react-dom@^18.0.0
63 silly packumentCache full:https://registry.npmjs.org/react-dom cache-miss
64 http cache https://registry.npmjs.org/react-dom 14ms (cache hit)
65 silly packumentCache full:https://registry.npmjs.org/react-dom set size:8553406 disposed:false
66 silly fetch manifest typescript@^5
67 silly packumentCache full:https://registry.npmjs.org/typescript cache-miss
68 http cache https://registry.npmjs.org/typescript 24ms (cache hit)
69 silly packumentCache full:https://registry.npmjs.org/typescript set size:15212314 disposed:false
70 silly fetch manifest @sveltejs/kit@^1 || ^2
71 silly packumentCache full:https://registry.npmjs.org/@sveltejs%2fkit cache-miss
72 http cache https://registry.npmjs.org/@sveltejs%2fkit 9ms (cache hit)
73 silly packumentCache full:https://registry.npmjs.org/@sveltejs%2fkit set size:3869452 disposed:false
74 silly fetch manifest @opentelemetry/api@^1.0.0
75 silly packumentCache full:https://registry.npmjs.org/@opentelemetry%2fapi cache-hit
76 silly fetch manifest @sveltejs/vite-plugin-svelte@^3.0.0 || ^4.0.0-next.1 || ^5.0.0 || ^6.0.0-next.0
77 silly packumentCache full:https://registry.npmjs.org/@sveltejs%2fvite-plugin-svelte cache-miss
78 http cache https://registry.npmjs.org/@sveltejs%2fvite-plugin-svelte 3ms (cache hit)
79 silly packumentCache full:https://registry.npmjs.org/@sveltejs%2fvite-plugin-svelte set size:435279 disposed:false
80 silly fetch manifest svelte@^5.0.0
81 silly packumentCache full:https://registry.npmjs.org/svelte cache-miss
82 http cache https://registry.npmjs.org/svelte 9ms (cache hit)
83 silly packumentCache full:https://registry.npmjs.org/svelte set size:4511558 disposed:false
84 silly fetch manifest vite@^6.3.0 || ^7.0.0
85 silly packumentCache full:https://registry.npmjs.org/vite cache-miss
86 http cache https://registry.npmjs.org/vite 63ms (cache hit)
87 silly packumentCache full:https://registry.npmjs.org/vite set size:38717524 disposed:false
88 silly fetch manifest @types/node@^20
89 silly packumentCache full:https://registry.npmjs.org/@types%2fnode cache-miss
90 http cache https://registry.npmjs.org/@types%2fnode 19ms (cache hit)
91 silly packumentCache full:https://registry.npmjs.org/@types%2fnode set size:10833619 disposed:false
92 silly fetch manifest jiti@>=1.21.0
93 silly packumentCache full:https://registry.npmjs.org/jiti cache-miss
94 http cache https://registry.npmjs.org/jiti 13ms (cache hit)
95 silly packumentCache full:https://registry.npmjs.org/jiti set size:382310 disposed:false
96 silly fetch manifest less@^4.0.0
97 silly packumentCache full:https://registry.npmjs.org/less cache-miss
98 http cache https://registry.npmjs.org/less 2ms (cache hit)
99 silly packumentCache full:https://registry.npmjs.org/less set size:430648 disposed:false
100 silly fetch manifest lightningcss@^1.21.0
101 silly packumentCache full:https://registry.npmjs.org/lightningcss cache-miss
102 http cache https://registry.npmjs.org/lightningcss 2ms (cache hit)
103 silly packumentCache full:https://registry.npmjs.org/lightningcss set size:182441 disposed:false
104 silly fetch manifest sass@^1.70.0
105 silly packumentCache full:https://registry.npmjs.org/sass cache-hit
106 silly fetch manifest sass-embedded@^1.70.0
107 silly packumentCache full:https://registry.npmjs.org/sass-embedded cache-miss
108 http cache https://registry.npmjs.org/sass-embedded 2ms (cache hit)
109 silly packumentCache full:https://registry.npmjs.org/sass-embedded set size:407397 disposed:false
110 silly fetch manifest stylus@>=0.54.8
111 silly packumentCache full:https://registry.npmjs.org/stylus cache-miss
112 http cache https://registry.npmjs.org/stylus 2ms (cache hit)
113 silly packumentCache full:https://registry.npmjs.org/stylus set size:286766 disposed:false
114 silly fetch manifest sugarss@^5.0.0
115 silly packumentCache full:https://registry.npmjs.org/sugarss cache-miss
116 http cache https://registry.npmjs.org/sugarss 2ms (cache hit)
117 silly packumentCache full:https://registry.npmjs.org/sugarss set size:44975 disposed:false
118 silly fetch manifest postcss@^8.3.3
119 silly packumentCache full:https://registry.npmjs.org/postcss cache-miss
120 http cache https://registry.npmjs.org/postcss 2ms (cache hit)
121 silly packumentCache full:https://registry.npmjs.org/postcss set size:696248 disposed:false
122 silly fetch manifest terser@^5.16.0
123 silly packumentCache full:https://registry.npmjs.org/terser cache-miss
124 http cache https://registry.npmjs.org/terser 3ms (cache hit)
125 silly packumentCache full:https://registry.npmjs.org/terser set size:786629 disposed:false
126 silly fetch manifest tsx@^4.8.1
127 silly packumentCache full:https://registry.npmjs.org/tsx cache-miss
128 http cache https://registry.npmjs.org/tsx 3ms (cache hit)
129 silly packumentCache full:https://registry.npmjs.org/tsx set size:289592 disposed:false
130 silly fetch manifest yaml@^2.4.2
131 silly packumentCache full:https://registry.npmjs.org/yaml cache-miss
132 http cache https://registry.npmjs.org/yaml 3ms (cache hit)
133 silly packumentCache full:https://registry.npmjs.org/yaml set size:364997 disposed:false
134 silly fetch manifest vue@^3
135 silly packumentCache full:https://registry.npmjs.org/vue cache-miss
136 http cache https://registry.npmjs.org/vue 4ms (cache hit)
137 silly packumentCache full:https://registry.npmjs.org/vue set size:1987404 disposed:false
138 silly fetch manifest vue-router@^4
139 silly packumentCache full:https://registry.npmjs.org/vue-router cache-miss
140 http cache https://registry.npmjs.org/vue-router 3ms (cache hit)
141 silly packumentCache full:https://registry.npmjs.org/vue-router set size:956040 disposed:false
142 silly fetch manifest @vercel/postgres@^0.10.0
143 silly packumentCache full:https://registry.npmjs.org/@vercel%2fpostgres cache-miss
144 http cache https://registry.npmjs.org/@vercel%2fpostgres 2ms (cache hit)
145 silly packumentCache full:https://registry.npmjs.org/@vercel%2fpostgres set size:242497 disposed:false
146 silly fetch manifest @vercel/speed-insights@^1.3.1
147 silly packumentCache full:https://registry.npmjs.org/@vercel%2fspeed-insights cache-miss
148 http cache https://registry.npmjs.org/@vercel%2fspeed-insights 3ms (cache hit)
149 silly packumentCache full:https://registry.npmjs.org/@vercel%2fspeed-insights set size:188395 disposed:false
150 silly fetch manifest clsx@^2.1.1
151 silly packumentCache full:https://registry.npmjs.org/clsx cache-miss
152 http cache https://registry.npmjs.org/clsx 2ms (cache hit)
153 silly packumentCache full:https://registry.npmjs.org/clsx set size:42506 disposed:false
154 silly fetch manifest framer-motion@^12.23.26
155 silly packumentCache full:https://registry.npmjs.org/framer-motion cache-miss
156 http cache https://registry.npmjs.org/framer-motion 15ms (cache hit)
157 silly packumentCache full:https://registry.npmjs.org/framer-motion set size:9894818 disposed:false
158 silly fetch manifest @emotion/is-prop-valid@*
159 silly packumentCache full:https://registry.npmjs.org/@emotion%2fis-prop-valid cache-miss
160 http cache https://registry.npmjs.org/@emotion%2fis-prop-valid 2ms (cache hit)
161 silly packumentCache full:https://registry.npmjs.org/@emotion%2fis-prop-valid set size:96664 disposed:false
162 silly fetch manifest lucide-react@^0.562.0
163 silly packumentCache full:https://registry.npmjs.org/lucide-react cache-miss
164 http cache https://registry.npmjs.org/lucide-react 5ms (cache hit)
165 silly packumentCache full:https://registry.npmjs.org/lucide-react set size:2151234 disposed:false
166 silly fetch manifest sharp@^0.34.5
167 silly packumentCache full:https://registry.npmjs.org/sharp cache-miss
168 http cache https://registry.npmjs.org/sharp 4ms (cache hit)
169 silly packumentCache full:https://registry.npmjs.org/sharp set size:1034463 disposed:false
170 silly fetch manifest tailwind-merge@^3.4.0
171 silly packumentCache full:https://registry.npmjs.org/tailwind-merge cache-miss
172 http cache https://registry.npmjs.org/tailwind-merge 4ms (cache hit)
173 silly packumentCache full:https://registry.npmjs.org/tailwind-merge set size:1471779 disposed:false
174 silly fetch manifest @tailwindcss/postcss@^4
175 silly packumentCache full:https://registry.npmjs.org/@tailwindcss%2fpostcss cache-miss
176 http cache https://registry.npmjs.org/@tailwindcss%2fpostcss 5ms (cache hit)
177 silly packumentCache full:https://registry.npmjs.org/@tailwindcss%2fpostcss set size:1965076 disposed:false
178 silly fetch manifest @types/pg@^8.16.0
179 silly packumentCache full:https://registry.npmjs.org/@types%2fpg cache-miss
180 http cache https://registry.npmjs.org/@types%2fpg 2ms (cache hit)
181 silly packumentCache full:https://registry.npmjs.org/@types%2fpg set size:191651 disposed:false
182 silly fetch manifest @types/react@^19
183 silly packumentCache full:https://registry.npmjs.org/@types%2freact cache-miss
184 http cache https://registry.npmjs.org/@types%2freact 6ms (cache hit)
185 silly packumentCache full:https://registry.npmjs.org/@types%2freact set size:2584421 disposed:false
186 silly fetch manifest @types/react-dom@^19
187 silly packumentCache full:https://registry.npmjs.org/@types%2freact-dom cache-miss
188 http cache https://registry.npmjs.org/@types%2freact-dom 5ms (cache hit)
189 silly packumentCache full:https://registry.npmjs.org/@types%2freact-dom set size:429026 disposed:false
190 silly fetch manifest dotenv@^17.2.3
191 silly packumentCache full:https://registry.npmjs.org/dotenv cache-miss
192 http cache https://registry.npmjs.org/dotenv 6ms (cache hit)
193 silly packumentCache full:https://registry.npmjs.org/dotenv set size:263487 disposed:false
194 silly fetch manifest eslint@^9
195 silly packumentCache full:https://registry.npmjs.org/eslint cache-miss
196 http cache https://registry.npmjs.org/eslint 4ms (cache hit)
197 silly packumentCache full:https://registry.npmjs.org/eslint set size:1900626 disposed:false
198 silly fetch manifest jiti@*
199 silly packumentCache full:https://registry.npmjs.org/jiti cache-hit
200 silly fetch manifest eslint-config-next@16.0.10
201 silly packumentCache full:https://registry.npmjs.org/eslint-config-next cache-miss
202 http cache https://registry.npmjs.org/eslint-config-next 11ms (cache hit)
203 silly packumentCache full:https://registry.npmjs.org/eslint-config-next set size:6246350 disposed:false
204 silly fetch manifest pg@^8.16.3
205 silly packumentCache full:https://registry.npmjs.org/pg cache-miss
206 http cache https://registry.npmjs.org/pg 3ms (cache hit)
207 silly packumentCache full:https://registry.npmjs.org/pg set size:470757 disposed:false
208 silly fetch manifest pg-native@>=3.0.1
209 silly packumentCache full:https://registry.npmjs.org/pg-native cache-miss
210 http cache https://registry.npmjs.org/pg-native 3ms (cache hit)
211 silly packumentCache full:https://registry.npmjs.org/pg-native set size:87130 disposed:false
212 silly fetch manifest plop@^4.0.5
213 silly packumentCache full:https://registry.npmjs.org/plop cache-miss
214 http cache https://registry.npmjs.org/plop 2ms (cache hit)
215 silly packumentCache full:https://registry.npmjs.org/plop set size:189563 disposed:false
216 silly fetch manifest prettier@^3.8.1
217 silly packumentCache full:https://registry.npmjs.org/prettier cache-miss
218 http cache https://registry.npmjs.org/prettier 2ms (cache hit)
219 silly packumentCache full:https://registry.npmjs.org/prettier set size:653745 disposed:false
220 silly fetch manifest prettier-plugin-tailwindcss@^0.7.2
221 silly packumentCache full:https://registry.npmjs.org/prettier-plugin-tailwindcss cache-miss
222 http cache https://registry.npmjs.org/prettier-plugin-tailwindcss 4ms (cache hit)
223 silly packumentCache full:https://registry.npmjs.org/prettier-plugin-tailwindcss set size:1227751 disposed:false
224 silly fetch manifest @ianvs/prettier-plugin-sort-imports@*
225 silly packumentCache full:https://registry.npmjs.org/@ianvs%2fprettier-plugin-sort-imports cache-miss
226 http cache https://registry.npmjs.org/@ianvs%2fprettier-plugin-sort-imports 2ms (cache hit)
227 silly packumentCache full:https://registry.npmjs.org/@ianvs%2fprettier-plugin-sort-imports set size:159151 disposed:false
228 silly fetch manifest @prettier/plugin-oxc@^0.0.4 || ^0.1.0
229 silly packumentCache full:https://registry.npmjs.org/@prettier%2fplugin-oxc cache-miss
230 http cache https://registry.npmjs.org/@prettier%2fplugin-oxc 2ms (cache hit)
231 silly packumentCache full:https://registry.npmjs.org/@prettier%2fplugin-oxc set size:23820 disposed:false
232 silly fetch manifest @vue/compiler-sfc@2.7.x || 3.x
233 silly packumentCache full:https://registry.npmjs.org/@vue%2fcompiler-sfc cache-miss
234 http cache https://registry.npmjs.org/@vue%2fcompiler-sfc 4ms (cache hit)
235 silly packumentCache full:https://registry.npmjs.org/@vue%2fcompiler-sfc set size:932949 disposed:false
236 silly fetch manifest content-tag@^4.0.0
237 silly packumentCache full:https://registry.npmjs.org/content-tag cache-miss
238 http cache https://registry.npmjs.org/content-tag 3ms (cache hit)
239 silly packumentCache full:https://registry.npmjs.org/content-tag set size:46609 disposed:false
240 silly fetch manifest prettier-plugin-ember-template-tag@^2.1.0
241 silly packumentCache full:https://registry.npmjs.org/prettier-plugin-ember-template-tag cache-miss
242 http cache https://registry.npmjs.org/prettier-plugin-ember-template-tag 2ms (cache hit)
243 silly packumentCache full:https://registry.npmjs.org/prettier-plugin-ember-template-tag set size:122485 disposed:false
244 silly fetch manifest @prettier/plugin-hermes@*
245 silly packumentCache full:https://registry.npmjs.org/@prettier%2fplugin-hermes cache-miss
246 http cache https://registry.npmjs.org/@prettier%2fplugin-hermes 2ms (cache hit)
247 silly packumentCache full:https://registry.npmjs.org/@prettier%2fplugin-hermes set size:18790 disposed:false
248 silly fetch manifest @prettier/plugin-pug@*
249 silly packumentCache full:https://registry.npmjs.org/@prettier%2fplugin-pug cache-miss
250 http cache https://registry.npmjs.org/@prettier%2fplugin-pug 2ms (cache hit)
251 silly packumentCache full:https://registry.npmjs.org/@prettier%2fplugin-pug set size:422754 disposed:false
252 silly fetch manifest @shopify/prettier-plugin-liquid@*
253 silly packumentCache full:https://registry.npmjs.org/@shopify%2fprettier-plugin-liquid cache-miss
254 http cache https://registry.npmjs.org/@shopify%2fprettier-plugin-liquid 2ms (cache hit)
255 silly packumentCache full:https://registry.npmjs.org/@shopify%2fprettier-plugin-liquid set size:248543 disposed:false
256 silly fetch manifest @trivago/prettier-plugin-sort-imports@*
257 silly packumentCache full:https://registry.npmjs.org/@trivago%2fprettier-plugin-sort-imports cache-miss
258 http cache https://registry.npmjs.org/@trivago%2fprettier-plugin-sort-imports 1ms (cache hit)
259 silly packumentCache full:https://registry.npmjs.org/@trivago%2fprettier-plugin-sort-imports set size:156744 disposed:false
260 silly fetch manifest prettier-plugin-svelte@3.x
261 silly packumentCache full:https://registry.npmjs.org/prettier-plugin-svelte cache-miss
262 http cache https://registry.npmjs.org/prettier-plugin-svelte 2ms (cache hit)
263 silly packumentCache full:https://registry.npmjs.org/prettier-plugin-svelte set size:189328 disposed:false
264 silly fetch manifest svelte@^3.2.0 || ^4.0.0-next.0 || ^5.0.0-next.0
265 silly packumentCache full:https://registry.npmjs.org/svelte cache-miss
266 http cache https://registry.npmjs.org/svelte 6ms (cache hit)
267 silly packumentCache full:https://registry.npmjs.org/svelte set size:4511558 disposed:false
268 silly fetch manifest @zackad/prettier-plugin-twig@*
269 silly packumentCache full:https://registry.npmjs.org/@zackad%2fprettier-plugin-twig cache-miss
270 http cache https://registry.npmjs.org/@zackad%2fprettier-plugin-twig 2ms (cache hit)
271 silly packumentCache full:https://registry.npmjs.org/@zackad%2fprettier-plugin-twig set size:48794 disposed:false
272 silly fetch manifest prettier-plugin-astro@*
273 silly packumentCache full:https://registry.npmjs.org/prettier-plugin-astro cache-miss
274 http cache https://registry.npmjs.org/prettier-plugin-astro 2ms (cache hit)
275 silly packumentCache full:https://registry.npmjs.org/prettier-plugin-astro set size:143154 disposed:false
276 silly fetch manifest prettier-plugin-css-order@*
277 silly packumentCache full:https://registry.npmjs.org/prettier-plugin-css-order cache-miss
278 http cache https://registry.npmjs.org/prettier-plugin-css-order 2ms (cache hit)
279 silly packumentCache full:https://registry.npmjs.org/prettier-plugin-css-order set size:27601 disposed:false
280 silly fetch manifest prettier-plugin-jsdoc@*
281 silly packumentCache full:https://registry.npmjs.org/prettier-plugin-jsdoc cache-miss
282 http cache https://registry.npmjs.org/prettier-plugin-jsdoc 2ms (cache hit)
283 silly packumentCache full:https://registry.npmjs.org/prettier-plugin-jsdoc set size:443961 disposed:false
284 silly fetch manifest prettier-plugin-marko@*
285 silly packumentCache full:https://registry.npmjs.org/prettier-plugin-marko cache-miss
286 http cache https://registry.npmjs.org/prettier-plugin-marko 2ms (cache hit)
287 silly packumentCache full:https://registry.npmjs.org/prettier-plugin-marko set size:229026 disposed:false
288 silly fetch manifest prettier-plugin-multiline-arrays@*
289 silly packumentCache full:https://registry.npmjs.org/prettier-plugin-multiline-arrays cache-miss
290 http cache https://registry.npmjs.org/prettier-plugin-multiline-arrays 2ms (cache hit)
291 silly packumentCache full:https://registry.npmjs.org/prettier-plugin-multiline-arrays set size:119694 disposed:false
292 silly fetch manifest prettier-plugin-organize-attributes@*
293 silly packumentCache full:https://registry.npmjs.org/prettier-plugin-organize-attributes cache-miss
294 http cache https://registry.npmjs.org/prettier-plugin-organize-attributes 1ms (cache hit)
295 silly packumentCache full:https://registry.npmjs.org/prettier-plugin-organize-attributes set size:24634 disposed:false
296 silly fetch manifest prettier-plugin-organize-imports@*
297 silly packumentCache full:https://registry.npmjs.org/prettier-plugin-organize-imports cache-miss
298 http cache https://registry.npmjs.org/prettier-plugin-organize-imports 2ms (cache hit)
299 silly packumentCache full:https://registry.npmjs.org/prettier-plugin-organize-imports set size:92386 disposed:false
300 silly fetch manifest vue-tsc@^2.1.0 || 3
301 silly packumentCache full:https://registry.npmjs.org/vue-tsc cache-miss
302 http cache https://registry.npmjs.org/vue-tsc 3ms (cache hit)
303 silly packumentCache full:https://registry.npmjs.org/vue-tsc set size:733860 disposed:false
304 silly fetch manifest prettier-plugin-sort-imports@*
305 silly packumentCache full:https://registry.npmjs.org/prettier-plugin-sort-imports cache-miss
306 http cache https://registry.npmjs.org/prettier-plugin-sort-imports 2ms (cache hit)
307 silly packumentCache full:https://registry.npmjs.org/prettier-plugin-sort-imports set size:117008 disposed:false
308 silly fetch manifest tailwindcss@^4
309 silly packumentCache full:https://registry.npmjs.org/tailwindcss cache-miss
310 http cache https://registry.npmjs.org/tailwindcss 16ms (cache hit)
311 silly packumentCache full:https://registry.npmjs.org/tailwindcss set size:10156862 disposed:false
312 silly placeDep ROOT @next/third-parties@16.1.6 OK for: edgdirectresponsev3@0.1.0 want: ^16.1.1
313 silly placeDep ROOT next@16.0.10 OK for: @next/third-parties@16.1.6 want: ^13.0.0 || ^14.0.0 || ^15.0.0 || ^16.0.0-beta.0
314 silly placeDep ROOT react@19.2.1 OK for: next@16.0.10 want: ^18.2.0 || 19.0.0-rc-de68d2f4-20241204 || ^19.0.0
315 silly placeDep ROOT react-dom@19.2.1 OK for: next@16.0.10 want: ^18.2.0 || 19.0.0-rc-de68d2f4-20241204 || ^19.0.0
316 silly placeDep ROOT @playwright/test@1.58.2 OK for: edgdirectresponsev3@0.1.0 want: ^1.58.1
317 silly placeDep ROOT @supabase/supabase-js@2.95.3 OK for: edgdirectresponsev3@0.1.0 want: ^2.90.1
318 silly placeDep ROOT @tailwindcss/postcss@4.1.18 OK for: edgdirectresponsev3@0.1.0 want: ^4
319 silly placeDep ROOT @types/node@20.19.32 OK for: edgdirectresponsev3@0.1.0 want: ^20
320 silly placeDep ROOT @types/pg@8.16.0 OK for: edgdirectresponsev3@0.1.0 want: ^8.16.0
321 silly placeDep ROOT @types/react@19.2.13 OK for: edgdirectresponsev3@0.1.0 want: ^19
322 silly placeDep ROOT @types/react-dom@19.2.3 OK for: edgdirectresponsev3@0.1.0 want: ^19
323 silly placeDep ROOT @vercel/analytics@1.6.1 OK for: edgdirectresponsev3@0.1.0 want: ^1.6.1
324 silly placeDep ROOT @vercel/postgres@0.10.0 OK for: edgdirectresponsev3@0.1.0 want: ^0.10.0
325 silly placeDep ROOT @vercel/speed-insights@1.3.1 OK for: edgdirectresponsev3@0.1.0 want: ^1.3.1
326 silly placeDep ROOT clsx@2.1.1 OK for: edgdirectresponsev3@0.1.0 want: ^2.1.1
327 silly placeDep ROOT dotenv@17.2.4 OK for: edgdirectresponsev3@0.1.0 want: ^17.2.3
328 silly placeDep ROOT eslint@9.39.2 OK for: edgdirectresponsev3@0.1.0 want: ^9
329 silly placeDep ROOT eslint-config-next@16.0.10 OK for: edgdirectresponsev3@0.1.0 want: 16.0.10
330 silly placeDep ROOT framer-motion@12.33.0 OK for: edgdirectresponsev3@0.1.0 want: ^12.23.26
331 silly placeDep ROOT lucide-react@0.562.0 OK for: edgdirectresponsev3@0.1.0 want: ^0.562.0
332 silly placeDep ROOT pg@8.18.0 OK for: edgdirectresponsev3@0.1.0 want: ^8.16.3
333 silly placeDep ROOT plop@4.0.5 OK for: edgdirectresponsev3@0.1.0 want: ^4.0.5
334 silly placeDep ROOT prettier@3.8.1 OK for: edgdirectresponsev3@0.1.0 want: ^3.8.1
335 silly placeDep ROOT prettier-plugin-tailwindcss@0.7.2 OK for: edgdirectresponsev3@0.1.0 want: ^0.7.2
336 silly placeDep ROOT sharp@0.34.5 OK for: edgdirectresponsev3@0.1.0 want: ^0.34.5
337 silly placeDep ROOT tailwind-merge@3.4.0 OK for: edgdirectresponsev3@0.1.0 want: ^3.4.0
338 silly placeDep ROOT tailwindcss@4.1.18 OK for: edgdirectresponsev3@0.1.0 want: ^4
339 silly placeDep ROOT typescript@5.9.3 OK for: edgdirectresponsev3@0.1.0 want: ^5
340 silly fetch manifest third-party-capital@1.0.20
341 silly packumentCache full:https://registry.npmjs.org/third-party-capital cache-miss
342 silly fetch manifest postcss@8.4.31
343 silly packumentCache full:https://registry.npmjs.org/postcss cache-hit
344 silly fetch manifest @next/env@16.0.10
345 silly packumentCache full:https://registry.npmjs.org/@next%2fenv cache-miss
346 silly fetch manifest styled-jsx@5.1.6
347 silly packumentCache full:https://registry.npmjs.org/styled-jsx cache-miss
348 silly fetch manifest @swc/helpers@0.5.15
349 silly packumentCache full:https://registry.npmjs.org/@swc%2fhelpers cache-miss
350 silly fetch manifest caniuse-lite@^1.0.30001579
351 silly packumentCache full:https://registry.npmjs.org/caniuse-lite cache-miss
352 silly fetch manifest sharp@^0.34.4
353 silly packumentCache full:https://registry.npmjs.org/sharp cache-miss
354 silly fetch manifest @next/swc-darwin-x64@16.0.10
355 silly packumentCache full:https://registry.npmjs.org/@next%2fswc-darwin-x64 cache-miss
356 silly fetch manifest @next/swc-darwin-arm64@16.0.10
357 silly packumentCache full:https://registry.npmjs.org/@next%2fswc-darwin-arm64 cache-miss
358 silly fetch manifest @next/swc-linux-x64-gnu@16.0.10
359 silly packumentCache full:https://registry.npmjs.org/@next%2fswc-linux-x64-gnu cache-miss
360 http cache https://registry.npmjs.org/@next%2fswc-darwin-x64 17ms (cache hit)
361 silly packumentCache full:https://registry.npmjs.org/@next%2fswc-darwin-x64 set size:4893647 disposed:false
362 silly fetch manifest @next/swc-linux-x64-musl@16.0.10
363 silly packumentCache full:https://registry.npmjs.org/@next%2fswc-linux-x64-musl cache-miss
364 http cache https://registry.npmjs.org/sharp 32ms (cache hit)
365 silly packumentCache full:https://registry.npmjs.org/sharp set size:1034463 disposed:false
366 silly fetch manifest @next/swc-win32-x64-msvc@16.0.10
367 silly packumentCache full:https://registry.npmjs.org/@next%2fswc-win32-x64-msvc cache-miss
368 http cache https://registry.npmjs.org/@next%2fswc-linux-x64-gnu 41ms (cache hit)
369 silly packumentCache full:https://registry.npmjs.org/@next%2fswc-linux-x64-gnu set size:4992646 disposed:false
370 silly fetch manifest @next/swc-linux-arm64-gnu@16.0.10
371 silly packumentCache full:https://registry.npmjs.org/@next%2fswc-linux-arm64-gnu cache-miss
372 http cache https://registry.npmjs.org/third-party-capital 56ms (cache hit)
373 silly packumentCache full:https://registry.npmjs.org/third-party-capital set size:122794 disposed:false
374 silly fetch manifest @next/swc-linux-arm64-musl@16.0.10
375 silly packumentCache full:https://registry.npmjs.org/@next%2fswc-linux-arm64-musl cache-miss
376 http cache https://registry.npmjs.org/@next%2fswc-darwin-arm64 60ms (cache hit)
377 silly packumentCache full:https://registry.npmjs.org/@next%2fswc-darwin-arm64 set size:4947506 disposed:false
378 silly fetch manifest @next/swc-win32-arm64-msvc@16.0.10
379 silly packumentCache full:https://registry.npmjs.org/@next%2fswc-win32-arm64-msvc cache-miss
380 http cache https://registry.npmjs.org/@next%2fenv 86ms (cache hit)
381 silly packumentCache full:https://registry.npmjs.org/@next%2fenv set size:6882140 disposed:false
382 silly fetch manifest scheduler@^0.27.0
383 silly packumentCache full:https://registry.npmjs.org/scheduler cache-miss
384 http cache https://registry.npmjs.org/@swc%2fhelpers 114ms (cache hit)
385 silly packumentCache full:https://registry.npmjs.org/@swc%2fhelpers set size:655395 disposed:false
386 silly fetch manifest playwright@1.58.2
387 silly packumentCache full:https://registry.npmjs.org/playwright cache-miss
388 http cache https://registry.npmjs.org/caniuse-lite 121ms (cache hit)
389 silly packumentCache full:https://registry.npmjs.org/caniuse-lite set size:2252610 disposed:false
390 silly fetch manifest @supabase/auth-js@2.95.3
391 silly packumentCache full:https://registry.npmjs.org/@supabase%2fauth-js cache-miss
392 http cache https://registry.npmjs.org/styled-jsx 127ms (cache hit)
393 silly packumentCache full:https://registry.npmjs.org/styled-jsx set size:436113 disposed:false
394 silly fetch manifest @supabase/functions-js@2.95.3
395 silly packumentCache full:https://registry.npmjs.org/@supabase%2ffunctions-js cache-miss
396 http cache https://registry.npmjs.org/@next%2fswc-linux-arm64-musl 91ms (cache hit)
397 silly packumentCache full:https://registry.npmjs.org/@next%2fswc-linux-arm64-musl set size:4811071 disposed:false
398 silly fetch manifest @supabase/postgrest-js@2.95.3
399 silly packumentCache full:https://registry.npmjs.org/@supabase%2fpostgrest-js cache-miss
400 http cache https://registry.npmjs.org/scheduler 52ms (cache hit)
401 silly packumentCache full:https://registry.npmjs.org/scheduler set size:5370998 disposed:false
402 silly fetch manifest @supabase/realtime-js@2.95.3
403 silly packumentCache full:https://registry.npmjs.org/@supabase%2frealtime-js cache-miss
404 http cache https://registry.npmjs.org/@next%2fswc-linux-arm64-gnu 129ms (cache hit)
405 silly packumentCache full:https://registry.npmjs.org/@next%2fswc-linux-arm64-gnu set size:4794451 disposed:false
406 silly fetch manifest @supabase/storage-js@2.95.3
407 silly packumentCache full:https://registry.npmjs.org/@supabase%2fstorage-js cache-miss
408 http cache https://registry.npmjs.org/@next%2fswc-linux-x64-musl 170ms (cache hit)
409 silly packumentCache full:https://registry.npmjs.org/@next%2fswc-linux-x64-musl set size:4749168 disposed:false
410 silly fetch manifest postcss@^8.4.41
411 silly packumentCache full:https://registry.npmjs.org/postcss cache-hit
412 silly fetch manifest tailwindcss@4.1.18
413 silly packumentCache full:https://registry.npmjs.org/tailwindcss cache-miss
414 http cache https://registry.npmjs.org/@supabase%2fauth-js 89ms (cache hit)
415 silly packumentCache full:https://registry.npmjs.org/@supabase%2fauth-js set size:935151 disposed:false
416 silly fetch manifest @alloc/quick-lru@^5.2.0
417 silly packumentCache full:https://registry.npmjs.org/@alloc%2fquick-lru cache-miss
418 http cache https://registry.npmjs.org/@next%2fswc-win32-arm64-msvc 146ms (cache hit)
419 silly packumentCache full:https://registry.npmjs.org/@next%2fswc-win32-arm64-msvc set size:4777762 disposed:false
420 silly fetch manifest @tailwindcss/node@4.1.18
421 silly packumentCache full:https://registry.npmjs.org/@tailwindcss%2fnode cache-miss
422 http cache https://registry.npmjs.org/playwright 134ms (cache hit)
423 silly packumentCache full:https://registry.npmjs.org/playwright set size:15679225 disposed:false
424 silly fetch manifest @tailwindcss/oxide@4.1.18
425 silly packumentCache full:https://registry.npmjs.org/@tailwindcss%2foxide cache-miss
426 http cache https://registry.npmjs.org/@next%2fswc-win32-x64-msvc 297ms (cache hit)
427 silly packumentCache full:https://registry.npmjs.org/@next%2fswc-win32-x64-msvc set size:4966282 disposed:false
428 silly fetch manifest undici-types@~6.21.0
429 silly packumentCache full:https://registry.npmjs.org/undici-types cache-miss
430 http cache https://registry.npmjs.org/@supabase%2ffunctions-js 220ms (cache hit)
431 silly packumentCache full:https://registry.npmjs.org/@supabase%2ffunctions-js set size:635846 disposed:false
432 silly fetch manifest pg-types@^2.2.0
433 silly packumentCache full:https://registry.npmjs.org/pg-types cache-miss
434 http cache https://registry.npmjs.org/@supabase%2fstorage-js 161ms (cache hit)
435 silly packumentCache full:https://registry.npmjs.org/@supabase%2fstorage-js set size:893243 disposed:false
436 silly fetch manifest pg-protocol@*
437 silly packumentCache full:https://registry.npmjs.org/pg-protocol cache-miss
438 http cache https://registry.npmjs.org/tailwindcss 156ms (cache hit)
439 silly packumentCache full:https://registry.npmjs.org/tailwindcss set size:10156862 disposed:false
440 silly fetch manifest csstype@^3.2.2
441 silly packumentCache full:https://registry.npmjs.org/csstype cache-miss
442 http cache https://registry.npmjs.org/@supabase%2frealtime-js 228ms (cache hit)
443 silly packumentCache full:https://registry.npmjs.org/@supabase%2frealtime-js set size:1115092 disposed:false
444 silly fetch manifest ws@^8.17.1
445 silly packumentCache full:https://registry.npmjs.org/ws cache-miss
446 http cache https://registry.npmjs.org/@supabase%2fpostgrest-js 253ms (cache hit)
447 silly packumentCache full:https://registry.npmjs.org/@supabase%2fpostgrest-js set size:1246641 disposed:false
448 silly fetch manifest bufferutil@^4.0.8
449 silly packumentCache full:https://registry.npmjs.org/bufferutil cache-miss
450 http cache https://registry.npmjs.org/@alloc%2fquick-lru 202ms (cache hit)
451 silly packumentCache full:https://registry.npmjs.org/@alloc%2fquick-lru set size:7269 disposed:false
452 silly fetch manifest @neondatabase/serverless@^0.9.3
453 silly packumentCache full:https://registry.npmjs.org/@neondatabase%2fserverless cache-miss
454 http cache https://registry.npmjs.org/@tailwindcss%2fnode 186ms (cache hit)
455 silly packumentCache full:https://registry.npmjs.org/@tailwindcss%2fnode set size:1835730 disposed:false
456 silly fetch manifest ajv@^6.12.4
457 silly packumentCache full:https://registry.npmjs.org/ajv cache-miss
458 http cache https://registry.npmjs.org/@tailwindcss%2foxide 123ms (cache hit)
459 silly packumentCache full:https://registry.npmjs.org/@tailwindcss%2foxide set size:4015297 disposed:false
460 silly fetch manifest chalk@^4.0.0
461 silly packumentCache full:https://registry.npmjs.org/chalk cache-miss
462 http cache https://registry.npmjs.org/undici-types 106ms (cache hit)
463 silly packumentCache full:https://registry.npmjs.org/undici-types set size:169496 disposed:false
464 silly fetch manifest debug@^4.3.2
465 silly packumentCache full:https://registry.npmjs.org/debug cache-miss
466 http cache https://registry.npmjs.org/pg-types 103ms (cache hit)
467 silly packumentCache full:https://registry.npmjs.org/pg-types set size:51397 disposed:false
468 silly fetch manifest espree@^10.4.0
469 silly packumentCache full:https://registry.npmjs.org/espree cache-miss
470 http cache https://registry.npmjs.org/csstype 56ms (cache hit)
471 silly packumentCache full:https://registry.npmjs.org/csstype set size:274189 disposed:false
472 silly fetch manifest ignore@^5.2.0
473 silly packumentCache full:https://registry.npmjs.org/ignore cache-miss
474 http cache https://registry.npmjs.org/ws 53ms (cache hit)
475 silly packumentCache full:https://registry.npmjs.org/ws set size:413307 disposed:false
476 silly fetch manifest esquery@^1.5.0
477 silly packumentCache full:https://registry.npmjs.org/esquery cache-miss
478 http cache https://registry.npmjs.org/bufferutil 46ms (cache hit)
479 silly packumentCache full:https://registry.npmjs.org/bufferutil set size:52763 disposed:false
480 silly fetch manifest esutils@^2.0.2
481 silly packumentCache full:https://registry.npmjs.org/esutils cache-miss
482 http cache https://registry.npmjs.org/pg-protocol 106ms (cache hit)
483 silly packumentCache full:https://registry.npmjs.org/pg-protocol set size:47734 disposed:false
484 silly fetch manifest find-up@^5.0.0
485 silly packumentCache full:https://registry.npmjs.org/find-up cache-miss
486 http cache https://registry.npmjs.org/ajv 38ms (cache hit)
487 silly packumentCache full:https://registry.npmjs.org/ajv set size:1126055 disposed:false
488 silly fetch manifest is-glob@^4.0.0
489 silly packumentCache full:https://registry.npmjs.org/is-glob cache-miss
490 http cache https://registry.npmjs.org/@neondatabase%2fserverless 52ms (cache hit)
491 silly packumentCache full:https://registry.npmjs.org/@neondatabase%2fserverless set size:173277 disposed:false
492 silly fetch manifest minimatch@^3.1.2
493 silly packumentCache full:https://registry.npmjs.org/minimatch cache-miss
494 http cache https://registry.npmjs.org/chalk 29ms (cache hit)
495 silly packumentCache full:https://registry.npmjs.org/chalk set size:117861 disposed:false
496 silly fetch manifest @eslint/js@9.39.2
497 silly packumentCache full:https://registry.npmjs.org/@eslint%2fjs cache-miss
498 http cache https://registry.npmjs.org/debug 24ms (cache hit)
499 silly packumentCache full:https://registry.npmjs.org/debug set size:195840 disposed:false
500 silly fetch manifest optionator@^0.9.3
501 silly packumentCache full:https://registry.npmjs.org/optionator cache-miss
502 http cache https://registry.npmjs.org/espree 26ms (cache hit)
503 silly packumentCache full:https://registry.npmjs.org/espree set size:320553 disposed:false
504 silly fetch manifest cross-spawn@^7.0.6
505 silly packumentCache full:https://registry.npmjs.org/cross-spawn cache-miss
506 http cache https://registry.npmjs.org/esquery 20ms (cache hit)
507 silly packumentCache full:https://registry.npmjs.org/esquery set size:48888 disposed:false
508 silly fetch manifest glob-parent@^6.0.2
509 silly packumentCache full:https://registry.npmjs.org/glob-parent cache-miss
510 http cache https://registry.npmjs.org/ignore 24ms (cache hit)
511 silly packumentCache full:https://registry.npmjs.org/ignore set size:237380 disposed:false
512 silly fetch manifest imurmurhash@^0.1.4
513 silly packumentCache full:https://registry.npmjs.org/imurmurhash cache-miss
514 http cache https://registry.npmjs.org/find-up 21ms (cache hit)
515 silly packumentCache full:https://registry.npmjs.org/find-up set size:42620 disposed:false
516 silly fetch manifest @eslint/core@^0.17.0
517 silly packumentCache full:https://registry.npmjs.org/@eslint%2fcore cache-miss
518 http cache https://registry.npmjs.org/esutils 23ms (cache hit)
519 silly packumentCache full:https://registry.npmjs.org/esutils set size:29522 disposed:false
520 silly fetch manifest eslint-scope@^8.4.0
521 silly packumentCache full:https://registry.npmjs.org/eslint-scope cache-miss
522 http cache https://registry.npmjs.org/@eslint%2fjs 13ms (cache hit)
523 silly packumentCache full:https://registry.npmjs.org/@eslint%2fjs set size:135087 disposed:false
524 silly fetch manifest lodash.merge@^4.6.2
525 silly packumentCache full:https://registry.npmjs.org/lodash.merge cache-miss
526 http cache https://registry.npmjs.org/minimatch 16ms (cache hit)
527 silly packumentCache full:https://registry.npmjs.org/minimatch set size:306302 disposed:false
528 silly fetch manifest @humanfs/node@^0.16.6
529 silly packumentCache full:https://registry.npmjs.org/@humanfs%2fnode cache-miss
530 http cache https://registry.npmjs.org/is-glob 19ms (cache hit)
531 silly packumentCache full:https://registry.npmjs.org/is-glob set size:40530 disposed:false
532 silly fetch manifest @types/estree@^1.0.6
533 silly packumentCache full:https://registry.npmjs.org/@types%2festree cache-miss
534 http cache https://registry.npmjs.org/optionator 14ms (cache hit)
535 silly packumentCache full:https://registry.npmjs.org/optionator set size:49651 disposed:false
536 silly fetch manifest fast-deep-equal@^3.1.3
537 silly packumentCache full:https://registry.npmjs.org/fast-deep-equal cache-miss
538 http cache https://registry.npmjs.org/cross-spawn 12ms (cache hit)
539 silly packumentCache full:https://registry.npmjs.org/cross-spawn set size:109066 disposed:false
540 silly fetch manifest natural-compare@^1.4.0
541 silly packumentCache full:https://registry.npmjs.org/natural-compare cache-miss
542 http cache https://registry.npmjs.org/@eslint%2fcore 9ms (cache hit)
543 silly packumentCache full:https://registry.npmjs.org/@eslint%2fcore set size:51452 disposed:false
544 silly fetch manifest @eslint/eslintrc@^3.3.1
545 silly packumentCache full:https://registry.npmjs.org/@eslint%2feslintrc cache-miss
546 http cache https://registry.npmjs.org/@humanfs%2fnode 6ms (cache hit)
547 silly packumentCache full:https://registry.npmjs.org/@humanfs%2fnode set size:37704 disposed:false
548 silly fetch manifest file-entry-cache@^8.0.0
549 silly packumentCache full:https://registry.npmjs.org/file-entry-cache cache-miss
550 http cache https://registry.npmjs.org/imurmurhash 11ms (cache hit)
551 silly packumentCache full:https://registry.npmjs.org/imurmurhash set size:35819 disposed:false
552 silly fetch manifest @eslint/plugin-kit@^0.4.1
553 silly packumentCache full:https://registry.npmjs.org/@eslint%2fplugin-kit cache-miss
554 http cache https://registry.npmjs.org/glob-parent 13ms (cache hit)
555 silly packumentCache full:https://registry.npmjs.org/glob-parent set size:42445 disposed:false
556 silly fetch manifest eslint-visitor-keys@^4.2.1
557 silly packumentCache full:https://registry.npmjs.org/eslint-visitor-keys cache-miss
558 http cache https://registry.npmjs.org/eslint-scope 11ms (cache hit)
559 silly packumentCache full:https://registry.npmjs.org/eslint-scope set size:93978 disposed:false
560 silly fetch manifest @eslint/config-array@^0.21.1
561 silly packumentCache full:https://registry.npmjs.org/@eslint%2fconfig-array cache-miss
562 http cache https://registry.npmjs.org/lodash.merge 11ms (cache hit)
563 silly packumentCache full:https://registry.npmjs.org/lodash.merge set size:78575 disposed:false
564 silly fetch manifest @humanwhocodes/retry@^0.4.2
565 silly packumentCache full:https://registry.npmjs.org/@humanwhocodes%2fretry cache-miss
566 http cache https://registry.npmjs.org/@types%2festree 9ms (cache hit)
567 silly packumentCache full:https://registry.npmjs.org/@types%2festree set size:74091 disposed:false
568 silly fetch manifest escape-string-regexp@^4.0.0
569 silly packumentCache full:https://registry.npmjs.org/escape-string-regexp cache-miss
570 http cache https://registry.npmjs.org/fast-deep-equal 9ms (cache hit)
571 silly packumentCache full:https://registry.npmjs.org/fast-deep-equal set size:48634 disposed:false
572 silly fetch manifest @eslint/config-helpers@^0.4.2
573 silly packumentCache full:https://registry.npmjs.org/@eslint%2fconfig-helpers cache-miss
574 http cache https://registry.npmjs.org/natural-compare 9ms (cache hit)
575 silly packumentCache full:https://registry.npmjs.org/natural-compare set size:7852 disposed:false
576 silly fetch manifest @eslint-community/regexpp@^4.12.1
577 silly packumentCache full:https://registry.npmjs.org/@eslint-community%2fregexpp cache-miss
578 http cache https://registry.npmjs.org/file-entry-cache 8ms (cache hit)
579 silly packumentCache full:https://registry.npmjs.org/file-entry-cache set size:151480 disposed:false
580 silly fetch manifest @eslint-community/eslint-utils@^4.8.0
581 silly packumentCache full:https://registry.npmjs.org/@eslint-community%2feslint-utils cache-miss
582 http cache https://registry.npmjs.org/eslint-visitor-keys 8ms (cache hit)
583 silly packumentCache full:https://registry.npmjs.org/eslint-visitor-keys set size:67352 disposed:false
584 silly fetch manifest @humanwhocodes/module-importer@^1.0.1
585 silly packumentCache full:https://registry.npmjs.org/@humanwhocodes%2fmodule-importer cache-miss
586 http cache https://registry.npmjs.org/@humanwhocodes%2fretry 7ms (cache hit)
587 silly packumentCache full:https://registry.npmjs.org/@humanwhocodes%2fretry set size:42348 disposed:false
588 silly fetch manifest json-stable-stringify-without-jsonify@^1.0.1
589 silly packumentCache full:https://registry.npmjs.org/json-stable-stringify-without-jsonify cache-miss
590 http cache https://registry.npmjs.org/@eslint%2feslintrc 11ms (cache hit)
591 silly packumentCache full:https://registry.npmjs.org/@eslint%2feslintrc set size:163118 disposed:false
592 silly fetch manifest globals@16.4.0
593 silly packumentCache full:https://registry.npmjs.org/globals cache-miss
594 http cache https://registry.npmjs.org/@eslint%2fplugin-kit 12ms (cache hit)
595 silly packumentCache full:https://registry.npmjs.org/@eslint%2fplugin-kit set size:65206 disposed:false
596 silly fetch manifest typescript-eslint@^8.46.0
597 silly packumentCache full:https://registry.npmjs.org/typescript-eslint cache-miss
598 http cache https://registry.npmjs.org/escape-string-regexp 10ms (cache hit)
599 silly packumentCache full:https://registry.npmjs.org/escape-string-regexp set size:22244 disposed:false
600 silly fetch manifest eslint-plugin-react@^7.37.0
601 silly packumentCache full:https://registry.npmjs.org/eslint-plugin-react cache-miss
602 http cache https://registry.npmjs.org/@eslint%2fconfig-array 12ms (cache hit)
603 silly packumentCache full:https://registry.npmjs.org/@eslint%2fconfig-array set size:56420 disposed:false
604 silly fetch manifest eslint-plugin-import@^2.32.0
605 silly packumentCache full:https://registry.npmjs.org/eslint-plugin-import cache-miss
606 http cache https://registry.npmjs.org/@eslint-community%2fregexpp 8ms (cache hit)
607 silly packumentCache full:https://registry.npmjs.org/@eslint-community%2fregexpp set size:106609 disposed:false
608 silly fetch manifest eslint-plugin-jsx-a11y@^6.10.0
609 silly packumentCache full:https://registry.npmjs.org/eslint-plugin-jsx-a11y cache-miss
610 http cache https://registry.npmjs.org/@eslint%2fconfig-helpers 10ms (cache hit)
611 silly packumentCache full:https://registry.npmjs.org/@eslint%2fconfig-helpers set size:39934 disposed:false
612 silly fetch manifest @next/eslint-plugin-next@16.0.10
613 silly packumentCache full:https://registry.npmjs.org/@next%2feslint-plugin-next cache-miss
614 http cache https://registry.npmjs.org/@eslint-community%2feslint-utils 9ms (cache hit)
615 silly packumentCache full:https://registry.npmjs.org/@eslint-community%2feslint-utils set size:93301 disposed:false
616 silly fetch manifest eslint-plugin-react-hooks@^7.0.0
617 silly packumentCache full:https://registry.npmjs.org/eslint-plugin-react-hooks cache-miss
618 http cache https://registry.npmjs.org/json-stable-stringify-without-jsonify 8ms (cache hit)
619 silly packumentCache full:https://registry.npmjs.org/json-stable-stringify-without-jsonify set size:5808 disposed:false
620 silly fetch manifest eslint-import-resolver-node@^0.3.6
621 silly packumentCache full:https://registry.npmjs.org/eslint-import-resolver-node cache-miss
622 http cache https://registry.npmjs.org/globals 8ms (cache hit)
623 silly packumentCache full:https://registry.npmjs.org/globals set size:304921 disposed:false
624 silly fetch manifest eslint-import-resolver-typescript@^3.5.2
625 silly packumentCache full:https://registry.npmjs.org/eslint-import-resolver-typescript cache-miss
626 http cache https://registry.npmjs.org/@humanwhocodes%2fmodule-importer 11ms (cache hit)
627 silly packumentCache full:https://registry.npmjs.org/@humanwhocodes%2fmodule-importer set size:9516 disposed:false
628 silly fetch manifest tslib@^2.4.0
629 silly packumentCache full:https://registry.npmjs.org/tslib cache-miss
630 http cache https://registry.npmjs.org/typescript-eslint 14ms (cache hit)
631 silly packumentCache full:https://registry.npmjs.org/typescript-eslint set size:3551934 disposed:false
632 silly fetch manifest motion-dom@^12.33.0
633 silly packumentCache full:https://registry.npmjs.org/motion-dom cache-miss
634 http cache https://registry.npmjs.org/eslint-plugin-jsx-a11y 23ms (cache hit)
635 silly packumentCache full:https://registry.npmjs.org/eslint-plugin-jsx-a11y set size:280052 disposed:false
636 silly fetch manifest motion-utils@^12.29.2
637 silly packumentCache full:https://registry.npmjs.org/motion-utils cache-miss
638 http cache https://registry.npmjs.org/eslint-plugin-react 27ms (cache hit)
639 silly packumentCache full:https://registry.npmjs.org/eslint-plugin-react set size:646827 disposed:false
640 silly fetch manifest pg-connection-string@^2.11.0
641 silly packumentCache full:https://registry.npmjs.org/pg-connection-string cache-miss
642 http cache https://registry.npmjs.org/eslint-plugin-import 30ms (cache hit)
643 silly packumentCache full:https://registry.npmjs.org/eslint-plugin-import set size:484928 disposed:false
644 silly fetch manifest pg-pool@^3.11.0
645 silly packumentCache full:https://registry.npmjs.org/pg-pool cache-miss
646 http cache https://registry.npmjs.org/@next%2feslint-plugin-next 37ms (cache hit)
647 silly packumentCache full:https://registry.npmjs.org/@next%2feslint-plugin-next set size:6426773 disposed:false
648 silly fetch manifest pg-protocol@^1.11.0
649 silly packumentCache full:https://registry.npmjs.org/pg-protocol cache-hit
650 silly fetch manifest pg-types@2.2.0
651 silly packumentCache full:https://registry.npmjs.org/pg-types cache-hit
652 silly fetch manifest pgpass@1.0.5
653 silly packumentCache full:https://registry.npmjs.org/pgpass cache-miss
654 http cache https://registry.npmjs.org/eslint-import-resolver-node 61ms (cache hit)
655 silly packumentCache full:https://registry.npmjs.org/eslint-import-resolver-node set size:35202 disposed:false
656 silly fetch manifest pg-cloudflare@^1.3.0
657 silly packumentCache full:https://registry.npmjs.org/pg-cloudflare cache-miss
658 http cache https://registry.npmjs.org/eslint-import-resolver-typescript 61ms (cache hit)
659 silly packumentCache full:https://registry.npmjs.org/eslint-import-resolver-typescript set size:334387 disposed:false
660 silly fetch manifest @types/liftoff@^4.0.3
661 silly packumentCache full:https://registry.npmjs.org/@types%2fliftoff cache-miss
662 http cache https://registry.npmjs.org/tslib 63ms (cache hit)
663 silly packumentCache full:https://registry.npmjs.org/tslib set size:108760 disposed:false
664 silly fetch manifest interpret@^3.1.1
665 silly packumentCache full:https://registry.npmjs.org/interpret cache-miss
666 http cache https://registry.npmjs.org/eslint-plugin-react-hooks 74ms (cache hit)
667 silly packumentCache full:https://registry.npmjs.org/eslint-plugin-react-hooks set size:7110950 disposed:false
668 silly fetch manifest liftoff@^5.0.1
669 silly packumentCache full:https://registry.npmjs.org/liftoff cache-miss
670 http cache https://registry.npmjs.org/motion-dom 72ms (cache hit)
671 silly packumentCache full:https://registry.npmjs.org/motion-dom set size:247204 disposed:false
672 silly fetch manifest nanospinner@^1.2.2
673 silly packumentCache full:https://registry.npmjs.org/nanospinner cache-miss
674 http cache https://registry.npmjs.org/motion-utils 72ms (cache hit)
675 silly packumentCache full:https://registry.npmjs.org/motion-utils set size:62747 disposed:false
676 silly fetch manifest node-plop@^0.32.3
677 silly packumentCache full:https://registry.npmjs.org/node-plop cache-miss
678 http cache https://registry.npmjs.org/pg-pool 66ms (cache hit)
679 silly packumentCache full:https://registry.npmjs.org/pg-pool set size:126851 disposed:false
680 silly fetch manifest picocolors@^1.1.1
681 silly packumentCache full:https://registry.npmjs.org/picocolors cache-miss
682 http cache https://registry.npmjs.org/pgpass 43ms (cache hit)
683 silly packumentCache full:https://registry.npmjs.org/pgpass set size:26739 disposed:false
684 silly fetch manifest v8flags@^4.0.1
685 silly packumentCache full:https://registry.npmjs.org/v8flags cache-miss
686 http cache https://registry.npmjs.org/pg-connection-string 70ms (cache hit)
687 silly packumentCache full:https://registry.npmjs.org/pg-connection-string set size:72010 disposed:false
688 silly fetch manifest semver@^7.7.3
689 silly packumentCache full:https://registry.npmjs.org/semver cache-miss
690 http cache https://registry.npmjs.org/pg-cloudflare 36ms (cache hit)
691 silly packumentCache full:https://registry.npmjs.org/pg-cloudflare set size:20882 disposed:false
692 silly fetch manifest @img/colour@^1.0.0
693 silly packumentCache full:https://registry.npmjs.org/@img%2fcolour cache-miss
694 http cache https://registry.npmjs.org/@types%2fliftoff 33ms (cache hit)
695 silly packumentCache full:https://registry.npmjs.org/@types%2fliftoff set size:13457 disposed:false
696 silly fetch manifest detect-libc@^2.1.2
697 silly packumentCache full:https://registry.npmjs.org/detect-libc cache-miss
698 http cache https://registry.npmjs.org/liftoff 8ms (cache hit)
699 silly packumentCache full:https://registry.npmjs.org/liftoff set size:116796 disposed:false
700 silly fetch manifest @img/sharp-wasm32@0.34.5
701 silly packumentCache full:https://registry.npmjs.org/@img%2fsharp-wasm32 cache-miss
702 http cache https://registry.npmjs.org/interpret 33ms (cache hit)
703 silly packumentCache full:https://registry.npmjs.org/interpret set size:99864 disposed:false
704 silly fetch manifest @img/sharp-linux-arm@0.34.5
705 silly packumentCache full:https://registry.npmjs.org/@img%2fsharp-linux-arm cache-miss
706 http cache https://registry.npmjs.org/nanospinner 7ms (cache hit)
707 silly packumentCache full:https://registry.npmjs.org/nanospinner set size:56858 disposed:false
708 silly fetch manifest @img/sharp-linux-x64@0.34.5
709 silly packumentCache full:https://registry.npmjs.org/@img%2fsharp-linux-x64 cache-miss
710 http cache https://registry.npmjs.org/picocolors 7ms (cache hit)
711 silly packumentCache full:https://registry.npmjs.org/picocolors set size:16648 disposed:false
712 silly fetch manifest @img/sharp-win32-x64@0.34.5
713 silly packumentCache full:https://registry.npmjs.org/@img%2fsharp-win32-x64 cache-miss
714 http cache https://registry.npmjs.org/node-plop 8ms (cache hit)
715 silly packumentCache full:https://registry.npmjs.org/node-plop set size:146013 disposed:false
716 silly fetch manifest @img/sharp-darwin-x64@0.34.5
717 silly packumentCache full:https://registry.npmjs.org/@img%2fsharp-darwin-x64 cache-miss
718 http cache https://registry.npmjs.org/v8flags 8ms (cache hit)
719 silly packumentCache full:https://registry.npmjs.org/v8flags set size:65611 disposed:false
720 silly fetch manifest @img/sharp-win32-ia32@0.34.5
721 silly packumentCache full:https://registry.npmjs.org/@img%2fsharp-win32-ia32 cache-miss
722 http cache https://registry.npmjs.org/semver 9ms (cache hit)
723 silly packumentCache full:https://registry.npmjs.org/semver set size:229678 disposed:false
724 silly fetch manifest @img/sharp-linux-arm64@0.34.5
725 silly packumentCache full:https://registry.npmjs.org/@img%2fsharp-linux-arm64 cache-miss
726 http cache https://registry.npmjs.org/detect-libc 10ms (cache hit)
727 silly packumentCache full:https://registry.npmjs.org/detect-libc set size:47861 disposed:false
728 silly fetch manifest @img/sharp-linux-ppc64@0.34.5
729 silly packumentCache full:https://registry.npmjs.org/@img%2fsharp-linux-ppc64 cache-miss
730 http cache https://registry.npmjs.org/@img%2fcolour 10ms (cache hit)
731 silly packumentCache full:https://registry.npmjs.org/@img%2fcolour set size:7189 disposed:false
732 silly fetch manifest @img/sharp-linux-s390x@0.34.5
733 silly packumentCache full:https://registry.npmjs.org/@img%2fsharp-linux-s390x cache-miss
734 http cache https://registry.npmjs.org/@img%2fsharp-wasm32 10ms (cache hit)
735 silly packumentCache full:https://registry.npmjs.org/@img%2fsharp-wasm32 set size:61337 disposed:false
736 silly fetch manifest @img/sharp-win32-arm64@0.34.5
737 silly packumentCache full:https://registry.npmjs.org/@img%2fsharp-win32-arm64 cache-miss
738 http cache https://registry.npmjs.org/@img%2fsharp-linux-arm 9ms (cache hit)
739 silly packumentCache full:https://registry.npmjs.org/@img%2fsharp-linux-arm set size:66643 disposed:false
740 silly fetch manifest @img/sharp-darwin-arm64@0.34.5
741 silly packumentCache full:https://registry.npmjs.org/@img%2fsharp-darwin-arm64 cache-miss
742 http cache https://registry.npmjs.org/@img%2fsharp-win32-x64 9ms (cache hit)
743 silly packumentCache full:https://registry.npmjs.org/@img%2fsharp-win32-x64 set size:64388 disposed:false
744 silly fetch manifest @img/sharp-linux-riscv64@0.34.5
745 silly packumentCache full:https://registry.npmjs.org/@img%2fsharp-linux-riscv64 cache-miss
746 http cache https://registry.npmjs.org/@img%2fsharp-linux-x64 9ms (cache hit)
747 silly packumentCache full:https://registry.npmjs.org/@img%2fsharp-linux-x64 set size:66311 disposed:false
748 silly fetch manifest @img/sharp-linuxmusl-x64@0.34.5
749 silly packumentCache full:https://registry.npmjs.org/@img%2fsharp-linuxmusl-x64 cache-miss
750 http cache https://registry.npmjs.org/@img%2fsharp-win32-ia32 8ms (cache hit)
751 silly packumentCache full:https://registry.npmjs.org/@img%2fsharp-win32-ia32 set size:65002 disposed:false
752 silly fetch manifest @img/sharp-linuxmusl-arm64@0.34.5
753 silly packumentCache full:https://registry.npmjs.org/@img%2fsharp-linuxmusl-arm64 cache-miss
754 http cache https://registry.npmjs.org/@img%2fsharp-darwin-x64 10ms (cache hit)
755 silly packumentCache full:https://registry.npmjs.org/@img%2fsharp-darwin-x64 set size:65222 disposed:false
756 silly fetch manifest @img/sharp-libvips-linux-arm@1.2.4
757 silly packumentCache full:https://registry.npmjs.org/@img%2fsharp-libvips-linux-arm cache-miss
758 http cache https://registry.npmjs.org/@img%2fsharp-linux-arm64 8ms (cache hit)
759 silly packumentCache full:https://registry.npmjs.org/@img%2fsharp-linux-arm64 set size:67207 disposed:false
760 silly fetch manifest @img/sharp-libvips-linux-x64@1.2.4
761 silly packumentCache full:https://registry.npmjs.org/@img%2fsharp-libvips-linux-x64 cache-miss
762 http cache https://registry.npmjs.org/@img%2fsharp-linux-ppc64 7ms (cache hit)
763 silly packumentCache full:https://registry.npmjs.org/@img%2fsharp-linux-ppc64 set size:31912 disposed:false
764 silly fetch manifest @img/sharp-libvips-darwin-x64@1.2.4
765 silly packumentCache full:https://registry.npmjs.org/@img%2fsharp-libvips-darwin-x64 cache-miss
766 http cache https://registry.npmjs.org/@img%2fsharp-win32-arm64 7ms (cache hit)
767 silly packumentCache full:https://registry.npmjs.org/@img%2fsharp-win32-arm64 set size:23941 disposed:false
768 silly fetch manifest @img/sharp-libvips-linux-arm64@1.2.4
769 silly packumentCache full:https://registry.npmjs.org/@img%2fsharp-libvips-linux-arm64 cache-miss
770 http cache https://registry.npmjs.org/@img%2fsharp-linux-s390x 7ms (cache hit)
771 silly packumentCache full:https://registry.npmjs.org/@img%2fsharp-linux-s390x set size:65172 disposed:false
772 silly fetch manifest @img/sharp-libvips-linux-ppc64@1.2.4
773 silly packumentCache full:https://registry.npmjs.org/@img%2fsharp-libvips-linux-ppc64 cache-miss
774 http cache https://registry.npmjs.org/@img%2fsharp-linux-riscv64 6ms (cache hit)
775 silly packumentCache full:https://registry.npmjs.org/@img%2fsharp-linux-riscv64 set size:8972 disposed:false
776 silly fetch manifest @img/sharp-libvips-linux-s390x@1.2.4
777 silly packumentCache full:https://registry.npmjs.org/@img%2fsharp-libvips-linux-s390x cache-miss
778 http cache https://registry.npmjs.org/@img%2fsharp-darwin-arm64 7ms (cache hit)
779 silly packumentCache full:https://registry.npmjs.org/@img%2fsharp-darwin-arm64 set size:66119 disposed:false
780 silly fetch manifest @img/sharp-libvips-darwin-arm64@1.2.4
781 silly packumentCache full:https://registry.npmjs.org/@img%2fsharp-libvips-darwin-arm64 cache-miss
782 http cache https://registry.npmjs.org/@img%2fsharp-linuxmusl-x64 6ms (cache hit)
783 silly packumentCache full:https://registry.npmjs.org/@img%2fsharp-linuxmusl-x64 set size:67400 disposed:false
784 silly fetch manifest @img/sharp-libvips-linux-riscv64@1.2.4
785 silly packumentCache full:https://registry.npmjs.org/@img%2fsharp-libvips-linux-riscv64 cache-miss
786 http cache https://registry.npmjs.org/@img%2fsharp-linuxmusl-arm64 7ms (cache hit)
787 silly packumentCache full:https://registry.npmjs.org/@img%2fsharp-linuxmusl-arm64 set size:68298 disposed:false
788 silly fetch manifest @img/sharp-libvips-linuxmusl-x64@1.2.4
789 silly packumentCache full:https://registry.npmjs.org/@img%2fsharp-libvips-linuxmusl-x64 cache-miss
790 http cache https://registry.npmjs.org/@img%2fsharp-libvips-linux-arm 6ms (cache hit)
791 silly packumentCache full:https://registry.npmjs.org/@img%2fsharp-libvips-linux-arm set size:58624 disposed:false
792 silly fetch manifest @img/sharp-libvips-linuxmusl-arm64@1.2.4
793 silly packumentCache full:https://registry.npmjs.org/@img%2fsharp-libvips-linuxmusl-arm64 cache-miss
794 http cache https://registry.npmjs.org/@img%2fsharp-libvips-linux-x64 7ms (cache hit)
795 silly packumentCache full:https://registry.npmjs.org/@img%2fsharp-libvips-linux-x64 set size:56678 disposed:false
796 http cache https://registry.npmjs.org/@img%2fsharp-libvips-darwin-x64 7ms (cache hit)
797 silly packumentCache full:https://registry.npmjs.org/@img%2fsharp-libvips-darwin-x64 set size:51923 disposed:false
798 http cache https://registry.npmjs.org/@img%2fsharp-libvips-linux-ppc64 7ms (cache hit)
799 silly packumentCache full:https://registry.npmjs.org/@img%2fsharp-libvips-linux-ppc64 set size:42709 disposed:false
800 http cache https://registry.npmjs.org/@img%2fsharp-libvips-linux-arm64 7ms (cache hit)
801 silly packumentCache full:https://registry.npmjs.org/@img%2fsharp-libvips-linux-arm64 set size:55489 disposed:false
802 http cache https://registry.npmjs.org/@img%2fsharp-libvips-linux-s390x 6ms (cache hit)
803 silly packumentCache full:https://registry.npmjs.org/@img%2fsharp-libvips-linux-s390x set size:51696 disposed:false
804 http cache https://registry.npmjs.org/@img%2fsharp-libvips-darwin-arm64 7ms (cache hit)
805 silly packumentCache full:https://registry.npmjs.org/@img%2fsharp-libvips-darwin-arm64 set size:52515 disposed:false
806 http cache https://registry.npmjs.org/@img%2fsharp-libvips-linuxmusl-arm64 6ms (cache hit)
807 silly packumentCache full:https://registry.npmjs.org/@img%2fsharp-libvips-linuxmusl-arm64 set size:54314 disposed:false
808 http cache https://registry.npmjs.org/@img%2fsharp-libvips-linuxmusl-x64 6ms (cache hit)
809 silly packumentCache full:https://registry.npmjs.org/@img%2fsharp-libvips-linuxmusl-x64 set size:53685 disposed:false
810 http cache https://registry.npmjs.org/@img%2fsharp-libvips-linux-riscv64 7ms (cache hit)
811 silly packumentCache full:https://registry.npmjs.org/@img%2fsharp-libvips-linux-riscv64 set size:28633 disposed:false
812 silly placeDep ROOT third-party-capital@1.0.20 OK for: @next/third-parties@16.1.6 want: 1.0.20
813 silly placeDep ROOT playwright@1.58.2 OK for: @playwright/test@1.58.2 want: 1.58.2
814 silly fetch manifest playwright-core@1.58.2
815 silly packumentCache full:https://registry.npmjs.org/playwright-core cache-miss
816 silly fetch manifest fsevents@2.3.2
817 silly packumentCache full:https://registry.npmjs.org/fsevents cache-miss
818 http cache https://registry.npmjs.org/fsevents 2ms (cache hit)
819 silly packumentCache full:https://registry.npmjs.org/fsevents set size:182472 disposed:false
820 http cache https://registry.npmjs.org/playwright-core 24ms (cache hit)
821 silly packumentCache full:https://registry.npmjs.org/playwright-core set size:17537321 disposed:false
822 silly placeDep ROOT @supabase/auth-js@2.95.3 OK for: @supabase/supabase-js@2.95.3 want: 2.95.3
823 silly placeDep ROOT @supabase/functions-js@2.95.3 OK for: @supabase/supabase-js@2.95.3 want: 2.95.3
824 silly placeDep ROOT @supabase/postgrest-js@2.95.3 OK for: @supabase/supabase-js@2.95.3 want: 2.95.3
825 silly placeDep ROOT @supabase/realtime-js@2.95.3 OK for: @supabase/supabase-js@2.95.3 want: 2.95.3
826 silly placeDep ROOT @supabase/storage-js@2.95.3 OK for: @supabase/supabase-js@2.95.3 want: 2.95.3
827 silly fetch manifest tslib@2.8.1
828 silly packumentCache full:https://registry.npmjs.org/tslib cache-hit
829 silly fetch manifest tslib@2.8.1
830 silly packumentCache full:https://registry.npmjs.org/tslib cache-hit
831 silly fetch manifest tslib@2.8.1
832 silly packumentCache full:https://registry.npmjs.org/tslib cache-hit
833 silly fetch manifest @types/phoenix@^1.6.6
834 silly packumentCache full:https://registry.npmjs.org/@types%2fphoenix cache-miss
835 silly fetch manifest @types/ws@^8.18.1
836 silly packumentCache full:https://registry.npmjs.org/@types%2fws cache-miss
837 silly fetch manifest tslib@2.8.1
838 silly packumentCache full:https://registry.npmjs.org/tslib cache-hit
839 silly fetch manifest ws@^8.18.2
840 silly packumentCache full:https://registry.npmjs.org/ws cache-hit
841 silly fetch manifest iceberg-js@^0.8.1
842 silly packumentCache full:https://registry.npmjs.org/iceberg-js cache-miss
843 silly fetch manifest tslib@2.8.1
844 silly packumentCache full:https://registry.npmjs.org/tslib cache-hit
845 http cache https://registry.npmjs.org/@types%2fws 3ms (cache hit)
846 silly packumentCache full:https://registry.npmjs.org/@types%2fws set size:167959 disposed:false
847 http cache https://registry.npmjs.org/@types%2fphoenix 4ms (cache hit)
848 silly packumentCache full:https://registry.npmjs.org/@types%2fphoenix set size:50552 disposed:false
849 http cache https://registry.npmjs.org/iceberg-js 4ms (cache hit)
850 silly packumentCache full:https://registry.npmjs.org/iceberg-js set size:32835 disposed:false
851 silly placeDep ROOT tslib@2.8.1 OK for: @supabase/auth-js@2.95.3 want: 2.8.1
852 silly fetch manifest bufferutil@^4.0.1
853 silly packumentCache full:https://registry.npmjs.org/bufferutil cache-hit
854 silly fetch manifest utf-8-validate@>=5.0.2
855 silly packumentCache full:https://registry.npmjs.org/utf-8-validate cache-miss
856 http cache https://registry.npmjs.org/utf-8-validate 1ms (cache hit)
857 silly packumentCache full:https://registry.npmjs.org/utf-8-validate set size:77148 disposed:false
858 silly placeDep ROOT @types/phoenix@1.6.7 OK for: @supabase/realtime-js@2.95.3 want: ^1.6.6
859 silly placeDep ROOT @types/ws@8.18.1 OK for: @supabase/realtime-js@2.95.3 want: ^8.18.1
860 silly placeDep ROOT ws@8.19.0 OK for: @supabase/realtime-js@2.95.3 want: ^8.18.2
861 silly placeDep ROOT iceberg-js@0.8.1 OK for: @supabase/storage-js@2.95.3 want: ^0.8.1
862 silly placeDep ROOT @alloc/quick-lru@5.2.0 OK for: @tailwindcss/postcss@4.1.18 want: ^5.2.0
863 silly placeDep ROOT @tailwindcss/node@4.1.18 OK for: @tailwindcss/postcss@4.1.18 want: 4.1.18
864 silly placeDep ROOT @tailwindcss/oxide@4.1.18 OK for: @tailwindcss/postcss@4.1.18 want: 4.1.18
865 silly placeDep ROOT postcss@8.5.6 OK for: @tailwindcss/postcss@4.1.18 want: ^8.4.41
866 silly fetch manifest jiti@^2.6.1
867 silly packumentCache full:https://registry.npmjs.org/jiti cache-hit
868 silly fetch manifest lightningcss@1.30.2
869 silly packumentCache full:https://registry.npmjs.org/lightningcss cache-hit
870 silly fetch manifest magic-string@^0.30.21
871 silly packumentCache full:https://registry.npmjs.org/magic-string cache-miss
872 silly fetch manifest source-map-js@^1.2.1
873 silly packumentCache full:https://registry.npmjs.org/source-map-js cache-miss
874 silly fetch manifest enhanced-resolve@^5.18.3
875 silly packumentCache full:https://registry.npmjs.org/enhanced-resolve cache-miss
876 silly fetch manifest @jridgewell/remapping@^2.3.4
877 silly packumentCache full:https://registry.npmjs.org/@jridgewell%2fremapping cache-miss
878 silly fetch manifest @tailwindcss/oxide-darwin-x64@4.1.18
879 silly packumentCache full:https://registry.npmjs.org/@tailwindcss%2foxide-darwin-x64 cache-miss
880 silly fetch manifest @tailwindcss/oxide-freebsd-x64@4.1.18
881 silly packumentCache full:https://registry.npmjs.org/@tailwindcss%2foxide-freebsd-x64 cache-miss
882 silly fetch manifest @tailwindcss/oxide-wasm32-wasi@4.1.18
883 silly packumentCache full:https://registry.npmjs.org/@tailwindcss%2foxide-wasm32-wasi cache-miss
884 silly fetch manifest @tailwindcss/oxide-darwin-arm64@4.1.18
885 silly packumentCache full:https://registry.npmjs.org/@tailwindcss%2foxide-darwin-arm64 cache-miss
886 silly fetch manifest @tailwindcss/oxide-android-arm64@4.1.18
887 silly packumentCache full:https://registry.npmjs.org/@tailwindcss%2foxide-android-arm64 cache-miss
888 http cache https://registry.npmjs.org/source-map-js 3ms (cache hit)
889 silly packumentCache full:https://registry.npmjs.org/source-map-js set size:62640 disposed:false
890 silly fetch manifest @tailwindcss/oxide-linux-x64-gnu@4.1.18
891 silly packumentCache full:https://registry.npmjs.org/@tailwindcss%2foxide-linux-x64-gnu cache-miss
892 http cache https://registry.npmjs.org/enhanced-resolve 5ms (cache hit)
893 silly packumentCache full:https://registry.npmjs.org/enhanced-resolve set size:349613 disposed:false
894 silly fetch manifest @tailwindcss/oxide-linux-x64-musl@4.1.18
895 silly packumentCache full:https://registry.npmjs.org/@tailwindcss%2foxide-linux-x64-musl cache-miss
896 http cache https://registry.npmjs.org/magic-string 7ms (cache hit)
897 silly packumentCache full:https://registry.npmjs.org/magic-string set size:331817 disposed:false
898 silly fetch manifest @tailwindcss/oxide-win32-x64-msvc@4.1.18
899 silly packumentCache full:https://registry.npmjs.org/@tailwindcss%2foxide-win32-x64-msvc cache-miss
900 http cache https://registry.npmjs.org/@tailwindcss%2foxide-freebsd-x64 11ms (cache hit)
901 silly packumentCache full:https://registry.npmjs.org/@tailwindcss%2foxide-freebsd-x64 set size:2540593 disposed:false
902 silly fetch manifest @tailwindcss/oxide-linux-arm64-gnu@4.1.18
903 silly packumentCache full:https://registry.npmjs.org/@tailwindcss%2foxide-linux-arm64-gnu cache-miss
904 http cache https://registry.npmjs.org/@jridgewell%2fremapping 17ms (cache hit)
905 silly packumentCache full:https://registry.npmjs.org/@jridgewell%2fremapping set size:23809 disposed:false
906 silly fetch manifest @tailwindcss/oxide-linux-arm64-musl@4.1.18
907 silly packumentCache full:https://registry.npmjs.org/@tailwindcss%2foxide-linux-arm64-musl cache-miss
908 http cache https://registry.npmjs.org/@tailwindcss%2foxide-darwin-x64 20ms (cache hit)
909 silly packumentCache full:https://registry.npmjs.org/@tailwindcss%2foxide-darwin-x64 set size:2527996 disposed:false
910 silly fetch manifest @tailwindcss/oxide-win32-arm64-msvc@4.1.18
911 silly packumentCache full:https://registry.npmjs.org/@tailwindcss%2foxide-win32-arm64-msvc cache-miss
912 http cache https://registry.npmjs.org/@tailwindcss%2foxide-darwin-arm64 28ms (cache hit)
913 silly packumentCache full:https://registry.npmjs.org/@tailwindcss%2foxide-darwin-arm64 set size:2559882 disposed:false
914 silly fetch manifest @tailwindcss/oxide-linux-arm-gnueabihf@4.1.18
915 silly packumentCache full:https://registry.npmjs.org/@tailwindcss%2foxide-linux-arm-gnueabihf cache-miss
916 http cache https://registry.npmjs.org/@tailwindcss%2foxide-wasm32-wasi 37ms (cache hit)
917 silly packumentCache full:https://registry.npmjs.org/@tailwindcss%2foxide-wasm32-wasi set size:1080587 disposed:false
918 silly fetch manifest nanoid@^3.3.11
919 silly packumentCache full:https://registry.npmjs.org/nanoid cache-miss
920 http cache https://registry.npmjs.org/@tailwindcss%2foxide-android-arm64 41ms (cache hit)
921 silly packumentCache full:https://registry.npmjs.org/@tailwindcss%2foxide-android-arm64 set size:1698714 disposed:false
922 http cache https://registry.npmjs.org/@tailwindcss%2foxide-linux-x64-gnu 48ms (cache hit)
923 silly packumentCache full:https://registry.npmjs.org/@tailwindcss%2foxide-linux-x64-gnu set size:2579829 disposed:false
924 http cache https://registry.npmjs.org/@tailwindcss%2foxide-linux-arm64-gnu 44ms (cache hit)
925 silly packumentCache full:https://registry.npmjs.org/@tailwindcss%2foxide-linux-arm64-gnu set size:2602813 disposed:false
926 http cache https://registry.npmjs.org/@tailwindcss%2foxide-win32-arm64-msvc 42ms (cache hit)
927 silly packumentCache full:https://registry.npmjs.org/@tailwindcss%2foxide-win32-arm64-msvc set size:1672962 disposed:false
928 http cache https://registry.npmjs.org/@tailwindcss%2foxide-linux-x64-musl 70ms (cache hit)
929 silly packumentCache full:https://registry.npmjs.org/@tailwindcss%2foxide-linux-x64-musl set size:2589616 disposed:false
930 http cache https://registry.npmjs.org/@tailwindcss%2foxide-win32-x64-msvc 77ms (cache hit)
931 silly packumentCache full:https://registry.npmjs.org/@tailwindcss%2foxide-win32-x64-msvc set size:2565413 disposed:false
932 http cache https://registry.npmjs.org/@tailwindcss%2foxide-linux-arm64-musl 76ms (cache hit)
933 silly packumentCache full:https://registry.npmjs.org/@tailwindcss%2foxide-linux-arm64-musl set size:2612494 disposed:false
934 http cache https://registry.npmjs.org/@tailwindcss%2foxide-linux-arm-gnueabihf 67ms (cache hit)
935 silly packumentCache full:https://registry.npmjs.org/@tailwindcss%2foxide-linux-arm-gnueabihf set size:2624646 disposed:false
936 http cache https://registry.npmjs.org/nanoid 73ms (cache hit)
937 silly packumentCache full:https://registry.npmjs.org/nanoid set size:298419 disposed:false
938 silly placeDep ROOT @jridgewell/remapping@2.3.5 OK for: @tailwindcss/node@4.1.18 want: ^2.3.4
939 silly placeDep ROOT enhanced-resolve@5.19.0 OK for: @tailwindcss/node@4.1.18 want: ^5.18.3
940 silly placeDep ROOT jiti@2.6.1 OK for: @tailwindcss/node@4.1.18 want: ^2.6.1
941 silly placeDep ROOT lightningcss@1.30.2 OK for: @tailwindcss/node@4.1.18 want: 1.30.2
942 silly placeDep ROOT magic-string@0.30.21 OK for: @tailwindcss/node@4.1.18 want: ^0.30.21
943 silly placeDep ROOT source-map-js@1.2.1 OK for: @tailwindcss/node@4.1.18 want: ^1.2.1
944 silly fetch manifest @jridgewell/gen-mapping@^0.3.5
945 silly packumentCache full:https://registry.npmjs.org/@jridgewell%2fgen-mapping cache-miss
946 silly fetch manifest @jridgewell/trace-mapping@^0.3.24
947 silly packumentCache full:https://registry.npmjs.org/@jridgewell%2ftrace-mapping cache-miss
948 silly fetch manifest graceful-fs@^4.2.4
949 silly packumentCache full:https://registry.npmjs.org/graceful-fs cache-miss
950 silly fetch manifest tapable@^2.3.0
951 silly packumentCache full:https://registry.npmjs.org/tapable cache-miss
952 silly fetch manifest detect-libc@^2.0.3
953 silly packumentCache full:https://registry.npmjs.org/detect-libc cache-hit
954 silly fetch manifest lightningcss-darwin-x64@1.30.2
955 silly packumentCache full:https://registry.npmjs.org/lightningcss-darwin-x64 cache-miss
956 silly fetch manifest lightningcss-freebsd-x64@1.30.2
957 silly packumentCache full:https://registry.npmjs.org/lightningcss-freebsd-x64 cache-miss
958 silly fetch manifest lightningcss-darwin-arm64@1.30.2
959 silly packumentCache full:https://registry.npmjs.org/lightningcss-darwin-arm64 cache-miss
960 silly fetch manifest lightningcss-android-arm64@1.30.2
961 silly packumentCache full:https://registry.npmjs.org/lightningcss-android-arm64 cache-miss
962 silly fetch manifest lightningcss-linux-x64-gnu@1.30.2
963 silly packumentCache full:https://registry.npmjs.org/lightningcss-linux-x64-gnu cache-miss
964 http cache https://registry.npmjs.org/@jridgewell%2ftrace-mapping 6ms (cache hit)
965 silly packumentCache full:https://registry.npmjs.org/@jridgewell%2ftrace-mapping set size:170909 disposed:false
966 silly fetch manifest lightningcss-linux-x64-musl@1.30.2
967 silly packumentCache full:https://registry.npmjs.org/lightningcss-linux-x64-musl cache-miss
968 http cache https://registry.npmjs.org/graceful-fs 8ms (cache hit)
969 silly packumentCache full:https://registry.npmjs.org/graceful-fs set size:124285 disposed:false
970 silly fetch manifest lightningcss-win32-x64-msvc@1.30.2
971 silly packumentCache full:https://registry.npmjs.org/lightningcss-win32-x64-msvc cache-miss
972 http cache https://registry.npmjs.org/@jridgewell%2fgen-mapping 8ms (cache hit)
973 silly packumentCache full:https://registry.npmjs.org/@jridgewell%2fgen-mapping set size:80719 disposed:false
974 silly fetch manifest lightningcss-linux-arm64-gnu@1.30.2
975 silly packumentCache full:https://registry.npmjs.org/lightningcss-linux-arm64-gnu cache-miss
976 http cache https://registry.npmjs.org/lightningcss-darwin-x64 9ms (cache hit)
977 silly packumentCache full:https://registry.npmjs.org/lightningcss-darwin-x64 set size:77015 disposed:false
978 silly fetch manifest lightningcss-linux-arm64-musl@1.30.2
979 silly packumentCache full:https://registry.npmjs.org/lightningcss-linux-arm64-musl cache-miss
980 http cache https://registry.npmjs.org/tapable 10ms (cache hit)
981 silly packumentCache full:https://registry.npmjs.org/tapable set size:110375 disposed:false
982 silly fetch manifest lightningcss-win32-arm64-msvc@1.30.2
983 silly packumentCache full:https://registry.npmjs.org/lightningcss-win32-arm64-msvc cache-miss
984 http cache https://registry.npmjs.org/lightningcss-linux-x64-gnu 9ms (cache hit)
985 silly packumentCache full:https://registry.npmjs.org/lightningcss-linux-x64-gnu set size:78391 disposed:false
986 silly fetch manifest lightningcss-linux-arm-gnueabihf@1.30.2
987 silly packumentCache full:https://registry.npmjs.org/lightningcss-linux-arm-gnueabihf cache-miss
988 http cache https://registry.npmjs.org/lightningcss-android-arm64 10ms (cache hit)
989 silly packumentCache full:https://registry.npmjs.org/lightningcss-android-arm64 set size:5971 disposed:false
990 silly fetch manifest @jridgewell/sourcemap-codec@^1.5.5
991 silly packumentCache full:https://registry.npmjs.org/@jridgewell%2fsourcemap-codec cache-miss
992 http cache https://registry.npmjs.org/lightningcss-darwin-arm64 10ms (cache hit)
993 silly packumentCache full:https://registry.npmjs.org/lightningcss-darwin-arm64 set size:77583 disposed:false
994 http cache https://registry.npmjs.org/lightningcss-freebsd-x64 11ms (cache hit)
995 silly packumentCache full:https://registry.npmjs.org/lightningcss-freebsd-x64 set size:41190 disposed:false
996 http cache https://registry.npmjs.org/lightningcss-linux-x64-musl 7ms (cache hit)
997 silly packumentCache full:https://registry.npmjs.org/lightningcss-linux-x64-musl set size:78594 disposed:false
998 http cache https://registry.npmjs.org/lightningcss-win32-arm64-msvc 4ms (cache hit)
999 silly packumentCache full:https://registry.npmjs.org/lightningcss-win32-arm64-msvc set size:24914 disposed:false
1000 http cache https://registry.npmjs.org/lightningcss-linux-arm-gnueabihf 4ms (cache hit)
1001 silly packumentCache full:https://registry.npmjs.org/lightningcss-linux-arm-gnueabihf set size:79171 disposed:false
1002 http cache https://registry.npmjs.org/lightningcss-win32-x64-msvc 7ms (cache hit)
1003 silly packumentCache full:https://registry.npmjs.org/lightningcss-win32-x64-msvc set size:77943 disposed:false
1004 http cache https://registry.npmjs.org/lightningcss-linux-arm64-gnu 6ms (cache hit)
1005 silly packumentCache full:https://registry.npmjs.org/lightningcss-linux-arm64-gnu set size:78941 disposed:false
1006 http cache https://registry.npmjs.org/lightningcss-linux-arm64-musl 7ms (cache hit)
1007 silly packumentCache full:https://registry.npmjs.org/lightningcss-linux-arm64-musl set size:79156 disposed:false
1008 http cache https://registry.npmjs.org/@jridgewell%2fsourcemap-codec 5ms (cache hit)
1009 silly packumentCache full:https://registry.npmjs.org/@jridgewell%2fsourcemap-codec set size:59275 disposed:false
1010 silly placeDep ROOT @jridgewell/gen-mapping@0.3.13 OK for: @jridgewell/remapping@2.3.5 want: ^0.3.5
1011 silly placeDep ROOT @jridgewell/trace-mapping@0.3.31 OK for: @jridgewell/remapping@2.3.5 want: ^0.3.24
1012 silly fetch manifest @jridgewell/sourcemap-codec@^1.5.0
1013 silly packumentCache full:https://registry.npmjs.org/@jridgewell%2fsourcemap-codec cache-hit
1014 silly fetch manifest @jridgewell/resolve-uri@^3.1.0
1015 silly packumentCache full:https://registry.npmjs.org/@jridgewell%2fresolve-uri cache-miss
1016 silly fetch manifest @jridgewell/sourcemap-codec@^1.4.14
1017 silly packumentCache full:https://registry.npmjs.org/@jridgewell%2fsourcemap-codec cache-hit
1018 http cache https://registry.npmjs.org/@jridgewell%2fresolve-uri 2ms (cache hit)
1019 silly packumentCache full:https://registry.npmjs.org/@jridgewell%2fresolve-uri set size:57361 disposed:false
1020 silly placeDep ROOT @jridgewell/sourcemap-codec@1.5.5 OK for: @jridgewell/gen-mapping@0.3.13 want: ^1.5.0
1021 silly placeDep ROOT @jridgewell/resolve-uri@3.1.2 OK for: @jridgewell/trace-mapping@0.3.31 want: ^3.1.0
1022 silly placeDep ROOT @tailwindcss/oxide-android-arm64@4.1.18 OK for: @tailwindcss/oxide@4.1.18 want: 4.1.18
1023 silly placeDep ROOT @tailwindcss/oxide-darwin-arm64@4.1.18 OK for: @tailwindcss/oxide@4.1.18 want: 4.1.18
1024 silly placeDep ROOT @tailwindcss/oxide-darwin-x64@4.1.18 OK for: @tailwindcss/oxide@4.1.18 want: 4.1.18
1025 silly placeDep ROOT @tailwindcss/oxide-freebsd-x64@4.1.18 OK for: @tailwindcss/oxide@4.1.18 want: 4.1.18
1026 silly placeDep ROOT @tailwindcss/oxide-linux-arm-gnueabihf@4.1.18 OK for: @tailwindcss/oxide@4.1.18 want: 4.1.18
1027 silly placeDep ROOT @tailwindcss/oxide-linux-arm64-gnu@4.1.18 OK for: @tailwindcss/oxide@4.1.18 want: 4.1.18
1028 silly placeDep ROOT @tailwindcss/oxide-linux-arm64-musl@4.1.18 OK for: @tailwindcss/oxide@4.1.18 want: 4.1.18
1029 silly placeDep ROOT @tailwindcss/oxide-linux-x64-gnu@4.1.18 OK for: @tailwindcss/oxide@4.1.18 want: 4.1.18
1030 silly placeDep ROOT @tailwindcss/oxide-linux-x64-musl@4.1.18 OK for: @tailwindcss/oxide@4.1.18 want: 4.1.18
1031 silly placeDep ROOT @tailwindcss/oxide-wasm32-wasi@4.1.18 OK for: @tailwindcss/oxide@4.1.18 want: 4.1.18
1032 silly placeDep ROOT @tailwindcss/oxide-win32-arm64-msvc@4.1.18 OK for: @tailwindcss/oxide@4.1.18 want: 4.1.18
1033 silly placeDep ROOT @tailwindcss/oxide-win32-x64-msvc@4.1.18 OK for: @tailwindcss/oxide@4.1.18 want: 4.1.18
1034 silly placeDep ROOT undici-types@6.21.0 OK for: @types/node@20.19.32 want: ~6.21.0
1035 silly placeDep ROOT pg-protocol@1.11.0 OK for: @types/pg@8.16.0 want: *
1036 silly placeDep ROOT pg-types@2.2.0 OK for: @types/pg@8.16.0 want: ^2.2.0
1037 silly fetch manifest pg-int8@1.0.1
1038 silly packumentCache full:https://registry.npmjs.org/pg-int8 cache-miss
1039 silly fetch manifest postgres-date@~1.0.4
1040 silly packumentCache full:https://registry.npmjs.org/postgres-date cache-miss
1041 silly fetch manifest postgres-array@~2.0.0
1042 silly packumentCache full:https://registry.npmjs.org/postgres-array cache-miss
1043 silly fetch manifest postgres-bytea@~1.0.0
1044 silly packumentCache full:https://registry.npmjs.org/postgres-bytea cache-miss
1045 silly fetch manifest postgres-interval@^1.1.0
1046 silly packumentCache full:https://registry.npmjs.org/postgres-interval cache-miss
1047 http cache https://registry.npmjs.org/pg-int8 2ms (cache hit)
1048 silly packumentCache full:https://registry.npmjs.org/pg-int8 set size:3652 disposed:false
1049 http cache https://registry.npmjs.org/postgres-interval 2ms (cache hit)
1050 silly packumentCache full:https://registry.npmjs.org/postgres-interval set size:30514 disposed:false
1051 http cache https://registry.npmjs.org/postgres-bytea 2ms (cache hit)
1052 silly packumentCache full:https://registry.npmjs.org/postgres-bytea set size:8854 disposed:false
1053 http cache https://registry.npmjs.org/postgres-array 3ms (cache hit)
1054 silly packumentCache full:https://registry.npmjs.org/postgres-array set size:21967 disposed:false
1055 http cache https://registry.npmjs.org/postgres-date 3ms (cache hit)
1056 silly packumentCache full:https://registry.npmjs.org/postgres-date set size:27126 disposed:false
1057 silly placeDep ROOT csstype@3.2.3 OK for: @types/react@19.2.13 want: ^3.2.2
1058 silly placeDep ROOT @neondatabase/serverless@0.9.5 OK for: @vercel/postgres@0.10.0 want: ^0.9.3
1059 silly placeDep ROOT bufferutil@4.1.0 OK for: @vercel/postgres@0.10.0 want: ^4.0.8
1060 silly fetch manifest @types/pg@8.11.6
1061 silly packumentCache full:https://registry.npmjs.org/@types%2fpg cache-hit
1062 silly fetch manifest node-gyp-build@^4.3.0
1063 silly packumentCache full:https://registry.npmjs.org/node-gyp-build cache-miss
1064 http cache https://registry.npmjs.org/node-gyp-build 1ms (cache hit)
1065 silly packumentCache full:https://registry.npmjs.org/node-gyp-build set size:84545 disposed:false
1066 silly placeDep node_modules/@neondatabase/serverless @types/pg@8.11.6 OK for: @neondatabase/serverless@0.9.5 want: 8.11.6
1067 silly fetch manifest pg-types@^4.0.1
1068 silly packumentCache full:https://registry.npmjs.org/pg-types cache-hit
1069 silly placeDep ROOT node-gyp-build@4.8.4 OK for: bufferutil@4.1.0 want: ^4.3.0
1070 silly placeDep ROOT graceful-fs@4.2.11 OK for: enhanced-resolve@5.19.0 want: ^4.2.4
1071 silly placeDep ROOT tapable@2.3.0 OK for: enhanced-resolve@5.19.0 want: ^2.3.0
1072 silly fetch manifest eslint@^6.0.0 || ^7.0.0 || >=8.0.0
1073 silly packumentCache full:https://registry.npmjs.org/eslint cache-miss
1074 http cache https://registry.npmjs.org/eslint 3ms (cache hit)
1075 silly packumentCache full:https://registry.npmjs.org/eslint set size:1900626 disposed:false
1076 silly placeDep ROOT @eslint-community/eslint-utils@4.9.1 OK for: eslint@9.39.2 want: ^4.8.0
1077 silly placeDep ROOT @eslint-community/regexpp@4.12.2 OK for: eslint@9.39.2 want: ^4.12.1
1078 silly placeDep ROOT @eslint/config-array@0.21.1 OK for: eslint@9.39.2 want: ^0.21.1
1079 silly placeDep ROOT @eslint/config-helpers@0.4.2 OK for: eslint@9.39.2 want: ^0.4.2
1080 silly placeDep ROOT @eslint/core@0.17.0 OK for: eslint@9.39.2 want: ^0.17.0
1081 silly placeDep ROOT @eslint/eslintrc@3.3.3 OK for: eslint@9.39.2 want: ^3.3.1
1082 silly placeDep ROOT @eslint/js@9.39.2 OK for: eslint@9.39.2 want: 9.39.2
1083 silly placeDep ROOT @eslint/plugin-kit@0.4.1 OK for: eslint@9.39.2 want: ^0.4.1
1084 silly placeDep ROOT @humanfs/node@0.16.7 OK for: eslint@9.39.2 want: ^0.16.6
1085 silly placeDep ROOT @humanwhocodes/module-importer@1.0.1 OK for: eslint@9.39.2 want: ^1.0.1
1086 silly placeDep ROOT @humanwhocodes/retry@0.4.3 OK for: eslint@9.39.2 want: ^0.4.2
1087 silly placeDep ROOT @types/estree@1.0.8 OK for: eslint@9.39.2 want: ^1.0.6
1088 silly placeDep ROOT ajv@6.12.6 OK for: eslint@9.39.2 want: ^6.12.4
1089 silly placeDep ROOT chalk@4.1.2 OK for: eslint@9.39.2 want: ^4.0.0
1090 silly placeDep ROOT cross-spawn@7.0.6 OK for: eslint@9.39.2 want: ^7.0.6
1091 silly placeDep ROOT debug@4.4.3 OK for: eslint@9.39.2 want: ^4.3.2
1092 silly placeDep ROOT escape-string-regexp@4.0.0 OK for: eslint@9.39.2 want: ^4.0.0
1093 silly placeDep ROOT eslint-scope@8.4.0 OK for: eslint@9.39.2 want: ^8.4.0
1094 silly placeDep ROOT eslint-visitor-keys@4.2.1 OK for: eslint@9.39.2 want: ^4.2.1
1095 silly placeDep ROOT espree@10.4.0 OK for: eslint@9.39.2 want: ^10.4.0
1096 silly placeDep ROOT esquery@1.7.0 OK for: eslint@9.39.2 want: ^1.5.0
1097 silly placeDep ROOT esutils@2.0.3 OK for: eslint@9.39.2 want: ^2.0.2
1098 silly placeDep ROOT fast-deep-equal@3.1.3 OK for: eslint@9.39.2 want: ^3.1.3
1099 silly placeDep ROOT file-entry-cache@8.0.0 OK for: eslint@9.39.2 want: ^8.0.0
1100 silly placeDep ROOT find-up@5.0.0 OK for: eslint@9.39.2 want: ^5.0.0
1101 silly placeDep ROOT glob-parent@6.0.2 OK for: eslint@9.39.2 want: ^6.0.2
1102 silly placeDep ROOT ignore@5.3.2 OK for: eslint@9.39.2 want: ^5.2.0
1103 silly placeDep ROOT imurmurhash@0.1.4 OK for: eslint@9.39.2 want: ^0.1.4
1104 silly placeDep ROOT is-glob@4.0.3 OK for: eslint@9.39.2 want: ^4.0.0
1105 silly placeDep ROOT json-stable-stringify-without-jsonify@1.0.1 OK for: eslint@9.39.2 want: ^1.0.1
1106 silly placeDep ROOT lodash.merge@4.6.2 OK for: eslint@9.39.2 want: ^4.6.2
1107 silly placeDep ROOT minimatch@3.1.2 OK for: eslint@9.39.2 want: ^3.1.2
1108 silly placeDep ROOT natural-compare@1.4.0 OK for: eslint@9.39.2 want: ^1.4.0
1109 silly placeDep ROOT optionator@0.9.4 OK for: eslint@9.39.2 want: ^0.9.3
1110 silly fetch manifest eslint-visitor-keys@^3.4.3
1111 silly packumentCache full:https://registry.npmjs.org/eslint-visitor-keys cache-hit
1112 silly fetch manifest debug@^4.3.1
1113 silly packumentCache full:https://registry.npmjs.org/debug cache-hit
1114 silly fetch manifest @eslint/object-schema@^2.1.7
1115 silly packumentCache full:https://registry.npmjs.org/@eslint%2fobject-schema cache-miss
1116 silly fetch manifest @types/json-schema@^7.0.15
1117 silly packumentCache full:https://registry.npmjs.org/@types%2fjson-schema cache-miss
1118 silly fetch manifest espree@^10.0.1
1119 silly packumentCache full:https://registry.npmjs.org/espree cache-hit
1120 silly fetch manifest globals@^14.0.0
1121 silly packumentCache full:https://registry.npmjs.org/globals cache-hit
1122 silly fetch manifest import-fresh@^3.2.1
1123 silly packumentCache full:https://registry.npmjs.org/import-fresh cache-miss
1124 silly fetch manifest js-yaml@^4.1.1
1125 silly packumentCache full:https://registry.npmjs.org/js-yaml cache-miss
1126 silly fetch manifest strip-json-comments@^3.1.1
1127 silly packumentCache full:https://registry.npmjs.org/strip-json-comments cache-miss
1128 silly fetch manifest levn@^0.4.1
1129 silly packumentCache full:https://registry.npmjs.org/levn cache-miss
1130 silly fetch manifest @humanwhocodes/retry@^0.4.0
1131 silly packumentCache full:https://registry.npmjs.org/@humanwhocodes%2fretry cache-hit
1132 silly fetch manifest @humanfs/core@^0.19.1
1133 silly packumentCache full:https://registry.npmjs.org/@humanfs%2fcore cache-miss
1134 silly fetch manifest uri-js@^4.2.2
1135 silly packumentCache full:https://registry.npmjs.org/uri-js cache-miss
1136 silly fetch manifest fast-deep-equal@^3.1.1
1137 silly packumentCache full:https://registry.npmjs.org/fast-deep-equal cache-hit
1138 silly fetch manifest json-schema-traverse@^0.4.1
1139 silly packumentCache full:https://registry.npmjs.org/json-schema-traverse cache-miss
1140 http cache https://registry.npmjs.org/levn 4ms (cache hit)
1141 silly packumentCache full:https://registry.npmjs.org/levn set size:28223 disposed:false
1142 silly fetch manifest fast-json-stable-stringify@^2.0.0
1143 silly packumentCache full:https://registry.npmjs.org/fast-json-stable-stringify cache-miss
1144 http cache https://registry.npmjs.org/@types%2fjson-schema 5ms (cache hit)
1145 silly packumentCache full:https://registry.npmjs.org/@types%2fjson-schema set size:44704 disposed:false
1146 silly fetch manifest ansi-styles@^4.1.0
1147 silly packumentCache full:https://registry.npmjs.org/ansi-styles cache-miss
1148 http cache https://registry.npmjs.org/import-fresh 5ms (cache hit)
1149 silly packumentCache full:https://registry.npmjs.org/import-fresh set size:21461 disposed:false
1150 silly fetch manifest supports-color@^7.1.0
1151 silly packumentCache full:https://registry.npmjs.org/supports-color cache-miss
1152 http cache https://registry.npmjs.org/js-yaml 5ms (cache hit)
1153 silly packumentCache full:https://registry.npmjs.org/js-yaml set size:152232 disposed:false
1154 silly fetch manifest which@^2.0.1
1155 silly packumentCache full:https://registry.npmjs.org/which cache-miss
1156 http cache https://registry.npmjs.org/uri-js 5ms (cache hit)
1157 silly packumentCache full:https://registry.npmjs.org/uri-js set size:42559 disposed:false
1158 silly fetch manifest path-key@^3.1.0
1159 silly packumentCache full:https://registry.npmjs.org/path-key cache-miss
1160 http cache https://registry.npmjs.org/@eslint%2fobject-schema 8ms (cache hit)
1161 silly packumentCache full:https://registry.npmjs.org/@eslint%2fobject-schema set size:23821 disposed:false
1162 silly fetch manifest shebang-command@^2.0.0
1163 silly packumentCache full:https://registry.npmjs.org/shebang-command cache-miss
1164 http cache https://registry.npmjs.org/@humanfs%2fcore 6ms (cache hit)
1165 silly packumentCache full:https://registry.npmjs.org/@humanfs%2fcore set size:35472 disposed:false
1166 silly fetch manifest ms@^2.1.3
1167 silly packumentCache full:https://registry.npmjs.org/ms cache-miss
1168 http cache https://registry.npmjs.org/json-schema-traverse 7ms (cache hit)
1169 silly packumentCache full:https://registry.npmjs.org/json-schema-traverse set size:23537 disposed:false
1170 silly fetch manifest esrecurse@^4.3.0
1171 silly packumentCache full:https://registry.npmjs.org/esrecurse cache-miss
1172 http cache https://registry.npmjs.org/strip-json-comments 8ms (cache hit)
1173 silly packumentCache full:https://registry.npmjs.org/strip-json-comments set size:43569 disposed:false
1174 silly fetch manifest estraverse@^5.2.0
1175 silly packumentCache full:https://registry.npmjs.org/estraverse cache-miss
1176 http cache https://registry.npmjs.org/path-key 4ms (cache hit)
1177 silly packumentCache full:https://registry.npmjs.org/path-key set size:16975 disposed:false
1178 silly fetch manifest acorn@^8.15.0
1179 silly packumentCache full:https://registry.npmjs.org/acorn cache-miss
1180 http cache https://registry.npmjs.org/fast-json-stable-stringify 7ms (cache hit)
1181 silly packumentCache full:https://registry.npmjs.org/fast-json-stable-stringify set size:11337 disposed:false
1182 silly fetch manifest acorn-jsx@^5.3.2
1183 silly packumentCache full:https://registry.npmjs.org/acorn-jsx cache-miss
1184 http cache https://registry.npmjs.org/ansi-styles 7ms (cache hit)
1185 silly packumentCache full:https://registry.npmjs.org/ansi-styles set size:63233 disposed:false
1186 silly fetch manifest estraverse@^5.1.0
1187 silly packumentCache full:https://registry.npmjs.org/estraverse cache-miss
1188 http cache https://registry.npmjs.org/supports-color 8ms (cache hit)
1189 silly packumentCache full:https://registry.npmjs.org/supports-color set size:118680 disposed:false
1190 silly fetch manifest flat-cache@^4.0.0
1191 silly packumentCache full:https://registry.npmjs.org/flat-cache cache-miss
1192 http cache https://registry.npmjs.org/ms 6ms (cache hit)
1193 silly packumentCache full:https://registry.npmjs.org/ms set size:92208 disposed:false
1194 silly fetch manifest locate-path@^6.0.0
1195 silly packumentCache full:https://registry.npmjs.org/locate-path cache-miss
1196 http cache https://registry.npmjs.org/which 9ms (cache hit)
1197 silly packumentCache full:https://registry.npmjs.org/which set size:65264 disposed:false
1198 silly fetch manifest path-exists@^4.0.0
1199 silly packumentCache full:https://registry.npmjs.org/path-exists cache-miss
1200 http cache https://registry.npmjs.org/shebang-command 8ms (cache hit)
1201 silly packumentCache full:https://registry.npmjs.org/shebang-command set size:8525 disposed:false
1202 silly fetch manifest is-glob@^4.0.3
1203 silly packumentCache full:https://registry.npmjs.org/is-glob cache-hit
1204 silly fetch manifest is-extglob@^2.1.1
1205 silly packumentCache full:https://registry.npmjs.org/is-extglob cache-miss
1206 http cache https://registry.npmjs.org/esrecurse 8ms (cache hit)
1207 silly packumentCache full:https://registry.npmjs.org/esrecurse set size:29005 disposed:false
1208 silly fetch manifest brace-expansion@^1.1.7
1209 silly packumentCache full:https://registry.npmjs.org/brace-expansion cache-miss
1210 http cache https://registry.npmjs.org/estraverse 8ms (cache hit)
1211 silly packumentCache full:https://registry.npmjs.org/estraverse set size:62412 disposed:false
1212 silly fetch manifest prelude-ls@^1.2.1
1213 silly packumentCache full:https://registry.npmjs.org/prelude-ls cache-miss
1214 http cache https://registry.npmjs.org/estraverse 7ms (cache hit)
1215 silly packumentCache full:https://registry.npmjs.org/estraverse set size:62412 disposed:false
1216 silly packumentCache full:https://registry.npmjs.org/estraverse dispose
1217 silly fetch manifest deep-is@^0.1.3
1218 silly packumentCache full:https://registry.npmjs.org/deep-is cache-miss
1219 http cache https://registry.npmjs.org/acorn 9ms (cache hit)
1220 silly packumentCache full:https://registry.npmjs.org/acorn set size:377362 disposed:false
1221 silly fetch manifest word-wrap@^1.2.5
1222 silly packumentCache full:https://registry.npmjs.org/word-wrap cache-miss
1223 http cache https://registry.npmjs.org/locate-path 9ms (cache hit)
1224 silly packumentCache full:https://registry.npmjs.org/locate-path set size:31329 disposed:false
1225 silly fetch manifest type-check@^0.4.0
1226 silly packumentCache full:https://registry.npmjs.org/type-check cache-miss
1227 http cache https://registry.npmjs.org/flat-cache 9ms (cache hit)
1228 silly packumentCache full:https://registry.npmjs.org/flat-cache set size:164041 disposed:false
1229 silly fetch manifest fast-levenshtein@^2.0.6
1230 silly packumentCache full:https://registry.npmjs.org/fast-levenshtein cache-miss
1231 http cache https://registry.npmjs.org/path-exists 9ms (cache hit)
1232 silly packumentCache full:https://registry.npmjs.org/path-exists set size:13704 disposed:false
1233 http cache https://registry.npmjs.org/acorn-jsx 12ms (cache hit)
1234 silly packumentCache full:https://registry.npmjs.org/acorn-jsx set size:71068 disposed:false
1235 http cache https://registry.npmjs.org/is-extglob 9ms (cache hit)
1236 silly packumentCache full:https://registry.npmjs.org/is-extglob set size:11766 disposed:false
1237 http cache https://registry.npmjs.org/brace-expansion 9ms (cache hit)
1238 silly packumentCache full:https://registry.npmjs.org/brace-expansion set size:46250 disposed:false
1239 http cache https://registry.npmjs.org/prelude-ls 9ms (cache hit)
1240 silly packumentCache full:https://registry.npmjs.org/prelude-ls set size:25777 disposed:false
1241 http cache https://registry.npmjs.org/deep-is 8ms (cache hit)
1242 silly packumentCache full:https://registry.npmjs.org/deep-is set size:10205 disposed:false
1243 http cache https://registry.npmjs.org/word-wrap 5ms (cache hit)
1244 silly packumentCache full:https://registry.npmjs.org/word-wrap set size:37835 disposed:false
1245 http cache https://registry.npmjs.org/fast-levenshtein 4ms (cache hit)
1246 silly packumentCache full:https://registry.npmjs.org/fast-levenshtein set size:39317 disposed:false
1247 http cache https://registry.npmjs.org/type-check 6ms (cache hit)
1248 silly packumentCache full:https://registry.npmjs.org/type-check set size:21221 disposed:false
1249 silly placeDep node_modules/@eslint-community/eslint-utils eslint-visitor-keys@3.4.3 OK for: @eslint-community/eslint-utils@4.9.1 want: ^3.4.3
1250 silly placeDep ROOT @eslint/object-schema@2.1.7 OK for: @eslint/config-array@0.21.1 want: ^2.1.7
1251 silly placeDep ROOT @types/json-schema@7.0.15 OK for: @eslint/core@0.17.0 want: ^7.0.15
1252 silly placeDep ROOT globals@14.0.0 OK for: @eslint/eslintrc@3.3.3 want: ^14.0.0
1253 silly placeDep ROOT import-fresh@3.3.1 OK for: @eslint/eslintrc@3.3.3 want: ^3.2.1
1254 silly placeDep ROOT js-yaml@4.1.1 OK for: @eslint/eslintrc@3.3.3 want: ^4.1.1
1255 silly placeDep ROOT strip-json-comments@3.1.1 OK for: @eslint/eslintrc@3.3.3 want: ^3.1.1
1256 silly fetch manifest parent-module@^1.0.0
1257 silly packumentCache full:https://registry.npmjs.org/parent-module cache-miss
1258 silly fetch manifest resolve-from@^4.0.0
1259 silly packumentCache full:https://registry.npmjs.org/resolve-from cache-miss
1260 silly fetch manifest argparse@^2.0.1
1261 silly packumentCache full:https://registry.npmjs.org/argparse cache-miss
1262 http cache https://registry.npmjs.org/parent-module 2ms (cache hit)
1263 silly packumentCache full:https://registry.npmjs.org/parent-module set size:18255 disposed:false
1264 http cache https://registry.npmjs.org/resolve-from 2ms (cache hit)
1265 silly packumentCache full:https://registry.npmjs.org/resolve-from set size:12911 disposed:false
1266 http cache https://registry.npmjs.org/argparse 1ms (cache hit)
1267 silly packumentCache full:https://registry.npmjs.org/argparse set size:49266 disposed:false
1268 silly placeDep ROOT levn@0.4.1 OK for: @eslint/plugin-kit@0.4.1 want: ^0.4.1
1269 silly fetch manifest type-check@~0.4.0
1270 silly packumentCache full:https://registry.npmjs.org/type-check cache-hit
1271 silly placeDep ROOT @humanfs/core@0.19.1 OK for: @humanfs/node@0.16.7 want: ^0.19.1
1272 silly placeDep ROOT fast-json-stable-stringify@2.1.0 OK for: ajv@6.12.6 want: ^2.0.0
1273 silly placeDep ROOT json-schema-traverse@0.4.1 OK for: ajv@6.12.6 want: ^0.4.1
1274 silly placeDep ROOT uri-js@4.4.1 OK for: ajv@6.12.6 want: ^4.2.2
1275 silly fetch manifest punycode@^2.1.0
1276 silly packumentCache full:https://registry.npmjs.org/punycode cache-miss
1277 http cache https://registry.npmjs.org/punycode 1ms (cache hit)
1278 silly packumentCache full:https://registry.npmjs.org/punycode set size:61302 disposed:false
1279 silly placeDep ROOT ansi-styles@4.3.0 OK for: chalk@4.1.2 want: ^4.1.0
1280 silly placeDep ROOT supports-color@7.2.0 OK for: chalk@4.1.2 want: ^7.1.0
1281 silly fetch manifest color-convert@^2.0.1
1282 silly packumentCache full:https://registry.npmjs.org/color-convert cache-miss
1283 silly fetch manifest has-flag@^4.0.0
1284 silly packumentCache full:https://registry.npmjs.org/has-flag cache-miss
1285 http cache https://registry.npmjs.org/color-convert 2ms (cache hit)
1286 silly packumentCache full:https://registry.npmjs.org/color-convert set size:72663 disposed:false
1287 http cache https://registry.npmjs.org/has-flag 3ms (cache hit)
1288 silly packumentCache full:https://registry.npmjs.org/has-flag set size:15180 disposed:false
1289 silly placeDep ROOT color-convert@2.0.1 OK for: ansi-styles@4.3.0 want: ^2.0.1
1290 silly fetch manifest color-name@~1.1.4
1291 silly packumentCache full:https://registry.npmjs.org/color-name cache-miss
1292 http cache https://registry.npmjs.org/color-name 2ms (cache hit)
1293 silly packumentCache full:https://registry.npmjs.org/color-name set size:19467 disposed:false
1294 silly placeDep ROOT color-name@1.1.4 OK for: color-convert@2.0.1 want: ~1.1.4
1295 silly placeDep ROOT path-key@3.1.1 OK for: cross-spawn@7.0.6 want: ^3.1.0
1296 silly placeDep ROOT shebang-command@2.0.0 OK for: cross-spawn@7.0.6 want: ^2.0.0
1297 silly placeDep ROOT which@2.0.2 OK for: cross-spawn@7.0.6 want: ^2.0.1
1298 silly fetch manifest shebang-regex@^3.0.0
1299 silly packumentCache full:https://registry.npmjs.org/shebang-regex cache-miss
1300 silly fetch manifest isexe@^2.0.0
1301 silly packumentCache full:https://registry.npmjs.org/isexe cache-miss
1302 http cache https://registry.npmjs.org/isexe 1ms (cache hit)
1303 silly packumentCache full:https://registry.npmjs.org/isexe set size:21493 disposed:false
1304 http cache https://registry.npmjs.org/shebang-regex 1ms (cache hit)
1305 silly packumentCache full:https://registry.npmjs.org/shebang-regex set size:9763 disposed:false
1306 silly placeDep ROOT ms@2.1.3 OK for: debug@4.4.3 want: ^2.1.3
1307 silly fetch manifest eslint@>=9.0.0
1308 silly packumentCache full:https://registry.npmjs.org/eslint cache-miss
1309 http cache https://registry.npmjs.org/eslint 3ms (cache hit)
1310 silly packumentCache full:https://registry.npmjs.org/eslint set size:1900626 disposed:false
1311 silly fetch manifest typescript@>=3.3.1
1312 silly packumentCache full:https://registry.npmjs.org/typescript cache-miss
1313 http cache https://registry.npmjs.org/typescript 18ms (cache hit)
1314 silly packumentCache full:https://registry.npmjs.org/typescript set size:15212314 disposed:false
1315 silly fetch manifest eslint-plugin-import-x@*
1316 silly packumentCache full:https://registry.npmjs.org/eslint-plugin-import-x cache-miss
1317 http cache https://registry.npmjs.org/eslint-plugin-import-x 3ms (cache hit)
1318 silly packumentCache full:https://registry.npmjs.org/eslint-plugin-import-x set size:270464 disposed:false
1319 silly fetch manifest @typescript-eslint/utils@^8.0.0
1320 silly packumentCache full:https://registry.npmjs.org/@typescript-eslint%2futils cache-miss
1321 http cache https://registry.npmjs.org/@typescript-eslint%2futils 16ms (cache hit)
1322 silly packumentCache full:https://registry.npmjs.org/@typescript-eslint%2futils set size:9681731 disposed:false
1323 silly placeDep ROOT @next/eslint-plugin-next@16.0.10 OK for: eslint-config-next@16.0.10 want: 16.0.10
1324 silly placeDep ROOT eslint-import-resolver-node@0.3.9 OK for: eslint-config-next@16.0.10 want: ^0.3.6
1325 silly placeDep ROOT eslint-import-resolver-typescript@3.10.1 OK for: eslint-config-next@16.0.10 want: ^3.5.2
1326 silly placeDep ROOT eslint-plugin-import@2.32.0 OK for: eslint-config-next@16.0.10 want: ^2.32.0
1327 silly placeDep ROOT eslint-plugin-jsx-a11y@6.10.2 OK for: eslint-config-next@16.0.10 want: ^6.10.0
1328 silly placeDep ROOT eslint-plugin-react@7.37.5 OK for: eslint-config-next@16.0.10 want: ^7.37.0
1329 silly placeDep ROOT eslint-plugin-react-hooks@7.0.1 OK for: eslint-config-next@16.0.10 want: ^7.0.0
1330 silly placeDep node_modules/eslint-config-next globals@16.4.0 OK for: eslint-config-next@16.0.10 want: 16.4.0
1331 silly placeDep ROOT typescript-eslint@8.54.0 OK for: eslint-config-next@16.0.10 want: ^8.46.0
1332 silly fetch manifest fast-glob@3.3.1
1333 silly packumentCache full:https://registry.npmjs.org/fast-glob cache-miss
1334 silly fetch manifest debug@^3.2.7
1335 silly packumentCache full:https://registry.npmjs.org/debug cache-hit
1336 silly fetch manifest is-core-module@^2.13.0
1337 silly packumentCache full:https://registry.npmjs.org/is-core-module cache-miss
1338 silly fetch manifest resolve@^1.22.4
1339 silly packumentCache full:https://registry.npmjs.org/resolve cache-miss
1340 silly fetch manifest tinyglobby@^0.2.13
1341 silly packumentCache full:https://registry.npmjs.org/tinyglobby cache-miss
1342 silly fetch manifest stable-hash@^0.0.5
1343 silly packumentCache full:https://registry.npmjs.org/stable-hash cache-miss
1344 silly fetch manifest get-tsconfig@^4.10.0
1345 silly packumentCache full:https://registry.npmjs.org/get-tsconfig cache-miss
1346 silly fetch manifest is-bun-module@^2.0.0
1347 silly packumentCache full:https://registry.npmjs.org/is-bun-module cache-miss
1348 silly fetch manifest unrs-resolver@^1.6.2
1349 silly packumentCache full:https://registry.npmjs.org/unrs-resolver cache-miss
1350 silly fetch manifest @nolyfill/is-core-module@1.0.39
1351 silly packumentCache full:https://registry.npmjs.org/@nolyfill%2fis-core-module cache-miss
1352 http cache https://registry.npmjs.org/unrs-resolver 4ms (cache hit)
1353 silly packumentCache full:https://registry.npmjs.org/unrs-resolver set size:142730 disposed:false
1354 silly fetch manifest @rtsao/scc@^1.1.0
1355 silly packumentCache full:https://registry.npmjs.org/@rtsao%2fscc cache-miss
1356 http cache https://registry.npmjs.org/resolve 6ms (cache hit)
1357 silly packumentCache full:https://registry.npmjs.org/resolve set size:246681 disposed:false
1358 silly fetch manifest array-includes@^3.1.9
1359 silly packumentCache full:https://registry.npmjs.org/array-includes cache-miss
1360 http cache https://registry.npmjs.org/is-core-module 7ms (cache hit)
1361 silly packumentCache full:https://registry.npmjs.org/is-core-module set size:71788 disposed:false
1362 silly fetch manifest array.prototype.findlastindex@^1.2.6
1363 silly packumentCache full:https://registry.npmjs.org/array.prototype.findlastindex cache-miss
1364 http cache https://registry.npmjs.org/fast-glob 8ms (cache hit)
1365 silly packumentCache full:https://registry.npmjs.org/fast-glob set size:220556 disposed:false
1366 silly fetch manifest array.prototype.flat@^1.3.3
1367 silly packumentCache full:https://registry.npmjs.org/array.prototype.flat cache-miss
1368 http cache https://registry.npmjs.org/get-tsconfig 9ms (cache hit)
1369 silly packumentCache full:https://registry.npmjs.org/get-tsconfig set size:112628 disposed:false
1370 silly fetch manifest array.prototype.flatmap@^1.3.3
1371 silly packumentCache full:https://registry.npmjs.org/array.prototype.flatmap cache-miss
1372 http cache https://registry.npmjs.org/tinyglobby 10ms (cache hit)
1373 silly packumentCache full:https://registry.npmjs.org/tinyglobby set size:49812 disposed:false
1374 silly fetch manifest doctrine@^2.1.0
1375 silly packumentCache full:https://registry.npmjs.org/doctrine cache-miss
1376 http cache https://registry.npmjs.org/stable-hash 10ms (cache hit)
1377 silly packumentCache full:https://registry.npmjs.org/stable-hash set size:18359 disposed:false
1378 silly fetch manifest eslint-module-utils@^2.12.1
1379 silly packumentCache full:https://registry.npmjs.org/eslint-module-utils cache-miss
1380 http cache https://registry.npmjs.org/is-bun-module 10ms (cache hit)
1381 silly packumentCache full:https://registry.npmjs.org/is-bun-module set size:19768 disposed:false
1382 silly fetch manifest hasown@^2.0.2
1383 silly packumentCache full:https://registry.npmjs.org/hasown cache-miss
1384 http cache https://registry.npmjs.org/@nolyfill%2fis-core-module 10ms (cache hit)
1385 silly packumentCache full:https://registry.npmjs.org/@nolyfill%2fis-core-module set size:10461 disposed:false
1386 silly fetch manifest is-core-module@^2.16.1
1387 silly packumentCache full:https://registry.npmjs.org/is-core-module cache-hit
1388 silly fetch manifest object.fromentries@^2.0.8
1389 silly packumentCache full:https://registry.npmjs.org/object.fromentries cache-miss
1390 http cache https://registry.npmjs.org/@rtsao%2fscc 9ms (cache hit)
1391 silly packumentCache full:https://registry.npmjs.org/@rtsao%2fscc set size:6332 disposed:false
1392 silly fetch manifest object.groupby@^1.0.3
1393 silly packumentCache full:https://registry.npmjs.org/object.groupby cache-miss
1394 http cache https://registry.npmjs.org/array-includes 7ms (cache hit)
1395 silly packumentCache full:https://registry.npmjs.org/array-includes set size:77143 disposed:false
1396 silly fetch manifest object.values@^1.2.1
1397 silly packumentCache full:https://registry.npmjs.org/object.values cache-miss
1398 http cache https://registry.npmjs.org/array.prototype.findlastindex 7ms (cache hit)
1399 silly packumentCache full:https://registry.npmjs.org/array.prototype.findlastindex set size:44828 disposed:false
1400 silly fetch manifest semver@^6.3.1
1401 silly packumentCache full:https://registry.npmjs.org/semver cache-hit
1402 silly fetch manifest string.prototype.trimend@^1.0.9
1403 silly packumentCache full:https://registry.npmjs.org/string.prototype.trimend cache-miss
1404 http cache https://registry.npmjs.org/eslint-module-utils 5ms (cache hit)
1405 silly packumentCache full:https://registry.npmjs.org/eslint-module-utils set size:77496 disposed:false
1406 silly fetch manifest tsconfig-paths@^3.15.0
1407 silly packumentCache full:https://registry.npmjs.org/tsconfig-paths cache-miss
1408 http cache https://registry.npmjs.org/array.prototype.flat 8ms (cache hit)
1409 silly packumentCache full:https://registry.npmjs.org/array.prototype.flat set size:38327 disposed:false
1410 silly fetch manifest aria-query@^5.3.2
1411 silly packumentCache full:https://registry.npmjs.org/aria-query cache-miss
1412 http cache https://registry.npmjs.org/array.prototype.flatmap 7ms (cache hit)
1413 silly packumentCache full:https://registry.npmjs.org/array.prototype.flatmap set size:51458 disposed:false
1414 silly fetch manifest array-includes@^3.1.8
1415 silly packumentCache full:https://registry.npmjs.org/array-includes cache-hit
1416 silly fetch manifest array.prototype.flatmap@^1.3.2
1417 silly packumentCache full:https://registry.npmjs.org/array.prototype.flatmap cache-hit
1418 silly fetch manifest ast-types-flow@^0.0.8
1419 silly packumentCache full:https://registry.npmjs.org/ast-types-flow cache-miss
1420 http cache https://registry.npmjs.org/object.fromentries 6ms (cache hit)
1421 silly packumentCache full:https://registry.npmjs.org/object.fromentries set size:37686 disposed:false
1422 silly fetch manifest axe-core@^4.10.0
1423 silly packumentCache full:https://registry.npmjs.org/axe-core cache-miss
1424 http cache https://registry.npmjs.org/doctrine 8ms (cache hit)
1425 silly packumentCache full:https://registry.npmjs.org/doctrine set size:64052 disposed:false
1426 silly fetch manifest axobject-query@^4.1.0
1427 silly packumentCache full:https://registry.npmjs.org/axobject-query cache-miss
1428 http cache https://registry.npmjs.org/hasown 9ms (cache hit)
1429 silly packumentCache full:https://registry.npmjs.org/hasown set size:12476 disposed:false
1430 silly fetch manifest damerau-levenshtein@^1.0.8
1431 silly packumentCache full:https://registry.npmjs.org/damerau-levenshtein cache-miss
1432 http cache https://registry.npmjs.org/object.groupby 8ms (cache hit)
1433 silly packumentCache full:https://registry.npmjs.org/object.groupby set size:15504 disposed:false
1434 silly fetch manifest emoji-regex@^9.2.2
1435 silly packumentCache full:https://registry.npmjs.org/emoji-regex cache-miss
1436 http cache https://registry.npmjs.org/tsconfig-paths 6ms (cache hit)
1437 silly packumentCache full:https://registry.npmjs.org/tsconfig-paths set size:192565 disposed:false
1438 silly fetch manifest jsx-ast-utils@^3.3.5
1439 silly packumentCache full:https://registry.npmjs.org/jsx-ast-utils cache-miss
1440 http cache https://registry.npmjs.org/object.values 9ms (cache hit)
1441 silly packumentCache full:https://registry.npmjs.org/object.values set size:49009 disposed:false
1442 silly fetch manifest language-tags@^1.0.9
1443 silly packumentCache full:https://registry.npmjs.org/language-tags cache-miss
1444 http cache https://registry.npmjs.org/ast-types-flow 6ms (cache hit)
1445 silly packumentCache full:https://registry.npmjs.org/ast-types-flow set size:15144 disposed:false
1446 silly fetch manifest safe-regex-test@^1.0.3
1447 silly packumentCache full:https://registry.npmjs.org/safe-regex-test cache-miss
1448 http cache https://registry.npmjs.org/aria-query 8ms (cache hit)
1449 silly packumentCache full:https://registry.npmjs.org/aria-query set size:98864 disposed:false
1450 silly fetch manifest string.prototype.includes@^2.0.1
1451 silly packumentCache full:https://registry.npmjs.org/string.prototype.includes cache-miss
1452 http cache https://registry.npmjs.org/string.prototype.trimend 9ms (cache hit)
1453 silly packumentCache full:https://registry.npmjs.org/string.prototype.trimend set size:41090 disposed:false
1454 silly fetch manifest array.prototype.findlast@^1.2.5
1455 silly packumentCache full:https://registry.npmjs.org/array.prototype.findlast cache-miss
1456 http cache https://registry.npmjs.org/axobject-query 7ms (cache hit)
1457 silly packumentCache full:https://registry.npmjs.org/axobject-query set size:75032 disposed:false
1458 silly fetch manifest array.prototype.tosorted@^1.1.4
1459 silly packumentCache full:https://registry.npmjs.org/array.prototype.tosorted cache-miss
1460 http cache https://registry.npmjs.org/axe-core 19ms (cache hit)
1461 silly packumentCache full:https://registry.npmjs.org/axe-core set size:9139026 disposed:false
1462 silly fetch manifest es-iterator-helpers@^1.2.1
1463 silly packumentCache full:https://registry.npmjs.org/es-iterator-helpers cache-miss
1464 http cache https://registry.npmjs.org/damerau-levenshtein 43ms (cache hit)
1465 silly packumentCache full:https://registry.npmjs.org/damerau-levenshtein set size:23390 disposed:false
1466 silly fetch manifest estraverse@^5.3.0
1467 silly packumentCache full:https://registry.npmjs.org/estraverse cache-hit
1468 silly fetch manifest jsx-ast-utils@^2.4.1 || ^3.0.0
1469 silly packumentCache full:https://registry.npmjs.org/jsx-ast-utils cache-miss
1470 http cache https://registry.npmjs.org/language-tags 40ms (cache hit)
1471 silly packumentCache full:https://registry.npmjs.org/language-tags set size:38675 disposed:false
1472 silly fetch manifest object.entries@^1.1.9
1473 silly packumentCache full:https://registry.npmjs.org/object.entries cache-miss
1474 http cache https://registry.npmjs.org/jsx-ast-utils 41ms (cache hit)
1475 silly packumentCache full:https://registry.npmjs.org/jsx-ast-utils set size:115998 disposed:false
1476 silly fetch manifest prop-types@^15.8.1
1477 silly packumentCache full:https://registry.npmjs.org/prop-types cache-miss
1478 http cache https://registry.npmjs.org/array.prototype.findlast 40ms (cache hit)
1479 silly packumentCache full:https://registry.npmjs.org/array.prototype.findlast set size:40323 disposed:false
1480 silly fetch manifest resolve@^2.0.0-next.5
1481 silly packumentCache full:https://registry.npmjs.org/resolve cache-hit
1482 silly fetch manifest string.prototype.matchall@^4.0.12
1483 silly packumentCache full:https://registry.npmjs.org/string.prototype.matchall cache-miss
1484 http cache https://registry.npmjs.org/array.prototype.tosorted 41ms (cache hit)
1485 silly packumentCache full:https://registry.npmjs.org/array.prototype.tosorted set size:24661 disposed:false
1486 silly fetch manifest string.prototype.repeat@^1.0.0
1487 silly packumentCache full:https://registry.npmjs.org/string.prototype.repeat cache-miss
1488 http cache https://registry.npmjs.org/string.prototype.includes 42ms (cache hit)
1489 silly packumentCache full:https://registry.npmjs.org/string.prototype.includes set size:10217 disposed:false
1490 silly fetch manifest zod@^3.25.0 || ^4.0.0
1491 silly packumentCache full:https://registry.npmjs.org/zod cache-miss
1492 http cache https://registry.npmjs.org/emoji-regex 45ms (cache hit)
1493 silly packumentCache full:https://registry.npmjs.org/emoji-regex set size:89088 disposed:false
1494 silly fetch manifest @babel/core@^7.24.4
1495 silly packumentCache full:https://registry.npmjs.org/@babel%2fcore cache-miss
1496 http cache https://registry.npmjs.org/safe-regex-test 44ms (cache hit)
1497 silly packumentCache full:https://registry.npmjs.org/safe-regex-test set size:17412 disposed:false
1498 silly fetch manifest @babel/parser@^7.24.4
1499 silly packumentCache full:https://registry.npmjs.org/@babel%2fparser cache-miss
1500 http cache https://registry.npmjs.org/es-iterator-helpers 8ms (cache hit)
1501 silly packumentCache full:https://registry.npmjs.org/es-iterator-helpers set size:227037 disposed:false
1502 silly fetch manifest hermes-parser@^0.25.1
1503 silly packumentCache full:https://registry.npmjs.org/hermes-parser cache-miss
1504 http cache https://registry.npmjs.org/jsx-ast-utils 9ms (cache hit)
1505 silly packumentCache full:https://registry.npmjs.org/jsx-ast-utils set size:115998 disposed:false
1506 silly packumentCache full:https://registry.npmjs.org/jsx-ast-utils dispose
1507 silly fetch manifest zod-validation-error@^3.5.0 || ^4.0.0
1508 silly packumentCache full:https://registry.npmjs.org/zod-validation-error cache-miss
1509 http cache https://registry.npmjs.org/prop-types 8ms (cache hit)
1510 silly packumentCache full:https://registry.npmjs.org/prop-types set size:76747 disposed:false
1511 silly fetch manifest @typescript-eslint/utils@8.54.0
1512 silly packumentCache full:https://registry.npmjs.org/@typescript-eslint%2futils cache-miss
1513 http cache https://registry.npmjs.org/object.entries 10ms (cache hit)
1514 silly packumentCache full:https://registry.npmjs.org/object.entries set size:50037 disposed:false
1515 silly fetch manifest @typescript-eslint/parser@8.54.0
1516 silly packumentCache full:https://registry.npmjs.org/@typescript-eslint%2fparser cache-miss
1517 http cache https://registry.npmjs.org/string.prototype.matchall 8ms (cache hit)
1518 silly packumentCache full:https://registry.npmjs.org/string.prototype.matchall set size:63239 disposed:false
1519 silly fetch manifest @typescript-eslint/eslint-plugin@8.54.0
1520 silly packumentCache full:https://registry.npmjs.org/@typescript-eslint%2feslint-plugin cache-miss
1521 http cache https://registry.npmjs.org/@babel%2fcore 8ms (cache hit)
1522 silly packumentCache full:https://registry.npmjs.org/@babel%2fcore set size:752167 disposed:false
1523 silly fetch manifest @typescript-eslint/typescript-estree@8.54.0
1524 silly packumentCache full:https://registry.npmjs.org/@typescript-eslint%2ftypescript-estree cache-miss
1525 http cache https://registry.npmjs.org/zod 14ms (cache hit)
1526 silly packumentCache full:https://registry.npmjs.org/zod set size:3489329 disposed:false
1527 http cache https://registry.npmjs.org/string.prototype.repeat 29ms (cache hit)
1528 silly packumentCache full:https://registry.npmjs.org/string.prototype.repeat set size:8608 disposed:false
1529 http cache https://registry.npmjs.org/@babel%2fparser 29ms (cache hit)
1530 silly packumentCache full:https://registry.npmjs.org/@babel%2fparser set size:711883 disposed:false
1531 http cache https://registry.npmjs.org/hermes-parser 31ms (cache hit)
1532 silly packumentCache full:https://registry.npmjs.org/hermes-parser set size:160109 disposed:false
1533 http cache https://registry.npmjs.org/zod-validation-error 31ms (cache hit)
1534 silly packumentCache full:https://registry.npmjs.org/zod-validation-error set size:178465 disposed:false
1535 http cache https://registry.npmjs.org/@typescript-eslint%2futils 56ms (cache hit)
1536 silly packumentCache full:https://registry.npmjs.org/@typescript-eslint%2futils set size:9681731 disposed:false
1537 http cache https://registry.npmjs.org/@typescript-eslint%2ftypescript-estree 92ms (cache hit)
1538 silly packumentCache full:https://registry.npmjs.org/@typescript-eslint%2ftypescript-estree set size:15935282 disposed:false
1539 http cache https://registry.npmjs.org/@typescript-eslint%2fparser 154ms (cache hit)
1540 silly packumentCache full:https://registry.npmjs.org/@typescript-eslint%2fparser set size:14778974 disposed:false
1541 http cache https://registry.npmjs.org/@typescript-eslint%2feslint-plugin 208ms (cache hit)
1542 silly packumentCache full:https://registry.npmjs.org/@typescript-eslint%2feslint-plugin set size:17371739 disposed:false
1543 silly placeDep ROOT fast-glob@3.3.1 OK for: @next/eslint-plugin-next@16.0.10 want: 3.3.1
1544 silly fetch manifest merge2@^1.3.0
1545 silly packumentCache full:https://registry.npmjs.org/merge2 cache-miss
1546 silly fetch manifest micromatch@^4.0.4
1547 silly packumentCache full:https://registry.npmjs.org/micromatch cache-miss
1548 silly fetch manifest glob-parent@^5.1.2
1549 silly packumentCache full:https://registry.npmjs.org/glob-parent cache-hit
1550 silly fetch manifest @nodelib/fs.stat@^2.0.2
1551 silly packumentCache full:https://registry.npmjs.org/@nodelib%2ffs.stat cache-miss
1552 silly fetch manifest @nodelib/fs.walk@^1.2.3
1553 silly packumentCache full:https://registry.npmjs.org/@nodelib%2ffs.walk cache-miss
1554 http cache https://registry.npmjs.org/@nodelib%2ffs.stat 2ms (cache hit)
1555 silly packumentCache full:https://registry.npmjs.org/@nodelib%2ffs.stat set size:36993 disposed:false
1556 http cache https://registry.npmjs.org/@nodelib%2ffs.walk 3ms (cache hit)
1557 silly packumentCache full:https://registry.npmjs.org/@nodelib%2ffs.walk set size:41589 disposed:false
1558 http cache https://registry.npmjs.org/micromatch 3ms (cache hit)
1559 silly packumentCache full:https://registry.npmjs.org/micromatch set size:240630 disposed:false
1560 http cache https://registry.npmjs.org/merge2 6ms (cache hit)
1561 silly packumentCache full:https://registry.npmjs.org/merge2 set size:46159 disposed:false
1562 silly placeDep node_modules/eslint-import-resolver-node debug@3.2.7 OK for: eslint-import-resolver-node@0.3.9 want: ^3.2.7
1563 silly placeDep ROOT is-core-module@2.16.1 OK for: eslint-import-resolver-node@0.3.9 want: ^2.13.0
1564 silly placeDep ROOT resolve@1.22.11 OK for: eslint-import-resolver-node@0.3.9 want: ^1.22.4
1565 silly fetch manifest path-parse@^1.0.7
1566 silly packumentCache full:https://registry.npmjs.org/path-parse cache-miss
1567 silly fetch manifest supports-preserve-symlinks-flag@^1.0.0
1568 silly packumentCache full:https://registry.npmjs.org/supports-preserve-symlinks-flag cache-miss
1569 http cache https://registry.npmjs.org/supports-preserve-symlinks-flag 2ms (cache hit)
1570 silly packumentCache full:https://registry.npmjs.org/supports-preserve-symlinks-flag set size:6802 disposed:false
1571 http cache https://registry.npmjs.org/path-parse 2ms (cache hit)
1572 silly packumentCache full:https://registry.npmjs.org/path-parse set size:14523 disposed:false
1573 silly placeDep ROOT @nolyfill/is-core-module@1.0.39 OK for: eslint-import-resolver-typescript@3.10.1 want: 1.0.39
1574 silly placeDep ROOT get-tsconfig@4.13.6 OK for: eslint-import-resolver-typescript@3.10.1 want: ^4.10.0
1575 silly placeDep ROOT is-bun-module@2.0.0 OK for: eslint-import-resolver-typescript@3.10.1 want: ^2.0.0
1576 silly placeDep ROOT stable-hash@0.0.5 OK for: eslint-import-resolver-typescript@3.10.1 want: ^0.0.5
1577 silly placeDep ROOT tinyglobby@0.2.15 OK for: eslint-import-resolver-typescript@3.10.1 want: ^0.2.13
1578 silly placeDep ROOT unrs-resolver@1.11.1 OK for: eslint-import-resolver-typescript@3.10.1 want: ^1.6.2
1579 silly fetch manifest resolve-pkg-maps@^1.0.0
1580 silly packumentCache full:https://registry.npmjs.org/resolve-pkg-maps cache-miss
1581 silly fetch manifest semver@^7.7.1
1582 silly packumentCache full:https://registry.npmjs.org/semver cache-hit
1583 silly fetch manifest fdir@^6.5.0
1584 silly packumentCache full:https://registry.npmjs.org/fdir cache-miss
1585 silly fetch manifest picomatch@^4.0.3
1586 silly packumentCache full:https://registry.npmjs.org/picomatch cache-miss
1587 silly fetch manifest napi-postinstall@^0.3.0
1588 silly packumentCache full:https://registry.npmjs.org/napi-postinstall cache-miss
1589 silly fetch manifest @unrs/resolver-binding-win32-x64-msvc@1.11.1
1590 silly packumentCache full:https://registry.npmjs.org/@unrs%2fresolver-binding-win32-x64-msvc cache-miss
1591 silly fetch manifest @unrs/resolver-binding-win32-arm64-msvc@1.11.1
1592 silly packumentCache full:https://registry.npmjs.org/@unrs%2fresolver-binding-win32-arm64-msvc cache-miss
1593 silly fetch manifest @unrs/resolver-binding-win32-ia32-msvc@1.11.1
1594 silly packumentCache full:https://registry.npmjs.org/@unrs%2fresolver-binding-win32-ia32-msvc cache-miss
1595 silly fetch manifest @unrs/resolver-binding-linux-x64-gnu@1.11.1
1596 silly packumentCache full:https://registry.npmjs.org/@unrs%2fresolver-binding-linux-x64-gnu cache-miss
1597 silly fetch manifest @unrs/resolver-binding-linux-x64-musl@1.11.1
1598 silly packumentCache full:https://registry.npmjs.org/@unrs%2fresolver-binding-linux-x64-musl cache-miss
1599 http cache https://registry.npmjs.org/resolve-pkg-maps 4ms (cache hit)
1600 silly packumentCache full:https://registry.npmjs.org/resolve-pkg-maps set size:11615 disposed:false
1601 silly fetch manifest @unrs/resolver-binding-freebsd-x64@1.11.1
1602 silly packumentCache full:https://registry.npmjs.org/@unrs%2fresolver-binding-freebsd-x64 cache-miss
1603 http cache https://registry.npmjs.org/@unrs%2fresolver-binding-win32-x64-msvc 4ms (cache hit)
1604 silly packumentCache full:https://registry.npmjs.org/@unrs%2fresolver-binding-win32-x64-msvc set size:58760 disposed:false
1605 silly fetch manifest @unrs/resolver-binding-android-arm64@1.11.1
1606 silly packumentCache full:https://registry.npmjs.org/@unrs%2fresolver-binding-android-arm64 cache-miss
1607 http cache https://registry.npmjs.org/napi-postinstall 5ms (cache hit)
1608 silly packumentCache full:https://registry.npmjs.org/napi-postinstall set size:41400 disposed:false
1609 silly fetch manifest @unrs/resolver-binding-linux-arm64-gnu@1.11.1
1610 silly packumentCache full:https://registry.npmjs.org/@unrs%2fresolver-binding-linux-arm64-gnu cache-miss
1611 http cache https://registry.npmjs.org/fdir 7ms (cache hit)
1612 silly packumentCache full:https://registry.npmjs.org/fdir set size:136182 disposed:false
1613 silly fetch manifest @unrs/resolver-binding-linux-arm64-musl@1.11.1
1614 silly packumentCache full:https://registry.npmjs.org/@unrs%2fresolver-binding-linux-arm64-musl cache-miss
1615 http cache https://registry.npmjs.org/@unrs%2fresolver-binding-linux-x64-gnu 7ms (cache hit)
1616 silly packumentCache full:https://registry.npmjs.org/@unrs%2fresolver-binding-linux-x64-gnu set size:59167 disposed:false
1617 silly fetch manifest @unrs/resolver-binding-android-arm-eabi@1.11.1
1618 silly packumentCache full:https://registry.npmjs.org/@unrs%2fresolver-binding-android-arm-eabi cache-miss
1619 http cache https://registry.npmjs.org/@unrs%2fresolver-binding-linux-x64-musl 7ms (cache hit)
1620 silly packumentCache full:https://registry.npmjs.org/@unrs%2fresolver-binding-linux-x64-musl set size:59364 disposed:false
1621 silly fetch manifest @unrs/resolver-binding-linux-arm-gnueabihf@1.11.1
1622 silly packumentCache full:https://registry.npmjs.org/@unrs%2fresolver-binding-linux-arm-gnueabihf cache-miss
1623 http cache https://registry.npmjs.org/@unrs%2fresolver-binding-win32-ia32-msvc 7ms (cache hit)
1624 silly packumentCache full:https://registry.npmjs.org/@unrs%2fresolver-binding-win32-ia32-msvc set size:59023 disposed:false
1625 silly fetch manifest @unrs/resolver-binding-linux-arm-musleabihf@1.11.1
1626 silly packumentCache full:https://registry.npmjs.org/@unrs%2fresolver-binding-linux-arm-musleabihf cache-miss
1627 http cache https://registry.npmjs.org/@unrs%2fresolver-binding-win32-arm64-msvc 8ms (cache hit)
1628 silly packumentCache full:https://registry.npmjs.org/@unrs%2fresolver-binding-win32-arm64-msvc set size:59292 disposed:false
1629 silly fetch manifest @unrs/resolver-binding-linux-ppc64-gnu@1.11.1
1630 silly packumentCache full:https://registry.npmjs.org/@unrs%2fresolver-binding-linux-ppc64-gnu cache-miss
1631 http cache https://registry.npmjs.org/picomatch 9ms (cache hit)
1632 silly packumentCache full:https://registry.npmjs.org/picomatch set size:118818 disposed:false
1633 silly fetch manifest @unrs/resolver-binding-linux-riscv64-gnu@1.11.1
1634 silly packumentCache full:https://registry.npmjs.org/@unrs%2fresolver-binding-linux-riscv64-gnu cache-miss
1635 http cache https://registry.npmjs.org/@unrs%2fresolver-binding-freebsd-x64 8ms (cache hit)
1636 silly packumentCache full:https://registry.npmjs.org/@unrs%2fresolver-binding-freebsd-x64 set size:58172 disposed:false
1637 silly fetch manifest @unrs/resolver-binding-linux-riscv64-musl@1.11.1
1638 silly packumentCache full:https://registry.npmjs.org/@unrs%2fresolver-binding-linux-riscv64-musl cache-miss
1639 http cache https://registry.npmjs.org/@unrs%2fresolver-binding-android-arm-eabi 5ms (cache hit)
1640 silly packumentCache full:https://registry.npmjs.org/@unrs%2fresolver-binding-android-arm-eabi set size:12473 disposed:false
1641 silly fetch manifest @unrs/resolver-binding-linux-s390x-gnu@1.11.1
1642 silly packumentCache full:https://registry.npmjs.org/@unrs%2fresolver-binding-linux-s390x-gnu cache-miss
1643 http cache https://registry.npmjs.org/@unrs%2fresolver-binding-android-arm64 7ms (cache hit)
1644 silly packumentCache full:https://registry.npmjs.org/@unrs%2fresolver-binding-android-arm64 set size:12351 disposed:false
1645 silly fetch manifest @unrs/resolver-binding-darwin-x64@1.11.1
1646 silly packumentCache full:https://registry.npmjs.org/@unrs%2fresolver-binding-darwin-x64 cache-miss
1647 http cache https://registry.npmjs.org/@unrs%2fresolver-binding-linux-arm64-musl 6ms (cache hit)
1648 silly packumentCache full:https://registry.npmjs.org/@unrs%2fresolver-binding-linux-arm64-musl set size:59889 disposed:false
1649 silly fetch manifest @unrs/resolver-binding-darwin-arm64@1.11.1
1650 silly packumentCache full:https://registry.npmjs.org/@unrs%2fresolver-binding-darwin-arm64 cache-miss
1651 http cache https://registry.npmjs.org/@unrs%2fresolver-binding-linux-arm64-gnu 8ms (cache hit)
1652 silly packumentCache full:https://registry.npmjs.org/@unrs%2fresolver-binding-linux-arm64-gnu set size:59697 disposed:false
1653 silly fetch manifest @unrs/resolver-binding-wasm32-wasi@1.11.1
1654 silly packumentCache full:https://registry.npmjs.org/@unrs%2fresolver-binding-wasm32-wasi cache-miss
1655 http cache https://registry.npmjs.org/@unrs%2fresolver-binding-linux-arm-gnueabihf 6ms (cache hit)
1656 silly packumentCache full:https://registry.npmjs.org/@unrs%2fresolver-binding-linux-arm-gnueabihf set size:59902 disposed:false
1657 http cache https://registry.npmjs.org/@unrs%2fresolver-binding-linux-arm-musleabihf 5ms (cache hit)
1658 silly packumentCache full:https://registry.npmjs.org/@unrs%2fresolver-binding-linux-arm-musleabihf set size:60135 disposed:false
1659 http cache https://registry.npmjs.org/@unrs%2fresolver-binding-linux-ppc64-gnu 6ms (cache hit)
1660 silly packumentCache full:https://registry.npmjs.org/@unrs%2fresolver-binding-linux-ppc64-gnu set size:59704 disposed:false
1661 http cache https://registry.npmjs.org/@unrs%2fresolver-binding-linux-riscv64-gnu 5ms (cache hit)
1662 silly packumentCache full:https://registry.npmjs.org/@unrs%2fresolver-binding-linux-riscv64-gnu set size:50987 disposed:false
1663 http cache https://registry.npmjs.org/@unrs%2fresolver-binding-darwin-x64 4ms (cache hit)
1664 silly packumentCache full:https://registry.npmjs.org/@unrs%2fresolver-binding-darwin-x64 set size:57901 disposed:false
1665 http cache https://registry.npmjs.org/@unrs%2fresolver-binding-darwin-arm64 3ms (cache hit)
1666 silly packumentCache full:https://registry.npmjs.org/@unrs%2fresolver-binding-darwin-arm64 set size:58434 disposed:false
1667 http cache https://registry.npmjs.org/@unrs%2fresolver-binding-linux-s390x-gnu 4ms (cache hit)
1668 silly packumentCache full:https://registry.npmjs.org/@unrs%2fresolver-binding-linux-s390x-gnu set size:59697 disposed:false
1669 http cache https://registry.npmjs.org/@unrs%2fresolver-binding-wasm32-wasi 4ms (cache hit)
1670 silly packumentCache full:https://registry.npmjs.org/@unrs%2fresolver-binding-wasm32-wasi set size:61704 disposed:false
1671 http cache https://registry.npmjs.org/@unrs%2fresolver-binding-linux-riscv64-musl 5ms (cache hit)
1672 silly packumentCache full:https://registry.npmjs.org/@unrs%2fresolver-binding-linux-riscv64-musl set size:40293 disposed:false
1673 silly placeDep ROOT @rtsao/scc@1.1.0 OK for: eslint-plugin-import@2.32.0 want: ^1.1.0
1674 silly placeDep ROOT array-includes@3.1.9 OK for: eslint-plugin-import@2.32.0 want: ^3.1.9
1675 silly placeDep ROOT array.prototype.findlastindex@1.2.6 OK for: eslint-plugin-import@2.32.0 want: ^1.2.6
1676 silly placeDep ROOT array.prototype.flat@1.3.3 OK for: eslint-plugin-import@2.32.0 want: ^1.3.3
1677 silly placeDep ROOT array.prototype.flatmap@1.3.3 OK for: eslint-plugin-import@2.32.0 want: ^1.3.3
1678 silly placeDep node_modules/eslint-plugin-import debug@3.2.7 OK for: eslint-plugin-import@2.32.0 want: ^3.2.7
1679 silly placeDep ROOT doctrine@2.1.0 OK for: eslint-plugin-import@2.32.0 want: ^2.1.0
1680 silly placeDep ROOT eslint-module-utils@2.12.1 OK for: eslint-plugin-import@2.32.0 want: ^2.12.1
1681 silly placeDep ROOT hasown@2.0.2 OK for: eslint-plugin-import@2.32.0 want: ^2.0.2
1682 silly placeDep ROOT object.fromentries@2.0.8 OK for: eslint-plugin-import@2.32.0 want: ^2.0.8
1683 silly placeDep ROOT object.groupby@1.0.3 OK for: eslint-plugin-import@2.32.0 want: ^1.0.3
1684 silly placeDep ROOT object.values@1.2.1 OK for: eslint-plugin-import@2.32.0 want: ^1.2.1
1685 silly placeDep ROOT semver@6.3.1 OK for: eslint-plugin-import@2.32.0 want: ^6.3.1
1686 silly placeDep ROOT string.prototype.trimend@1.0.9 OK for: eslint-plugin-import@2.32.0 want: ^1.0.9
1687 silly placeDep ROOT tsconfig-paths@3.15.0 OK for: eslint-plugin-import@2.32.0 want: ^3.15.0
1688 silly fetch manifest call-bind@^1.0.8
1689 silly packumentCache full:https://registry.npmjs.org/call-bind cache-miss
1690 silly fetch manifest call-bound@^1.0.4
1691 silly packumentCache full:https://registry.npmjs.org/call-bound cache-miss
1692 silly fetch manifest define-properties@^1.2.1
1693 silly packumentCache full:https://registry.npmjs.org/define-properties cache-miss
1694 silly fetch manifest es-abstract@^1.24.0
1695 silly packumentCache full:https://registry.npmjs.org/es-abstract cache-miss
1696 silly fetch manifest es-object-atoms@^1.1.1
1697 silly packumentCache full:https://registry.npmjs.org/es-object-atoms cache-miss
1698 silly fetch manifest get-intrinsic@^1.3.0
1699 silly packumentCache full:https://registry.npmjs.org/get-intrinsic cache-miss
1700 silly fetch manifest is-string@^1.1.1
1701 silly packumentCache full:https://registry.npmjs.org/is-string cache-miss
1702 silly fetch manifest math-intrinsics@^1.1.0
1703 silly packumentCache full:https://registry.npmjs.org/math-intrinsics cache-miss
1704 silly fetch manifest call-bind@^1.0.8
1705 silly packumentCache full:https://registry.npmjs.org/call-bind cache-miss
1706 http cache https://registry.npmjs.org/call-bind 3ms (cache hit)
1707 silly packumentCache full:https://registry.npmjs.org/call-bind set size:30096 disposed:false
1708 silly fetch manifest call-bound@^1.0.4
1709 silly packumentCache full:https://registry.npmjs.org/call-bound cache-miss
1710 http cache https://registry.npmjs.org/define-properties 4ms (cache hit)
1711 silly packumentCache full:https://registry.npmjs.org/define-properties set size:31491 disposed:false
1712 silly fetch manifest es-abstract@^1.23.9
1713 silly packumentCache full:https://registry.npmjs.org/es-abstract cache-miss
1714 http cache https://registry.npmjs.org/call-bound 4ms (cache hit)
1715 silly packumentCache full:https://registry.npmjs.org/call-bound set size:15317 disposed:false
1716 silly fetch manifest es-errors@^1.3.0
1717 silly packumentCache full:https://registry.npmjs.org/es-errors cache-miss
1718 http cache https://registry.npmjs.org/is-string 5ms (cache hit)
1719 silly packumentCache full:https://registry.npmjs.org/is-string set size:29636 disposed:false
1720 silly fetch manifest es-object-atoms@^1.1.1
1721 silly packumentCache full:https://registry.npmjs.org/es-object-atoms cache-miss
1722 http cache https://registry.npmjs.org/es-abstract 5ms (cache hit)
1723 silly packumentCache full:https://registry.npmjs.org/es-abstract set size:378584 disposed:false
1724 silly fetch manifest es-shim-unscopables@^1.1.0
1725 silly packumentCache full:https://registry.npmjs.org/es-shim-unscopables cache-miss
1726 http cache https://registry.npmjs.org/call-bind 8ms (cache hit)
1727 silly packumentCache full:https://registry.npmjs.org/call-bind set size:30096 disposed:false
1728 silly packumentCache full:https://registry.npmjs.org/call-bind dispose
1729 silly fetch manifest es-abstract@^1.23.5
1730 silly packumentCache full:https://registry.npmjs.org/es-abstract cache-hit
1731 silly fetch manifest es-shim-unscopables@^1.0.2
1732 silly packumentCache full:https://registry.npmjs.org/es-shim-unscopables cache-miss
1733 http cache https://registry.npmjs.org/es-object-atoms 8ms (cache hit)
1734 silly packumentCache full:https://registry.npmjs.org/es-object-atoms set size:15304 disposed:false
1735 silly fetch manifest es-shim-unscopables@^1.0.2
1736 silly packumentCache full:https://registry.npmjs.org/es-shim-unscopables cache-miss
1737 http cache https://registry.npmjs.org/math-intrinsics 8ms (cache hit)
1738 silly packumentCache full:https://registry.npmjs.org/math-intrinsics set size:9265 disposed:false
1739 silly fetch manifest function-bind@^1.1.2
1740 silly packumentCache full:https://registry.npmjs.org/function-bind cache-miss
1741 http cache https://registry.npmjs.org/get-intrinsic 9ms (cache hit)
1742 silly packumentCache full:https://registry.npmjs.org/get-intrinsic set size:60985 disposed:false
1743 silly fetch manifest call-bind@^1.0.7
1744 silly packumentCache full:https://registry.npmjs.org/call-bind cache-hit
1745 silly fetch manifest es-abstract@^1.23.2
1746 silly packumentCache full:https://registry.npmjs.org/es-abstract cache-hit
1747 silly fetch manifest es-object-atoms@^1.0.0
1748 silly packumentCache full:https://registry.npmjs.org/es-object-atoms cache-hit
1749 silly fetch manifest call-bound@^1.0.3
1750 silly packumentCache full:https://registry.npmjs.org/call-bound cache-hit
1751 silly fetch manifest call-bound@^1.0.2
1752 silly packumentCache full:https://registry.npmjs.org/call-bound cache-hit
1753 silly fetch manifest json5@^1.0.2
1754 silly packumentCache full:https://registry.npmjs.org/json5 cache-miss
1755 http cache https://registry.npmjs.org/call-bound 9ms (cache hit)
1756 silly packumentCache full:https://registry.npmjs.org/call-bound set size:15317 disposed:false
1757 silly packumentCache full:https://registry.npmjs.org/call-bound dispose
1758 silly fetch manifest minimist@^1.2.6
1759 silly packumentCache full:https://registry.npmjs.org/minimist cache-miss
1760 http cache https://registry.npmjs.org/es-abstract 9ms (cache hit)
1761 silly packumentCache full:https://registry.npmjs.org/es-abstract set size:378584 disposed:false
1762 silly packumentCache full:https://registry.npmjs.org/es-abstract dispose
1763 silly fetch manifest strip-bom@^3.0.0
1764 silly packumentCache full:https://registry.npmjs.org/strip-bom cache-miss
1765 http cache https://registry.npmjs.org/es-object-atoms 10ms (cache hit)
1766 silly packumentCache full:https://registry.npmjs.org/es-object-atoms set size:15304 disposed:false
1767 silly packumentCache full:https://registry.npmjs.org/es-object-atoms dispose
1768 silly fetch manifest @types/json5@^0.0.29
1769 silly packumentCache full:https://registry.npmjs.org/@types%2fjson5 cache-miss
1770 http cache https://registry.npmjs.org/es-shim-unscopables 7ms (cache hit)
1771 silly packumentCache full:https://registry.npmjs.org/es-shim-unscopables set size:13965 disposed:false
1772 http cache https://registry.npmjs.org/function-bind 6ms (cache hit)
1773 silly packumentCache full:https://registry.npmjs.org/function-bind set size:15733 disposed:false
1774 http cache https://registry.npmjs.org/es-shim-unscopables 9ms (cache hit)
1775 silly packumentCache full:https://registry.npmjs.org/es-shim-unscopables set size:13965 disposed:false
1776 silly packumentCache full:https://registry.npmjs.org/es-shim-unscopables dispose
1777 http cache https://registry.npmjs.org/es-shim-unscopables 8ms (cache hit)
1778 silly packumentCache full:https://registry.npmjs.org/es-shim-unscopables set size:13965 disposed:true
1779 silly packumentCache full:https://registry.npmjs.org/es-shim-unscopables dispose
1780 http cache https://registry.npmjs.org/es-errors 11ms (cache hit)
1781 silly packumentCache full:https://registry.npmjs.org/es-errors set size:16918 disposed:false
1782 http cache https://registry.npmjs.org/json5 6ms (cache hit)
1783 silly packumentCache full:https://registry.npmjs.org/json5 set size:86136 disposed:false
1784 http cache https://registry.npmjs.org/minimist 5ms (cache hit)
1785 silly packumentCache full:https://registry.npmjs.org/minimist set size:77082 disposed:false
1786 http cache https://registry.npmjs.org/@types%2fjson5 4ms (cache hit)
1787 silly packumentCache full:https://registry.npmjs.org/@types%2fjson5 set size:19581 disposed:false
1788 http cache https://registry.npmjs.org/strip-bom 4ms (cache hit)
1789 silly packumentCache full:https://registry.npmjs.org/strip-bom set size:19359 disposed:false
1790 silly placeDep ROOT call-bind@1.0.8 OK for: array-includes@3.1.9 want: ^1.0.8
1791 silly placeDep ROOT call-bound@1.0.4 OK for: array-includes@3.1.9 want: ^1.0.4
1792 silly placeDep ROOT define-properties@1.2.1 OK for: array-includes@3.1.9 want: ^1.2.1
1793 silly placeDep ROOT es-abstract@1.24.1 OK for: array-includes@3.1.9 want: ^1.24.0
1794 silly placeDep ROOT es-object-atoms@1.1.1 OK for: array-includes@3.1.9 want: ^1.1.1
1795 silly placeDep ROOT get-intrinsic@1.3.0 OK for: array-includes@3.1.9 want: ^1.3.0
1796 silly placeDep ROOT is-string@1.1.1 OK for: array-includes@3.1.9 want: ^1.1.1
1797 silly placeDep ROOT math-intrinsics@1.1.0 OK for: array-includes@3.1.9 want: ^1.1.0
1798 silly fetch manifest call-bind-apply-helpers@^1.0.0
1799 silly packumentCache full:https://registry.npmjs.org/call-bind-apply-helpers cache-miss
1800 silly fetch manifest es-define-property@^1.0.0
1801 silly packumentCache full:https://registry.npmjs.org/es-define-property cache-miss
1802 silly fetch manifest get-intrinsic@^1.2.4
1803 silly packumentCache full:https://registry.npmjs.org/get-intrinsic cache-hit
1804 silly fetch manifest set-function-length@^1.2.2
1805 silly packumentCache full:https://registry.npmjs.org/set-function-length cache-miss
1806 silly fetch manifest call-bind-apply-helpers@^1.0.2
1807 silly packumentCache full:https://registry.npmjs.org/call-bind-apply-helpers cache-miss
1808 silly fetch manifest define-data-property@^1.0.1
1809 silly packumentCache full:https://registry.npmjs.org/define-data-property cache-miss
1810 silly fetch manifest has-property-descriptors@^1.0.0
1811 silly packumentCache full:https://registry.npmjs.org/has-property-descriptors cache-miss
1812 silly fetch manifest object-keys@^1.1.1
1813 silly packumentCache full:https://registry.npmjs.org/object-keys cache-miss
1814 silly fetch manifest array-buffer-byte-length@^1.0.2
1815 silly packumentCache full:https://registry.npmjs.org/array-buffer-byte-length cache-miss
1816 silly fetch manifest arraybuffer.prototype.slice@^1.0.4
1817 silly packumentCache full:https://registry.npmjs.org/arraybuffer.prototype.slice cache-miss
1818 http cache https://registry.npmjs.org/call-bind-apply-helpers 4ms (cache hit)
1819 silly packumentCache full:https://registry.npmjs.org/call-bind-apply-helpers set size:12744 disposed:false
1820 silly fetch manifest available-typed-arrays@^1.0.7
1821 silly packumentCache full:https://registry.npmjs.org/available-typed-arrays cache-miss
1822 http cache https://registry.npmjs.org/set-function-length 4ms (cache hit)
1823 silly packumentCache full:https://registry.npmjs.org/set-function-length set size:24261 disposed:false
1824 silly fetch manifest data-view-buffer@^1.0.2
1825 silly packumentCache full:https://registry.npmjs.org/data-view-buffer cache-miss
1826 http cache https://registry.npmjs.org/call-bind-apply-helpers 5ms (cache hit)
1827 silly packumentCache full:https://registry.npmjs.org/call-bind-apply-helpers set size:12744 disposed:false
1828 silly packumentCache full:https://registry.npmjs.org/call-bind-apply-helpers dispose
1829 silly fetch manifest data-view-byte-length@^1.0.2
1830 silly packumentCache full:https://registry.npmjs.org/data-view-byte-length cache-miss
1831 http cache https://registry.npmjs.org/define-data-property 5ms (cache hit)
1832 silly packumentCache full:https://registry.npmjs.org/define-data-property set size:28048 disposed:false
1833 silly fetch manifest data-view-byte-offset@^1.0.1
1834 silly packumentCache full:https://registry.npmjs.org/data-view-byte-offset cache-miss
1835 http cache https://registry.npmjs.org/es-define-property 6ms (cache hit)
1836 silly packumentCache full:https://registry.npmjs.org/es-define-property set size:8542 disposed:false
1837 silly fetch manifest es-define-property@^1.0.1
1838 silly packumentCache full:https://registry.npmjs.org/es-define-property cache-hit
1839 silly fetch manifest es-set-tostringtag@^2.1.0
1840 silly packumentCache full:https://registry.npmjs.org/es-set-tostringtag cache-miss
1841 http cache https://registry.npmjs.org/object-keys 6ms (cache hit)
1842 silly packumentCache full:https://registry.npmjs.org/object-keys set size:67744 disposed:false
1843 silly fetch manifest es-to-primitive@^1.3.0
1844 silly packumentCache full:https://registry.npmjs.org/es-to-primitive cache-miss
1845 http cache https://registry.npmjs.org/arraybuffer.prototype.slice 7ms (cache hit)
1846 silly packumentCache full:https://registry.npmjs.org/arraybuffer.prototype.slice set size:20917 disposed:false
1847 silly fetch manifest function.prototype.name@^1.1.8
1848 silly packumentCache full:https://registry.npmjs.org/function.prototype.name cache-miss
1849 http cache https://registry.npmjs.org/has-property-descriptors 7ms (cache hit)
1850 silly packumentCache full:https://registry.npmjs.org/has-property-descriptors set size:12452 disposed:false
1851 silly fetch manifest get-proto@^1.0.1
1852 silly packumentCache full:https://registry.npmjs.org/get-proto cache-miss
1853 http cache https://registry.npmjs.org/array-buffer-byte-length 7ms (cache hit)
1854 silly packumentCache full:https://registry.npmjs.org/array-buffer-byte-length set size:13099 disposed:false
1855 silly fetch manifest get-symbol-description@^1.1.0
1856 silly packumentCache full:https://registry.npmjs.org/get-symbol-description cache-miss
1857 http cache https://registry.npmjs.org/available-typed-arrays 5ms (cache hit)
1858 silly packumentCache full:https://registry.npmjs.org/available-typed-arrays set size:31390 disposed:false
1859 silly fetch manifest globalthis@^1.0.4
1860 silly packumentCache full:https://registry.npmjs.org/globalthis cache-miss
1861 http cache https://registry.npmjs.org/es-set-tostringtag 4ms (cache hit)
1862 silly packumentCache full:https://registry.npmjs.org/es-set-tostringtag set size:22094 disposed:false
1863 silly fetch manifest gopd@^1.2.0
1864 silly packumentCache full:https://registry.npmjs.org/gopd cache-miss
1865 http cache https://registry.npmjs.org/data-view-buffer 5ms (cache hit)
1866 silly packumentCache full:https://registry.npmjs.org/data-view-buffer set size:11789 disposed:false
1867 silly fetch manifest has-property-descriptors@^1.0.2
1868 silly packumentCache full:https://registry.npmjs.org/has-property-descriptors cache-hit
1869 silly fetch manifest has-proto@^1.2.0
1870 silly packumentCache full:https://registry.npmjs.org/has-proto cache-miss
1871 http cache https://registry.npmjs.org/data-view-byte-length 6ms (cache hit)
1872 silly packumentCache full:https://registry.npmjs.org/data-view-byte-length set size:12269 disposed:false
1873 silly fetch manifest has-symbols@^1.1.0
1874 silly packumentCache full:https://registry.npmjs.org/has-symbols cache-miss
1875 http cache https://registry.npmjs.org/data-view-byte-offset 6ms (cache hit)
1876 silly packumentCache full:https://registry.npmjs.org/data-view-byte-offset set size:9200 disposed:false
1877 silly fetch manifest internal-slot@^1.1.0
1878 silly packumentCache full:https://registry.npmjs.org/internal-slot cache-miss
1879 http cache https://registry.npmjs.org/es-to-primitive 5ms (cache hit)
1880 silly packumentCache full:https://registry.npmjs.org/es-to-primitive set size:22465 disposed:false
1881 silly fetch manifest is-array-buffer@^3.0.5
1882 silly packumentCache full:https://registry.npmjs.org/is-array-buffer cache-miss
1883 http cache https://registry.npmjs.org/function.prototype.name 5ms (cache hit)
1884 silly packumentCache full:https://registry.npmjs.org/function.prototype.name set size:44756 disposed:false
1885 silly fetch manifest is-callable@^1.2.7
1886 silly packumentCache full:https://registry.npmjs.org/is-callable cache-miss
1887 http cache https://registry.npmjs.org/get-proto 5ms (cache hit)
1888 silly packumentCache full:https://registry.npmjs.org/get-proto set size:8300 disposed:false
1889 silly fetch manifest is-data-view@^1.0.2
1890 silly packumentCache full:https://registry.npmjs.org/is-data-view cache-miss
1891 http cache https://registry.npmjs.org/get-symbol-description 6ms (cache hit)
1892 silly packumentCache full:https://registry.npmjs.org/get-symbol-description set size:15540 disposed:false
1893 silly fetch manifest is-negative-zero@^2.0.3
1894 silly packumentCache full:https://registry.npmjs.org/is-negative-zero cache-miss
1895 http cache https://registry.npmjs.org/globalthis 5ms (cache hit)
1896 silly packumentCache full:https://registry.npmjs.org/globalthis set size:22522 disposed:false
1897 silly fetch manifest is-regex@^1.2.1
1898 silly packumentCache full:https://registry.npmjs.org/is-regex cache-miss
1899 http cache https://registry.npmjs.org/has-proto 4ms (cache hit)
1900 silly packumentCache full:https://registry.npmjs.org/has-proto set size:21527 disposed:false
1901 silly fetch manifest is-set@^2.0.3
1902 silly packumentCache full:https://registry.npmjs.org/is-set cache-miss
1903 http cache https://registry.npmjs.org/has-symbols 5ms (cache hit)
1904 silly packumentCache full:https://registry.npmjs.org/has-symbols set size:21550 disposed:false
1905 silly fetch manifest is-shared-array-buffer@^1.0.4
1906 silly packumentCache full:https://registry.npmjs.org/is-shared-array-buffer cache-miss
1907 http cache https://registry.npmjs.org/internal-slot 5ms (cache hit)
1908 silly packumentCache full:https://registry.npmjs.org/internal-slot set size:30267 disposed:false
1909 silly fetch manifest is-typed-array@^1.1.15
1910 silly packumentCache full:https://registry.npmjs.org/is-typed-array cache-miss
1911 http cache https://registry.npmjs.org/gopd 7ms (cache hit)
1912 silly packumentCache full:https://registry.npmjs.org/gopd set size:11458 disposed:false
1913 silly fetch manifest is-weakref@^1.1.1
1914 silly packumentCache full:https://registry.npmjs.org/is-weakref cache-miss
1915 http cache https://registry.npmjs.org/is-array-buffer 5ms (cache hit)
1916 silly packumentCache full:https://registry.npmjs.org/is-array-buffer set size:33562 disposed:false
1917 silly fetch manifest object-inspect@^1.13.4
1918 silly packumentCache full:https://registry.npmjs.org/object-inspect cache-miss
1919 http cache https://registry.npmjs.org/is-data-view 5ms (cache hit)
1920 silly packumentCache full:https://registry.npmjs.org/is-data-view set size:13756 disposed:false
1921 silly fetch manifest object.assign@^4.1.7
1922 silly packumentCache full:https://registry.npmjs.org/object.assign cache-miss
1923 http cache https://registry.npmjs.org/is-negative-zero 5ms (cache hit)
1924 silly packumentCache full:https://registry.npmjs.org/is-negative-zero set size:22152 disposed:false
1925 silly fetch manifest own-keys@^1.0.1
1926 silly packumentCache full:https://registry.npmjs.org/own-keys cache-miss
1927 http cache https://registry.npmjs.org/is-callable 7ms (cache hit)
1928 silly packumentCache full:https://registry.npmjs.org/is-callable set size:66606 disposed:false
1929 silly fetch manifest regexp.prototype.flags@^1.5.4
1930 silly packumentCache full:https://registry.npmjs.org/regexp.prototype.flags cache-miss
1931 http cache https://registry.npmjs.org/is-set 5ms (cache hit)
1932 silly packumentCache full:https://registry.npmjs.org/is-set set size:16614 disposed:false
1933 silly fetch manifest safe-array-concat@^1.1.3
1934 silly packumentCache full:https://registry.npmjs.org/safe-array-concat cache-miss
1935 http cache https://registry.npmjs.org/is-regex 7ms (cache hit)
1936 silly packumentCache full:https://registry.npmjs.org/is-regex set size:42924 disposed:false
1937 silly fetch manifest safe-push-apply@^1.0.0
1938 silly packumentCache full:https://registry.npmjs.org/safe-push-apply cache-miss
1939 http cache https://registry.npmjs.org/is-weakref 5ms (cache hit)
1940 silly packumentCache full:https://registry.npmjs.org/is-weakref set size:18473 disposed:false
1941 silly fetch manifest safe-regex-test@^1.1.0
1942 silly packumentCache full:https://registry.npmjs.org/safe-regex-test cache-hit
1943 silly fetch manifest set-proto@^1.0.0
1944 silly packumentCache full:https://registry.npmjs.org/set-proto cache-miss
1945 http cache https://registry.npmjs.org/is-shared-array-buffer 7ms (cache hit)
1946 silly packumentCache full:https://registry.npmjs.org/is-shared-array-buffer set size:19880 disposed:false
1947 silly fetch manifest stop-iteration-iterator@^1.1.0
1948 silly packumentCache full:https://registry.npmjs.org/stop-iteration-iterator cache-miss
1949 http cache https://registry.npmjs.org/is-typed-array 6ms (cache hit)
1950 silly packumentCache full:https://registry.npmjs.org/is-typed-array set size:79965 disposed:false
1951 silly fetch manifest string.prototype.trim@^1.2.10
1952 silly packumentCache full:https://registry.npmjs.org/string.prototype.trim cache-miss
1953 http cache https://registry.npmjs.org/object-inspect 6ms (cache hit)
1954 silly packumentCache full:https://registry.npmjs.org/object-inspect set size:101912 disposed:false
1955 silly fetch manifest string.prototype.trimstart@^1.0.8
1956 silly packumentCache full:https://registry.npmjs.org/string.prototype.trimstart cache-miss
1957 http cache https://registry.npmjs.org/object.assign 7ms (cache hit)
1958 silly packumentCache full:https://registry.npmjs.org/object.assign set size:85907 disposed:false
1959 silly fetch manifest typed-array-buffer@^1.0.3
1960 silly packumentCache full:https://registry.npmjs.org/typed-array-buffer cache-miss
1961 http cache https://registry.npmjs.org/own-keys 7ms (cache hit)
1962 silly packumentCache full:https://registry.npmjs.org/own-keys set size:8735 disposed:false
1963 silly fetch manifest typed-array-byte-length@^1.0.3
1964 silly packumentCache full:https://registry.npmjs.org/typed-array-byte-length cache-miss
1965 http cache https://registry.npmjs.org/regexp.prototype.flags 8ms (cache hit)
1966 silly packumentCache full:https://registry.npmjs.org/regexp.prototype.flags set size:60621 disposed:false
1967 silly fetch manifest typed-array-byte-offset@^1.0.4
1968 silly packumentCache full:https://registry.npmjs.org/typed-array-byte-offset cache-miss
1969 http cache https://registry.npmjs.org/safe-push-apply 8ms (cache hit)
1970 silly packumentCache full:https://registry.npmjs.org/safe-push-apply set size:5759 disposed:false
1971 silly fetch manifest typed-array-length@^1.0.7
1972 silly packumentCache full:https://registry.npmjs.org/typed-array-length cache-miss
1973 http cache https://registry.npmjs.org/safe-array-concat 9ms (cache hit)
1974 silly packumentCache full:https://registry.npmjs.org/safe-array-concat set size:22426 disposed:false
1975 silly fetch manifest unbox-primitive@^1.1.0
1976 silly packumentCache full:https://registry.npmjs.org/unbox-primitive cache-miss
1977 http cache https://registry.npmjs.org/set-proto 8ms (cache hit)
1978 silly packumentCache full:https://registry.npmjs.org/set-proto set size:5334 disposed:false
1979 silly fetch manifest which-typed-array@^1.1.19
1980 silly packumentCache full:https://registry.npmjs.org/which-typed-array cache-miss
1981 http cache https://registry.npmjs.org/stop-iteration-iterator 8ms (cache hit)
1982 silly packumentCache full:https://registry.npmjs.org/stop-iteration-iterator set size:9160 disposed:false
1983 silly fetch manifest has-tostringtag@^1.0.2
1984 silly packumentCache full:https://registry.npmjs.org/has-tostringtag cache-miss
1985 http cache https://registry.npmjs.org/string.prototype.trim 8ms (cache hit)
1986 silly packumentCache full:https://registry.npmjs.org/string.prototype.trim set size:54116 disposed:false
1987 http cache https://registry.npmjs.org/string.prototype.trimstart 7ms (cache hit)
1988 silly packumentCache full:https://registry.npmjs.org/string.prototype.trimstart set size:38291 disposed:false
1989 http cache https://registry.npmjs.org/typed-array-buffer 7ms (cache hit)
1990 silly packumentCache full:https://registry.npmjs.org/typed-array-buffer set size:14045 disposed:false
1991 http cache https://registry.npmjs.org/typed-array-byte-length 6ms (cache hit)
1992 silly packumentCache full:https://registry.npmjs.org/typed-array-byte-length set size:18382 disposed:false
1993 http cache https://registry.npmjs.org/typed-array-byte-offset 6ms (cache hit)
1994 silly packumentCache full:https://registry.npmjs.org/typed-array-byte-offset set size:21714 disposed:false
1995 http cache https://registry.npmjs.org/typed-array-length 4ms (cache hit)
1996 silly packumentCache full:https://registry.npmjs.org/typed-array-length set size:32113 disposed:false
1997 http cache https://registry.npmjs.org/which-typed-array 5ms (cache hit)
1998 silly packumentCache full:https://registry.npmjs.org/which-typed-array set size:93605 disposed:false
1999 http cache https://registry.npmjs.org/has-tostringtag 4ms (cache hit)
2000 silly packumentCache full:https://registry.npmjs.org/has-tostringtag set size:13945 disposed:false
2001 http cache https://registry.npmjs.org/unbox-primitive 6ms (cache hit)
2002 silly packumentCache full:https://registry.npmjs.org/unbox-primitive set size:15669 disposed:false
2003 silly placeDep ROOT es-errors@1.3.0 OK for: array.prototype.findlastindex@1.2.6 want: ^1.3.0
2004 silly placeDep ROOT es-shim-unscopables@1.1.0 OK for: array.prototype.findlastindex@1.2.6 want: ^1.1.0
2005 silly placeDep ROOT call-bind-apply-helpers@1.0.2 OK for: call-bind@1.0.8 want: ^1.0.0
2006 silly placeDep ROOT es-define-property@1.0.1 OK for: call-bind@1.0.8 want: ^1.0.0
2007 silly placeDep ROOT set-function-length@1.2.2 OK for: call-bind@1.0.8 want: ^1.2.2
2008 silly fetch manifest define-data-property@^1.1.4
2009 silly packumentCache full:https://registry.npmjs.org/define-data-property cache-hit
2010 silly fetch manifest gopd@^1.0.1
2011 silly packumentCache full:https://registry.npmjs.org/gopd cache-hit
2012 silly placeDep ROOT function-bind@1.1.2 OK for: call-bind-apply-helpers@1.0.2 want: ^1.1.2
2013 silly placeDep ROOT define-data-property@1.1.4 OK for: define-properties@1.2.1 want: ^1.0.1
2014 silly placeDep ROOT has-property-descriptors@1.0.2 OK for: define-properties@1.2.1 want: ^1.0.0
2015 silly placeDep ROOT object-keys@1.1.1 OK for: define-properties@1.2.1 want: ^1.1.1
2016 silly placeDep ROOT gopd@1.2.0 OK for: define-data-property@1.1.4 want: ^1.0.1
2017 silly placeDep ROOT array-buffer-byte-length@1.0.2 OK for: es-abstract@1.24.1 want: ^1.0.2
2018 silly placeDep ROOT arraybuffer.prototype.slice@1.0.4 OK for: es-abstract@1.24.1 want: ^1.0.4
2019 silly placeDep ROOT available-typed-arrays@1.0.7 OK for: es-abstract@1.24.1 want: ^1.0.7
2020 silly placeDep ROOT data-view-buffer@1.0.2 OK for: es-abstract@1.24.1 want: ^1.0.2
2021 silly placeDep ROOT data-view-byte-length@1.0.2 OK for: es-abstract@1.24.1 want: ^1.0.2
2022 silly placeDep ROOT data-view-byte-offset@1.0.1 OK for: es-abstract@1.24.1 want: ^1.0.1
2023 silly placeDep ROOT es-set-tostringtag@2.1.0 OK for: es-abstract@1.24.1 want: ^2.1.0
2024 silly placeDep ROOT es-to-primitive@1.3.0 OK for: es-abstract@1.24.1 want: ^1.3.0
2025 silly placeDep ROOT function.prototype.name@1.1.8 OK for: es-abstract@1.24.1 want: ^1.1.8
2026 silly placeDep ROOT get-proto@1.0.1 OK for: es-abstract@1.24.1 want: ^1.0.1
2027 silly placeDep ROOT get-symbol-description@1.1.0 OK for: es-abstract@1.24.1 want: ^1.1.0
2028 silly placeDep ROOT globalthis@1.0.4 OK for: es-abstract@1.24.1 want: ^1.0.4
2029 silly placeDep ROOT has-proto@1.2.0 OK for: es-abstract@1.24.1 want: ^1.2.0
2030 silly placeDep ROOT has-symbols@1.1.0 OK for: es-abstract@1.24.1 want: ^1.1.0
2031 silly placeDep ROOT internal-slot@1.1.0 OK for: es-abstract@1.24.1 want: ^1.1.0
2032 silly placeDep ROOT is-array-buffer@3.0.5 OK for: es-abstract@1.24.1 want: ^3.0.5
2033 silly placeDep ROOT is-callable@1.2.7 OK for: es-abstract@1.24.1 want: ^1.2.7
2034 silly placeDep ROOT is-data-view@1.0.2 OK for: es-abstract@1.24.1 want: ^1.0.2
2035 silly placeDep ROOT is-negative-zero@2.0.3 OK for: es-abstract@1.24.1 want: ^2.0.3
2036 silly placeDep ROOT is-regex@1.2.1 OK for: es-abstract@1.24.1 want: ^1.2.1
2037 silly placeDep ROOT is-set@2.0.3 OK for: es-abstract@1.24.1 want: ^2.0.3
2038 silly placeDep ROOT is-shared-array-buffer@1.0.4 OK for: es-abstract@1.24.1 want: ^1.0.4
2039 silly placeDep ROOT is-typed-array@1.1.15 OK for: es-abstract@1.24.1 want: ^1.1.15
2040 silly placeDep ROOT is-weakref@1.1.1 OK for: es-abstract@1.24.1 want: ^1.1.1
2041 silly placeDep ROOT object-inspect@1.13.4 OK for: es-abstract@1.24.1 want: ^1.13.4
2042 silly placeDep ROOT object.assign@4.1.7 OK for: es-abstract@1.24.1 want: ^4.1.7
2043 silly placeDep ROOT own-keys@1.0.1 OK for: es-abstract@1.24.1 want: ^1.0.1
2044 silly placeDep ROOT regexp.prototype.flags@1.5.4 OK for: es-abstract@1.24.1 want: ^1.5.4
2045 silly placeDep ROOT safe-array-concat@1.1.3 OK for: es-abstract@1.24.1 want: ^1.1.3
2046 silly placeDep ROOT safe-push-apply@1.0.0 OK for: es-abstract@1.24.1 want: ^1.0.0
2047 silly placeDep ROOT safe-regex-test@1.1.0 OK for: es-abstract@1.24.1 want: ^1.1.0
2048 silly placeDep ROOT set-proto@1.0.0 OK for: es-abstract@1.24.1 want: ^1.0.0
2049 silly placeDep ROOT stop-iteration-iterator@1.1.0 OK for: es-abstract@1.24.1 want: ^1.1.0
2050 silly placeDep ROOT string.prototype.trim@1.2.10 OK for: es-abstract@1.24.1 want: ^1.2.10
2051 silly placeDep ROOT string.prototype.trimstart@1.0.8 OK for: es-abstract@1.24.1 want: ^1.0.8
2052 silly placeDep ROOT typed-array-buffer@1.0.3 OK for: es-abstract@1.24.1 want: ^1.0.3
2053 silly placeDep ROOT typed-array-byte-length@1.0.3 OK for: es-abstract@1.24.1 want: ^1.0.3
2054 silly placeDep ROOT typed-array-byte-offset@1.0.4 OK for: es-abstract@1.24.1 want: ^1.0.4
2055 silly placeDep ROOT typed-array-length@1.0.7 OK for: es-abstract@1.24.1 want: ^1.0.7
2056 silly placeDep ROOT unbox-primitive@1.1.0 OK for: es-abstract@1.24.1 want: ^1.1.0
2057 silly placeDep ROOT which-typed-array@1.1.20 OK for: es-abstract@1.24.1 want: ^1.1.19
2058 silly fetch manifest is-array-buffer@^3.0.4
2059 silly packumentCache full:https://registry.npmjs.org/is-array-buffer cache-hit
2060 silly fetch manifest possible-typed-array-names@^1.0.0
2061 silly packumentCache full:https://registry.npmjs.org/possible-typed-array-names cache-miss
2062 silly fetch manifest is-data-view@^1.0.1
2063 silly packumentCache full:https://registry.npmjs.org/is-data-view cache-hit
2064 silly fetch manifest is-date-object@^1.0.5
2065 silly packumentCache full:https://registry.npmjs.org/is-date-object cache-miss
2066 silly fetch manifest is-symbol@^1.0.4
2067 silly packumentCache full:https://registry.npmjs.org/is-symbol cache-miss
2068 silly fetch manifest functions-have-names@^1.2.3
2069 silly packumentCache full:https://registry.npmjs.org/functions-have-names cache-miss
2070 silly fetch manifest dunder-proto@^1.0.1
2071 silly packumentCache full:https://registry.npmjs.org/dunder-proto cache-miss
2072 silly fetch manifest dunder-proto@^1.0.0
2073 silly packumentCache full:https://registry.npmjs.org/dunder-proto cache-miss
2074 silly fetch manifest side-channel@^1.1.0
2075 silly packumentCache full:https://registry.npmjs.org/side-channel cache-miss
2076 silly fetch manifest is-typed-array@^1.1.13
2077 silly packumentCache full:https://registry.npmjs.org/is-typed-array cache-hit
2078 silly fetch manifest which-typed-array@^1.1.16
2079 silly packumentCache full:https://registry.npmjs.org/which-typed-array cache-hit
2080 silly fetch manifest set-function-name@^2.0.2
2081 silly packumentCache full:https://registry.npmjs.org/set-function-name cache-miss
2082 silly fetch manifest isarray@^2.0.5
2083 silly packumentCache full:https://registry.npmjs.org/isarray cache-miss
2084 http cache https://registry.npmjs.org/is-date-object 7ms (cache hit)
2085 silly packumentCache full:https://registry.npmjs.org/is-date-object set size:25050 disposed:false
2086 silly fetch manifest isarray@^2.0.5
2087 silly packumentCache full:https://registry.npmjs.org/isarray cache-miss
2088 http cache https://registry.npmjs.org/possible-typed-array-names 9ms (cache hit)
2089 silly packumentCache full:https://registry.npmjs.org/possible-typed-array-names set size:9167 disposed:false
2090 silly fetch manifest dunder-proto@^1.0.1
2091 silly packumentCache full:https://registry.npmjs.org/dunder-proto cache-miss
2092 http cache https://registry.npmjs.org/dunder-proto 8ms (cache hit)
2093 silly packumentCache full:https://registry.npmjs.org/dunder-proto set size:8256 disposed:false
2094 silly fetch manifest for-each@^0.3.3
2095 silly packumentCache full:https://registry.npmjs.org/for-each cache-miss
2096 http cache https://registry.npmjs.org/is-symbol 8ms (cache hit)
2097 silly packumentCache full:https://registry.npmjs.org/is-symbol set size:22675 disposed:false
2098 silly fetch manifest for-each@^0.3.3
2099 silly packumentCache full:https://registry.npmjs.org/for-each cache-miss
2100 http cache https://registry.npmjs.org/dunder-proto 9ms (cache hit)
2101 silly packumentCache full:https://registry.npmjs.org/dunder-proto set size:8256 disposed:false
2102 silly packumentCache full:https://registry.npmjs.org/dunder-proto dispose
2103 silly fetch manifest reflect.getprototypeof@^1.0.9
2104 silly packumentCache full:https://registry.npmjs.org/reflect.getprototypeof cache-miss
2105 http cache https://registry.npmjs.org/functions-have-names 9ms (cache hit)
2106 silly packumentCache full:https://registry.npmjs.org/functions-have-names set size:24196 disposed:false
2107 silly fetch manifest for-each@^0.3.3
2108 silly packumentCache full:https://registry.npmjs.org/for-each cache-miss
2109 http cache https://registry.npmjs.org/isarray 8ms (cache hit)
2110 silly packumentCache full:https://registry.npmjs.org/isarray set size:17392 disposed:false
2111 silly fetch manifest reflect.getprototypeof@^1.0.6
2112 silly packumentCache full:https://registry.npmjs.org/reflect.getprototypeof cache-miss
2113 http cache https://registry.npmjs.org/side-channel 10ms (cache hit)
2114 silly packumentCache full:https://registry.npmjs.org/side-channel set size:24660 disposed:false
2115 silly fetch manifest has-bigints@^1.0.2
2116 silly packumentCache full:https://registry.npmjs.org/has-bigints cache-miss
2117 http cache https://registry.npmjs.org/set-function-name 9ms (cache hit)
2118 silly packumentCache full:https://registry.npmjs.org/set-function-name set size:13766 disposed:false
2119 silly fetch manifest which-boxed-primitive@^1.1.1
2120 silly packumentCache full:https://registry.npmjs.org/which-boxed-primitive cache-miss
2121 http cache https://registry.npmjs.org/isarray 5ms (cache hit)
2122 silly packumentCache full:https://registry.npmjs.org/isarray set size:17392 disposed:false
2123 silly packumentCache full:https://registry.npmjs.org/isarray dispose
2124 silly fetch manifest for-each@^0.3.5
2125 silly packumentCache full:https://registry.npmjs.org/for-each cache-miss
2126 http cache https://registry.npmjs.org/dunder-proto 5ms (cache hit)
2127 silly packumentCache full:https://registry.npmjs.org/dunder-proto set size:8256 disposed:true
2128 silly packumentCache full:https://registry.npmjs.org/dunder-proto dispose
2129 http cache https://registry.npmjs.org/for-each 5ms (cache hit)
2130 silly packumentCache full:https://registry.npmjs.org/for-each set size:14327 disposed:false
2131 http cache https://registry.npmjs.org/reflect.getprototypeof 4ms (cache hit)
2132 silly packumentCache full:https://registry.npmjs.org/reflect.getprototypeof set size:44083 disposed:false
2133 http cache https://registry.npmjs.org/for-each 5ms (cache hit)
2134 silly packumentCache full:https://registry.npmjs.org/for-each set size:14327 disposed:false
2135 silly packumentCache full:https://registry.npmjs.org/for-each dispose
2136 http cache https://registry.npmjs.org/for-each 6ms (cache hit)
2137 silly packumentCache full:https://registry.npmjs.org/for-each set size:14327 disposed:true
2138 silly packumentCache full:https://registry.npmjs.org/for-each dispose
2139 http cache https://registry.npmjs.org/has-bigints 5ms (cache hit)
2140 silly packumentCache full:https://registry.npmjs.org/has-bigints set size:14176 disposed:false
2141 http cache https://registry.npmjs.org/reflect.getprototypeof 6ms (cache hit)
2142 silly packumentCache full:https://registry.npmjs.org/reflect.getprototypeof set size:44083 disposed:false
2143 silly packumentCache full:https://registry.npmjs.org/reflect.getprototypeof dispose
2144 http cache https://registry.npmjs.org/which-boxed-primitive 5ms (cache hit)
2145 silly packumentCache full:https://registry.npmjs.org/which-boxed-primitive set size:19407 disposed:false
2146 http cache https://registry.npmjs.org/for-each 3ms (cache hit)
2147 silly packumentCache full:https://registry.npmjs.org/for-each set size:14327 disposed:true
2148 silly packumentCache full:https://registry.npmjs.org/for-each dispose
2149 silly placeDep ROOT possible-typed-array-names@1.1.0 OK for: available-typed-arrays@1.0.7 want: ^1.0.0
2150 silly placeDep ROOT has-tostringtag@1.0.2 OK for: es-set-tostringtag@2.1.0 want: ^1.0.2
2151 silly placeDep ROOT is-date-object@1.1.0 OK for: es-to-primitive@1.3.0 want: ^1.0.5
2152 silly placeDep ROOT is-symbol@1.1.1 OK for: es-to-primitive@1.3.0 want: ^1.0.4
2153 silly placeDep node_modules/eslint-module-utils debug@3.2.7 OK for: eslint-module-utils@2.12.1 want: ^3.2.7
2154 silly placeDep ROOT aria-query@5.3.2 OK for: eslint-plugin-jsx-a11y@6.10.2 want: ^5.3.2
2155 silly placeDep ROOT ast-types-flow@0.0.8 OK for: eslint-plugin-jsx-a11y@6.10.2 want: ^0.0.8
2156 silly placeDep ROOT axe-core@4.11.1 OK for: eslint-plugin-jsx-a11y@6.10.2 want: ^4.10.0
2157 silly placeDep ROOT axobject-query@4.1.0 OK for: eslint-plugin-jsx-a11y@6.10.2 want: ^4.1.0
2158 silly placeDep ROOT damerau-levenshtein@1.0.8 OK for: eslint-plugin-jsx-a11y@6.10.2 want: ^1.0.8
2159 silly placeDep ROOT emoji-regex@9.2.2 OK for: eslint-plugin-jsx-a11y@6.10.2 want: ^9.2.2
2160 silly placeDep ROOT jsx-ast-utils@3.3.5 OK for: eslint-plugin-jsx-a11y@6.10.2 want: ^3.3.5
2161 silly placeDep ROOT language-tags@1.0.9 OK for: eslint-plugin-jsx-a11y@6.10.2 want: ^1.0.9
2162 silly placeDep ROOT string.prototype.includes@2.0.1 OK for: eslint-plugin-jsx-a11y@6.10.2 want: ^2.0.1
2163 silly fetch manifest language-subtag-registry@^0.3.20
2164 silly packumentCache full:https://registry.npmjs.org/language-subtag-registry cache-miss
2165 http cache https://registry.npmjs.org/language-subtag-registry 2ms (cache hit)
2166 silly packumentCache full:https://registry.npmjs.org/language-subtag-registry set size:46437 disposed:false
2167 silly placeDep ROOT array.prototype.findlast@1.2.5 OK for: eslint-plugin-react@7.37.5 want: ^1.2.5
2168 silly placeDep ROOT array.prototype.tosorted@1.1.4 OK for: eslint-plugin-react@7.37.5 want: ^1.1.4
2169 silly placeDep ROOT es-iterator-helpers@1.2.2 OK for: eslint-plugin-react@7.37.5 want: ^1.2.1
2170 silly placeDep ROOT estraverse@5.3.0 OK for: eslint-plugin-react@7.37.5 want: ^5.3.0
2171 silly placeDep ROOT object.entries@1.1.9 OK for: eslint-plugin-react@7.37.5 want: ^1.1.9
2172 silly placeDep ROOT prop-types@15.8.1 OK for: eslint-plugin-react@7.37.5 want: ^15.8.1
2173 silly placeDep node_modules/eslint-plugin-react resolve@2.0.0-next.5 OK for: eslint-plugin-react@7.37.5 want: ^2.0.0-next.5
2174 silly placeDep ROOT string.prototype.matchall@4.0.12 OK for: eslint-plugin-react@7.37.5 want: ^4.0.12
2175 silly placeDep ROOT string.prototype.repeat@1.0.0 OK for: eslint-plugin-react@7.37.5 want: ^1.0.0
2176 silly fetch manifest iterator.prototype@^1.1.5
2177 silly packumentCache full:https://registry.npmjs.org/iterator.prototype cache-miss
2178 silly fetch manifest loose-envify@^1.4.0
2179 silly packumentCache full:https://registry.npmjs.org/loose-envify cache-miss
2180 silly fetch manifest object-assign@^4.1.1
2181 silly packumentCache full:https://registry.npmjs.org/object-assign cache-miss
2182 silly fetch manifest react-is@^16.13.1
2183 silly packumentCache full:https://registry.npmjs.org/react-is cache-miss
2184 http cache https://registry.npmjs.org/iterator.prototype 3ms (cache hit)
2185 silly packumentCache full:https://registry.npmjs.org/iterator.prototype set size:26870 disposed:false
2186 http cache https://registry.npmjs.org/loose-envify 3ms (cache hit)
2187 silly packumentCache full:https://registry.npmjs.org/loose-envify set size:12559 disposed:false
2188 http cache https://registry.npmjs.org/object-assign 3ms (cache hit)
2189 silly packumentCache full:https://registry.npmjs.org/object-assign set size:28988 disposed:false
2190 http cache https://registry.npmjs.org/react-is 9ms (cache hit)
2191 silly packumentCache full:https://registry.npmjs.org/react-is set size:5237416 disposed:false
2192 silly placeDep ROOT iterator.prototype@1.1.5 OK for: es-iterator-helpers@1.2.2 want: ^1.1.5
2193 silly placeDep ROOT @babel/core@7.29.0 OK for: eslint-plugin-react-hooks@7.0.1 want: ^7.24.4
2194 silly placeDep ROOT @babel/parser@7.29.0 OK for: eslint-plugin-react-hooks@7.0.1 want: ^7.24.4
2195 silly placeDep ROOT hermes-parser@0.25.1 OK for: eslint-plugin-react-hooks@7.0.1 want: ^0.25.1
2196 silly placeDep ROOT zod@4.3.6 OK for: eslint-plugin-react-hooks@7.0.1 want: ^3.25.0 || ^4.0.0
2197 silly placeDep ROOT zod-validation-error@4.0.2 OK for: eslint-plugin-react-hooks@7.0.1 want: ^3.5.0 || ^4.0.0
2198 silly fetch manifest json5@^2.2.3
2199 silly packumentCache full:https://registry.npmjs.org/json5 cache-hit
2200 silly fetch manifest gensync@^1.0.0-beta.2
2201 silly packumentCache full:https://registry.npmjs.org/gensync cache-miss
2202 silly fetch manifest @babel/types@^7.29.0
2203 silly packumentCache full:https://registry.npmjs.org/@babel%2ftypes cache-miss
2204 silly fetch manifest @babel/parser@^7.29.0
2205 silly packumentCache full:https://registry.npmjs.org/@babel%2fparser cache-hit
2206 silly fetch manifest @babel/helpers@^7.28.6
2207 silly packumentCache full:https://registry.npmjs.org/@babel%2fhelpers cache-miss
2208 silly fetch manifest @babel/template@^7.28.6
2209 silly packumentCache full:https://registry.npmjs.org/@babel%2ftemplate cache-miss
2210 silly fetch manifest @babel/traverse@^7.29.0
2211 silly packumentCache full:https://registry.npmjs.org/@babel%2ftraverse cache-miss
2212 silly fetch manifest @babel/generator@^7.29.0
2213 silly packumentCache full:https://registry.npmjs.org/@babel%2fgenerator cache-miss
2214 silly fetch manifest @babel/code-frame@^7.29.0
2215 silly packumentCache full:https://registry.npmjs.org/@babel%2fcode-frame cache-miss
2216 silly fetch manifest convert-source-map@^2.0.0
2217 silly packumentCache full:https://registry.npmjs.org/convert-source-map cache-miss
2218 silly fetch manifest @babel/helper-module-transforms@^7.28.6
2219 silly packumentCache full:https://registry.npmjs.org/@babel%2fhelper-module-transforms cache-miss
2220 http cache https://registry.npmjs.org/@babel%2fcode-frame 10ms (cache hit)
2221 silly packumentCache full:https://registry.npmjs.org/@babel%2fcode-frame set size:192156 disposed:false
2222 silly fetch manifest @babel/helper-compilation-targets@^7.28.6
2223 silly packumentCache full:https://registry.npmjs.org/@babel%2fhelper-compilation-targets cache-miss
2224 http cache https://registry.npmjs.org/@babel%2fhelpers 12ms (cache hit)
2225 silly packumentCache full:https://registry.npmjs.org/@babel%2fhelpers set size:382529 disposed:false
2226 silly fetch manifest @babel/types@^7.29.0
2227 silly packumentCache full:https://registry.npmjs.org/@babel%2ftypes cache-miss
2228 http cache https://registry.npmjs.org/@babel%2ftemplate 13ms (cache hit)
2229 silly packumentCache full:https://registry.npmjs.org/@babel%2ftemplate set size:223320 disposed:false
2230 silly fetch manifest hermes-estree@0.25.1
2231 silly packumentCache full:https://registry.npmjs.org/hermes-estree cache-miss
2232 http cache https://registry.npmjs.org/@babel%2fgenerator 14ms (cache hit)
2233 silly packumentCache full:https://registry.npmjs.org/@babel%2fgenerator set size:502715 disposed:false
2234 http cache https://registry.npmjs.org/@babel%2ftypes 17ms (cache hit)
2235 silly packumentCache full:https://registry.npmjs.org/@babel%2ftypes set size:483793 disposed:false
2236 http cache https://registry.npmjs.org/gensync 19ms (cache hit)
2237 silly packumentCache full:https://registry.npmjs.org/gensync set size:15068 disposed:false
2238 http cache https://registry.npmjs.org/@babel%2ftraverse 18ms (cache hit)
2239 silly packumentCache full:https://registry.npmjs.org/@babel%2ftraverse set size:544276 disposed:false
2240 http cache https://registry.npmjs.org/convert-source-map 19ms (cache hit)
2241 silly packumentCache full:https://registry.npmjs.org/convert-source-map set size:66997 disposed:false
2242 http cache https://registry.npmjs.org/@babel%2fhelper-module-transforms 20ms (cache hit)
2243 silly packumentCache full:https://registry.npmjs.org/@babel%2fhelper-module-transforms set size:329394 disposed:false
2244 http cache https://registry.npmjs.org/@babel%2ftypes 12ms (cache hit)
2245 silly packumentCache full:https://registry.npmjs.org/@babel%2ftypes set size:483793 disposed:false
2246 silly packumentCache full:https://registry.npmjs.org/@babel%2ftypes dispose
2247 http cache https://registry.npmjs.org/@babel%2fhelper-compilation-targets 14ms (cache hit)
2248 silly packumentCache full:https://registry.npmjs.org/@babel%2fhelper-compilation-targets set size:214610 disposed:false
2249 http cache https://registry.npmjs.org/hermes-estree 12ms (cache hit)
2250 silly packumentCache full:https://registry.npmjs.org/hermes-estree set size:121216 disposed:false
2251 silly fetch manifest @babel/core@^7.0.0
2252 silly packumentCache full:https://registry.npmjs.org/@babel%2fcore cache-hit
2253 silly placeDep ROOT @babel/code-frame@7.29.0 OK for: @babel/core@7.29.0 want: ^7.29.0
2254 silly placeDep ROOT @babel/generator@7.29.1 OK for: @babel/core@7.29.0 want: ^7.29.0
2255 silly placeDep ROOT @babel/helper-compilation-targets@7.28.6 OK for: @babel/core@7.29.0 want: ^7.28.6
2256 silly placeDep ROOT @babel/helper-module-transforms@7.28.6 OK for: @babel/core@7.29.0 want: ^7.28.6
2257 silly placeDep ROOT @babel/helpers@7.28.6 OK for: @babel/core@7.29.0 want: ^7.28.6
2258 silly placeDep ROOT @babel/template@7.28.6 OK for: @babel/core@7.29.0 want: ^7.28.6
2259 silly placeDep ROOT @babel/traverse@7.29.0 OK for: @babel/core@7.29.0 want: ^7.29.0
2260 silly placeDep ROOT @babel/types@7.29.0 OK for: @babel/core@7.29.0 want: ^7.29.0
2261 silly placeDep ROOT convert-source-map@2.0.0 OK for: @babel/core@7.29.0 want: ^2.0.0
2262 silly placeDep ROOT gensync@1.0.0-beta.2 OK for: @babel/core@7.29.0 want: ^1.0.0-beta.2
2263 silly placeDep ROOT json5@2.2.3 OK for: @babel/core@7.29.0 want: ^2.2.3
2264 silly fetch manifest js-tokens@^4.0.0
2265 silly packumentCache full:https://registry.npmjs.org/js-tokens cache-miss
2266 silly fetch manifest @babel/helper-validator-identifier@^7.28.5
2267 silly packumentCache full:https://registry.npmjs.org/@babel%2fhelper-validator-identifier cache-miss
2268 silly fetch manifest jsesc@^3.0.2
2269 silly packumentCache full:https://registry.npmjs.org/jsesc cache-miss
2270 silly fetch manifest lru-cache@^5.1.1
2271 silly packumentCache full:https://registry.npmjs.org/lru-cache cache-miss
2272 silly fetch manifest browserslist@^4.24.0
2273 silly packumentCache full:https://registry.npmjs.org/browserslist cache-miss
2274 silly fetch manifest @babel/compat-data@^7.28.6
2275 silly packumentCache full:https://registry.npmjs.org/@babel%2fcompat-data cache-miss
2276 silly fetch manifest @babel/helper-validator-option@^7.27.1
2277 silly packumentCache full:https://registry.npmjs.org/@babel%2fhelper-validator-option cache-miss
2278 silly fetch manifest @babel/traverse@^7.28.6
2279 silly packumentCache full:https://registry.npmjs.org/@babel%2ftraverse cache-hit
2280 silly fetch manifest @babel/helper-module-imports@^7.28.6
2281 silly packumentCache full:https://registry.npmjs.org/@babel%2fhelper-module-imports cache-miss
2282 silly fetch manifest @babel/helper-validator-identifier@^7.28.5
2283 silly packumentCache full:https://registry.npmjs.org/@babel%2fhelper-validator-identifier cache-miss
2284 http cache https://registry.npmjs.org/js-tokens 4ms (cache hit)
2285 silly packumentCache full:https://registry.npmjs.org/js-tokens set size:41947 disposed:false
2286 silly fetch manifest @babel/types@^7.28.6
2287 silly packumentCache full:https://registry.npmjs.org/@babel%2ftypes cache-hit
2288 silly fetch manifest @babel/helper-globals@^7.28.0
2289 silly packumentCache full:https://registry.npmjs.org/@babel%2fhelper-globals cache-miss
2290 http cache https://registry.npmjs.org/jsesc 5ms (cache hit)
2291 silly packumentCache full:https://registry.npmjs.org/jsesc set size:61512 disposed:false
2292 silly fetch manifest @babel/helper-string-parser@^7.27.1
2293 silly packumentCache full:https://registry.npmjs.org/@babel%2fhelper-string-parser cache-miss
2294 http cache https://registry.npmjs.org/@babel%2fhelper-validator-identifier 4ms (cache hit)
2295 silly packumentCache full:https://registry.npmjs.org/@babel%2fhelper-validator-identifier set size:112652 disposed:false
2296 http cache https://registry.npmjs.org/@babel%2fhelper-validator-identifier 6ms (cache hit)
2297 silly packumentCache full:https://registry.npmjs.org/@babel%2fhelper-validator-identifier set size:112652 disposed:false
2298 silly packumentCache full:https://registry.npmjs.org/@babel%2fhelper-validator-identifier dispose
2299 http cache https://registry.npmjs.org/@babel%2fhelper-validator-option 7ms (cache hit)
2300 silly packumentCache full:https://registry.npmjs.org/@babel%2fhelper-validator-option set size:88810 disposed:false
2301 http cache https://registry.npmjs.org/@babel%2fcompat-data 7ms (cache hit)
2302 silly packumentCache full:https://registry.npmjs.org/@babel%2fcompat-data set size:301445 disposed:false
2303 http cache https://registry.npmjs.org/lru-cache 9ms (cache hit)
2304 silly packumentCache full:https://registry.npmjs.org/lru-cache set size:410669 disposed:false
2305 http cache https://registry.npmjs.org/@babel%2fhelper-module-imports 11ms (cache hit)
2306 silly packumentCache full:https://registry.npmjs.org/@babel%2fhelper-module-imports set size:189601 disposed:false
2307 http cache https://registry.npmjs.org/browserslist 14ms (cache hit)
2308 silly packumentCache full:https://registry.npmjs.org/browserslist set size:502989 disposed:false
2309 http cache https://registry.npmjs.org/@babel%2fhelper-globals 13ms (cache hit)
2310 silly packumentCache full:https://registry.npmjs.org/@babel%2fhelper-globals set size:11775 disposed:false
2311 http cache https://registry.npmjs.org/@babel%2fhelper-string-parser 13ms (cache hit)
2312 silly packumentCache full:https://registry.npmjs.org/@babel%2fhelper-string-parser set size:78394 disposed:false
2313 silly placeDep ROOT @babel/helper-validator-identifier@7.28.5 OK for: @babel/code-frame@7.29.0 want: ^7.28.5
2314 silly placeDep ROOT js-tokens@4.0.0 OK for: @babel/code-frame@7.29.0 want: ^4.0.0
2315 silly placeDep ROOT picocolors@1.1.1 OK for: @babel/code-frame@7.29.0 want: ^1.1.1
2316 silly placeDep ROOT jsesc@3.1.0 OK for: @babel/generator@7.29.1 want: ^3.0.2
2317 silly placeDep ROOT @babel/compat-data@7.29.0 OK for: @babel/helper-compilation-targets@7.28.6 want: ^7.28.6
2318 silly placeDep ROOT @babel/helper-validator-option@7.27.1 OK for: @babel/helper-compilation-targets@7.28.6 want: ^7.27.1
2319 silly placeDep ROOT browserslist@4.28.1 OK for: @babel/helper-compilation-targets@7.28.6 want: ^4.24.0
2320 silly placeDep ROOT lru-cache@5.1.1 OK for: @babel/helper-compilation-targets@7.28.6 want: ^5.1.1
2321 silly fetch manifest baseline-browser-mapping@^2.9.0
2322 silly packumentCache full:https://registry.npmjs.org/baseline-browser-mapping cache-miss
2323 silly fetch manifest caniuse-lite@^1.0.30001759
2324 silly packumentCache full:https://registry.npmjs.org/caniuse-lite cache-miss
2325 silly fetch manifest electron-to-chromium@^1.5.263
2326 silly packumentCache full:https://registry.npmjs.org/electron-to-chromium cache-miss
2327 silly fetch manifest node-releases@^2.0.27
2328 silly packumentCache full:https://registry.npmjs.org/node-releases cache-miss
2329 silly fetch manifest update-browserslist-db@^1.2.0
2330 silly packumentCache full:https://registry.npmjs.org/update-browserslist-db cache-miss
2331 silly fetch manifest yallist@^3.0.2
2332 silly packumentCache full:https://registry.npmjs.org/yallist cache-miss
2333 http cache https://registry.npmjs.org/caniuse-lite 6ms (cache hit)
2334 silly packumentCache full:https://registry.npmjs.org/caniuse-lite set size:2252610 disposed:false
2335 http cache https://registry.npmjs.org/update-browserslist-db 12ms (cache hit)
2336 silly packumentCache full:https://registry.npmjs.org/update-browserslist-db set size:62000 disposed:false
2337 http cache https://registry.npmjs.org/electron-to-chromium 17ms (cache hit)
2338 silly packumentCache full:https://registry.npmjs.org/electron-to-chromium set size:4718058 disposed:false
2339 http cache https://registry.npmjs.org/baseline-browser-mapping 33ms (cache hit)
2340 silly packumentCache full:https://registry.npmjs.org/baseline-browser-mapping set size:385813 disposed:false
2341 http cache https://registry.npmjs.org/node-releases 34ms (cache hit)
2342 silly packumentCache full:https://registry.npmjs.org/node-releases set size:269192 disposed:false
2343 http cache https://registry.npmjs.org/yallist 34ms (cache hit)
2344 silly packumentCache full:https://registry.npmjs.org/yallist set size:34610 disposed:false
2345 silly placeDep ROOT @babel/helper-module-imports@7.28.6 OK for: @babel/helper-module-transforms@7.28.6 want: ^7.28.6
2346 silly placeDep ROOT @babel/helper-globals@7.28.0 OK for: @babel/traverse@7.29.0 want: ^7.28.0
2347 silly placeDep ROOT @babel/helper-string-parser@7.27.1 OK for: @babel/types@7.29.0 want: ^7.27.1
2348 silly fetch manifest browserslist@>= 4.21.0
2349 silly packumentCache full:https://registry.npmjs.org/browserslist cache-hit
2350 silly placeDep ROOT baseline-browser-mapping@2.9.19 OK for: browserslist@4.28.1 want: ^2.9.0
2351 silly placeDep ROOT caniuse-lite@1.0.30001769 OK for: browserslist@4.28.1 want: ^1.0.30001759
2352 silly placeDep ROOT electron-to-chromium@1.5.286 OK for: browserslist@4.28.1 want: ^1.5.263
2353 silly placeDep ROOT node-releases@2.0.27 OK for: browserslist@4.28.1 want: ^2.0.27
2354 silly placeDep ROOT update-browserslist-db@1.2.3 OK for: browserslist@4.28.1 want: ^1.2.0
2355 silly fetch manifest escalade@^3.2.0
2356 silly packumentCache full:https://registry.npmjs.org/escalade cache-miss
2357 http cache https://registry.npmjs.org/escalade 2ms (cache hit)
2358 silly packumentCache full:https://registry.npmjs.org/escalade set size:33724 disposed:false
2359 silly placeDep ROOT esrecurse@4.3.0 OK for: eslint-scope@8.4.0 want: ^4.3.0
2360 silly placeDep ROOT acorn@8.15.0 OK for: espree@10.4.0 want: ^8.15.0
2361 silly placeDep ROOT acorn-jsx@5.3.2 OK for: espree@10.4.0 want: ^5.3.2
2362 silly placeDep ROOT @nodelib/fs.stat@2.0.5 OK for: fast-glob@3.3.1 want: ^2.0.2
2363 silly placeDep ROOT @nodelib/fs.walk@1.2.8 OK for: fast-glob@3.3.1 want: ^1.2.3
2364 silly placeDep node_modules/fast-glob glob-parent@5.1.2 OK for: fast-glob@3.3.1 want: ^5.1.2
2365 silly placeDep ROOT merge2@1.4.1 OK for: fast-glob@3.3.1 want: ^1.3.0
2366 silly placeDep ROOT micromatch@4.0.8 OK for: fast-glob@3.3.1 want: ^4.0.4
2367 silly fetch manifest fastq@^1.6.0
2368 silly packumentCache full:https://registry.npmjs.org/fastq cache-miss
2369 silly fetch manifest @nodelib/fs.scandir@2.1.5
2370 silly packumentCache full:https://registry.npmjs.org/@nodelib%2ffs.scandir cache-miss
2371 silly fetch manifest braces@^3.0.3
2372 silly packumentCache full:https://registry.npmjs.org/braces cache-miss
2373 silly fetch manifest picomatch@^2.3.1
2374 silly packumentCache full:https://registry.npmjs.org/picomatch cache-hit
2375 http cache https://registry.npmjs.org/fastq 3ms (cache hit)
2376 silly packumentCache full:https://registry.npmjs.org/fastq set size:78301 disposed:false
2377 http cache https://registry.npmjs.org/braces 3ms (cache hit)
2378 silly packumentCache full:https://registry.npmjs.org/braces set size:114529 disposed:false
2379 http cache https://registry.npmjs.org/@nodelib%2ffs.scandir 4ms (cache hit)
2380 silly packumentCache full:https://registry.npmjs.org/@nodelib%2ffs.scandir set size:49256 disposed:false
2381 silly placeDep ROOT @nodelib/fs.scandir@2.1.5 OK for: @nodelib/fs.walk@1.2.8 want: 2.1.5
2382 silly placeDep ROOT fastq@1.20.1 OK for: @nodelib/fs.walk@1.2.8 want: ^1.6.0
2383 silly fetch manifest run-parallel@^1.1.9
2384 silly packumentCache full:https://registry.npmjs.org/run-parallel cache-miss
2385 silly fetch manifest reusify@^1.0.4
2386 silly packumentCache full:https://registry.npmjs.org/reusify cache-miss
2387 http cache https://registry.npmjs.org/run-parallel 1ms (cache hit)
2388 silly packumentCache full:https://registry.npmjs.org/run-parallel set size:35172 disposed:false
2389 http cache https://registry.npmjs.org/reusify 2ms (cache hit)
2390 silly packumentCache full:https://registry.npmjs.org/reusify set size:14249 disposed:false
2391 silly placeDep ROOT run-parallel@1.2.0 OK for: @nodelib/fs.scandir@2.1.5 want: ^1.1.9
2392 silly fetch manifest queue-microtask@^1.2.2
2393 silly packumentCache full:https://registry.npmjs.org/queue-microtask cache-miss
2394 http cache https://registry.npmjs.org/queue-microtask 2ms (cache hit)
2395 silly packumentCache full:https://registry.npmjs.org/queue-microtask set size:36088 disposed:false
2396 silly placeDep ROOT reusify@1.1.0 OK for: fastq@1.20.1 want: ^1.0.4
2397 silly placeDep ROOT flat-cache@4.0.1 OK for: file-entry-cache@8.0.0 want: ^4.0.0
2398 silly fetch manifest keyv@^4.5.4
2399 silly packumentCache full:https://registry.npmjs.org/keyv cache-miss
2400 silly fetch manifest flatted@^3.2.9
2401 silly packumentCache full:https://registry.npmjs.org/flatted cache-miss
2402 http cache https://registry.npmjs.org/keyv 1ms (cache hit)
2403 silly packumentCache full:https://registry.npmjs.org/keyv set size:235223 disposed:false
2404 http cache https://registry.npmjs.org/flatted 3ms (cache hit)
2405 silly packumentCache full:https://registry.npmjs.org/flatted set size:126610 disposed:false
2406 silly placeDep ROOT locate-path@6.0.0 OK for: find-up@5.0.0 want: ^6.0.0
2407 silly placeDep ROOT path-exists@4.0.0 OK for: find-up@5.0.0 want: ^4.0.0
2408 silly fetch manifest p-locate@^5.0.0
2409 silly packumentCache full:https://registry.npmjs.org/p-locate cache-miss
2410 http cache https://registry.npmjs.org/p-locate 1ms (cache hit)
2411 silly packumentCache full:https://registry.npmjs.org/p-locate set size:22488 disposed:false
2412 silly placeDep ROOT flatted@3.3.3 OK for: flat-cache@4.0.1 want: ^3.2.9
2413 silly placeDep ROOT keyv@4.5.4 OK for: flat-cache@4.0.1 want: ^4.5.4
2414 silly fetch manifest json-buffer@3.0.1
2415 silly packumentCache full:https://registry.npmjs.org/json-buffer cache-miss
2416 http cache https://registry.npmjs.org/json-buffer 1ms (cache hit)
2417 silly packumentCache full:https://registry.npmjs.org/json-buffer set size:23474 disposed:false
2418 silly placeDep ROOT motion-dom@12.33.0 OK for: framer-motion@12.33.0 want: ^12.33.0
2419 silly placeDep ROOT motion-utils@12.29.2 OK for: framer-motion@12.33.0 want: ^12.29.2
2420 silly placeDep ROOT functions-have-names@1.2.3 OK for: function.prototype.name@1.1.8 want: ^1.2.3
2421 silly placeDep ROOT dunder-proto@1.0.1 OK for: get-proto@1.0.1 want: ^1.0.1
2422 silly placeDep ROOT resolve-pkg-maps@1.0.0 OK for: get-tsconfig@4.13.6 want: ^1.0.0
2423 silly placeDep ROOT hermes-estree@0.25.1 OK for: hermes-parser@0.25.1 want: 0.25.1
2424 silly placeDep ROOT parent-module@1.0.1 OK for: import-fresh@3.3.1 want: ^1.0.0
2425 silly placeDep ROOT resolve-from@4.0.0 OK for: import-fresh@3.3.1 want: ^4.0.0
2426 silly fetch manifest callsites@^3.0.0
2427 silly packumentCache full:https://registry.npmjs.org/callsites cache-miss
2428 http cache https://registry.npmjs.org/callsites 1ms (cache hit)
2429 silly packumentCache full:https://registry.npmjs.org/callsites set size:21349 disposed:false
2430 silly placeDep ROOT side-channel@1.1.0 OK for: internal-slot@1.1.0 want: ^1.1.0
2431 silly fetch manifest side-channel-list@^1.0.0
2432 silly packumentCache full:https://registry.npmjs.org/side-channel-list cache-miss
2433 silly fetch manifest side-channel-map@^1.0.1
2434 silly packumentCache full:https://registry.npmjs.org/side-channel-map cache-miss
2435 silly fetch manifest side-channel-weakmap@^1.0.2
2436 silly packumentCache full:https://registry.npmjs.org/side-channel-weakmap cache-miss
2437 http cache https://registry.npmjs.org/side-channel-map 2ms (cache hit)
2438 silly packumentCache full:https://registry.npmjs.org/side-channel-map set size:9126 disposed:false
2439 http cache https://registry.npmjs.org/side-channel-weakmap 2ms (cache hit)
2440 silly packumentCache full:https://registry.npmjs.org/side-channel-weakmap set size:12620 disposed:false
2441 http cache https://registry.npmjs.org/side-channel-list 2ms (cache hit)
2442 silly packumentCache full:https://registry.npmjs.org/side-channel-list set size:6005 disposed:false
2443 silly placeDep node_modules/is-bun-module semver@7.7.4 OK for: is-bun-module@2.0.0 want: ^7.7.1
2444 silly placeDep ROOT is-extglob@2.1.1 OK for: is-glob@4.0.3 want: ^2.1.1
2445 silly placeDep ROOT set-function-name@2.0.2 OK for: iterator.prototype@1.1.5 want: ^2.0.2
2446 silly placeDep ROOT argparse@2.0.1 OK for: js-yaml@4.1.1 want: ^2.0.1
2447 silly placeDep ROOT json-buffer@3.0.1 OK for: keyv@4.5.4 want: 3.0.1
2448 silly placeDep ROOT language-subtag-registry@0.3.23 OK for: language-tags@1.0.9 want: ^0.3.20
2449 silly placeDep ROOT prelude-ls@1.2.1 OK for: levn@0.4.1 want: ^1.2.1
2450 silly placeDep ROOT type-check@0.4.0 OK for: levn@0.4.1 want: ~0.4.0
2451 silly placeDep ROOT detect-libc@2.1.2 OK for: lightningcss@1.30.2 want: ^2.0.3
2452 silly placeDep ROOT lightningcss-android-arm64@1.30.2 OK for: lightningcss@1.30.2 want: 1.30.2
2453 silly placeDep ROOT lightningcss-darwin-arm64@1.30.2 OK for: lightningcss@1.30.2 want: 1.30.2
2454 silly placeDep ROOT lightningcss-darwin-x64@1.30.2 OK for: lightningcss@1.30.2 want: 1.30.2
2455 silly placeDep ROOT lightningcss-freebsd-x64@1.30.2 OK for: lightningcss@1.30.2 want: 1.30.2
2456 silly placeDep ROOT lightningcss-linux-arm-gnueabihf@1.30.2 OK for: lightningcss@1.30.2 want: 1.30.2
2457 silly placeDep ROOT lightningcss-linux-arm64-gnu@1.30.2 OK for: lightningcss@1.30.2 want: 1.30.2
2458 silly placeDep ROOT lightningcss-linux-arm64-musl@1.30.2 OK for: lightningcss@1.30.2 want: 1.30.2
2459 silly placeDep ROOT lightningcss-linux-x64-gnu@1.30.2 OK for: lightningcss@1.30.2 want: 1.30.2
2460 silly placeDep ROOT lightningcss-linux-x64-musl@1.30.2 OK for: lightningcss@1.30.2 want: 1.30.2
2461 silly placeDep ROOT lightningcss-win32-arm64-msvc@1.30.2 OK for: lightningcss@1.30.2 want: 1.30.2
2462 silly placeDep ROOT lightningcss-win32-x64-msvc@1.30.2 OK for: lightningcss@1.30.2 want: 1.30.2
2463 silly placeDep ROOT p-locate@5.0.0 OK for: locate-path@6.0.0 want: ^5.0.0
2464 silly fetch manifest p-limit@^3.0.2
2465 silly packumentCache full:https://registry.npmjs.org/p-limit cache-miss
2466 http cache https://registry.npmjs.org/p-limit 1ms (cache hit)
2467 silly packumentCache full:https://registry.npmjs.org/p-limit set size:61867 disposed:false
2468 silly placeDep ROOT yallist@3.1.1 OK for: lru-cache@5.1.1 want: ^3.0.2
2469 silly placeDep ROOT braces@3.0.3 OK for: micromatch@4.0.8 want: ^3.0.3
2470 silly placeDep ROOT picomatch@2.3.1 OK for: micromatch@4.0.8 want: ^2.3.1
2471 silly fetch manifest fill-range@^7.1.1
2472 silly packumentCache full:https://registry.npmjs.org/fill-range cache-miss
2473 http cache https://registry.npmjs.org/fill-range 1ms (cache hit)
2474 silly packumentCache full:https://registry.npmjs.org/fill-range set size:90212 disposed:false
2475 silly placeDep ROOT fill-range@7.1.1 OK for: braces@3.0.3 want: ^7.1.1
2476 silly fetch manifest to-regex-range@^5.0.1
2477 silly packumentCache full:https://registry.npmjs.org/to-regex-range cache-miss
2478 http cache https://registry.npmjs.org/to-regex-range 2ms (cache hit)
2479 silly packumentCache full:https://registry.npmjs.org/to-regex-range set size:61569 disposed:false
2480 silly placeDep ROOT to-regex-range@5.0.1 OK for: fill-range@7.1.1 want: ^5.0.1
2481 silly fetch manifest is-number@^7.0.0
2482 silly packumentCache full:https://registry.npmjs.org/is-number cache-miss
2483 http cache https://registry.npmjs.org/is-number 1ms (cache hit)
2484 silly packumentCache full:https://registry.npmjs.org/is-number set size:36183 disposed:false
2485 silly placeDep ROOT brace-expansion@1.1.12 OK for: minimatch@3.1.2 want: ^1.1.7
2486 silly fetch manifest balanced-match@^1.0.0
2487 silly packumentCache full:https://registry.npmjs.org/balanced-match cache-miss
2488 silly fetch manifest concat-map@0.0.1
2489 silly packumentCache full:https://registry.npmjs.org/concat-map cache-miss
2490 http cache https://registry.npmjs.org/concat-map 1ms (cache hit)
2491 silly packumentCache full:https://registry.npmjs.org/concat-map set size:9290 disposed:false
2492 http cache https://registry.npmjs.org/balanced-match 1ms (cache hit)
2493 silly packumentCache full:https://registry.npmjs.org/balanced-match set size:33860 disposed:false
2494 silly placeDep ROOT balanced-match@1.0.2 OK for: brace-expansion@1.1.12 want: ^1.0.0
2495 silly placeDep ROOT concat-map@0.0.1 OK for: brace-expansion@1.1.12 want: 0.0.1
2496 silly fetch manifest react@^18.2.0 || 19.0.0-rc-de68d2f4-20241204 || ^19.0.0
2497 silly packumentCache full:https://registry.npmjs.org/react cache-miss
2498 http cache https://registry.npmjs.org/react 6ms (cache hit)
2499 silly packumentCache full:https://registry.npmjs.org/react set size:6466562 disposed:false
2500 silly placeDep ROOT @next/env@16.0.10 OK for: next@16.0.10 want: 16.0.10
2501 silly placeDep ROOT @next/swc-darwin-arm64@16.0.10 OK for: next@16.0.10 want: 16.0.10
2502 silly placeDep ROOT @next/swc-darwin-x64@16.0.10 OK for: next@16.0.10 want: 16.0.10
2503 silly placeDep ROOT @next/swc-linux-arm64-gnu@16.0.10 OK for: next@16.0.10 want: 16.0.10
2504 silly placeDep ROOT @next/swc-linux-arm64-musl@16.0.10 OK for: next@16.0.10 want: 16.0.10
2505 silly placeDep ROOT @next/swc-linux-x64-gnu@16.0.10 OK for: next@16.0.10 want: 16.0.10
2506 silly placeDep ROOT @next/swc-linux-x64-musl@16.0.10 OK for: next@16.0.10 want: 16.0.10
2507 silly placeDep ROOT @next/swc-win32-arm64-msvc@16.0.10 OK for: next@16.0.10 want: 16.0.10
2508 silly placeDep ROOT @next/swc-win32-x64-msvc@16.0.10 OK for: next@16.0.10 want: 16.0.10
2509 silly placeDep ROOT @swc/helpers@0.5.15 OK for: next@16.0.10 want: 0.5.15
2510 silly placeDep node_modules/next postcss@8.4.31 OK for: next@16.0.10 want: 8.4.31
2511 silly placeDep ROOT styled-jsx@5.1.6 OK for: next@16.0.10 want: 5.1.6
2512 silly fetch manifest nanoid@^3.3.6
2513 silly packumentCache full:https://registry.npmjs.org/nanoid cache-hit
2514 silly fetch manifest client-only@0.0.1
2515 silly packumentCache full:https://registry.npmjs.org/client-only cache-miss
2516 http cache https://registry.npmjs.org/client-only 6ms (cache hit)
2517 silly packumentCache full:https://registry.npmjs.org/client-only set size:2750 disposed:false
2518 silly placeDep ROOT deep-is@0.1.4 OK for: optionator@0.9.4 want: ^0.1.3
2519 silly placeDep ROOT fast-levenshtein@2.0.6 OK for: optionator@0.9.4 want: ^2.0.6
2520 silly placeDep ROOT word-wrap@1.2.5 OK for: optionator@0.9.4 want: ^1.2.5
2521 silly placeDep ROOT p-limit@3.1.0 OK for: p-locate@5.0.0 want: ^3.0.2
2522 silly fetch manifest yocto-queue@^0.1.0
2523 silly packumentCache full:https://registry.npmjs.org/yocto-queue cache-miss
2524 http cache https://registry.npmjs.org/yocto-queue 3ms (cache hit)
2525 silly packumentCache full:https://registry.npmjs.org/yocto-queue set size:20256 disposed:false
2526 silly placeDep ROOT yocto-queue@0.1.0 OK for: p-limit@3.1.0 want: ^0.1.0
2527 silly placeDep ROOT callsites@3.1.0 OK for: parent-module@1.0.1 want: ^3.0.0
2528 silly fetch manifest pg@>=8.0
2529 silly packumentCache full:https://registry.npmjs.org/pg cache-hit
2530 silly placeDep ROOT pg-cloudflare@1.3.0 OK for: pg@8.18.0 want: ^1.3.0
2531 silly placeDep ROOT pg-connection-string@2.11.0 OK for: pg@8.18.0 want: ^2.11.0
2532 silly placeDep ROOT pg-pool@3.11.0 OK for: pg@8.18.0 want: ^3.11.0
2533 silly placeDep ROOT pgpass@1.0.5 OK for: pg@8.18.0 want: 1.0.5
2534 silly fetch manifest split2@^4.1.0
2535 silly packumentCache full:https://registry.npmjs.org/split2 cache-miss
2536 http cache https://registry.npmjs.org/split2 1ms (cache hit)
2537 silly packumentCache full:https://registry.npmjs.org/split2 set size:47438 disposed:false
2538 silly placeDep ROOT pg-int8@1.0.1 OK for: pg-types@2.2.0 want: 1.0.1
2539 silly placeDep ROOT postgres-array@2.0.0 OK for: pg-types@2.2.0 want: ~2.0.0
2540 silly placeDep ROOT postgres-bytea@1.0.1 OK for: pg-types@2.2.0 want: ~1.0.0
2541 silly placeDep ROOT postgres-date@1.0.7 OK for: pg-types@2.2.0 want: ~1.0.4
2542 silly placeDep ROOT postgres-interval@1.2.0 OK for: pg-types@2.2.0 want: ^1.1.0
2543 silly fetch manifest xtend@^4.0.0
2544 silly packumentCache full:https://registry.npmjs.org/xtend cache-miss
2545 http cache https://registry.npmjs.org/xtend 1ms (cache hit)
2546 silly packumentCache full:https://registry.npmjs.org/xtend set size:28314 disposed:false
2547 silly placeDep ROOT split2@4.2.0 OK for: pgpass@1.0.5 want: ^4.1.0
2548 silly placeDep ROOT fsevents@2.3.2 OK for: playwright@1.58.2 want: 2.3.2
2549 silly placeDep ROOT playwright-core@1.58.2 OK for: playwright@1.58.2 want: 1.58.2
2550 silly placeDep ROOT @types/liftoff@4.0.3 OK for: plop@4.0.5 want: ^4.0.3
2551 silly placeDep ROOT interpret@3.1.1 OK for: plop@4.0.5 want: ^3.1.1
2552 silly placeDep ROOT liftoff@5.0.1 OK for: plop@4.0.5 want: ^5.0.1
2553 silly placeDep ROOT nanospinner@1.2.2 OK for: plop@4.0.5 want: ^1.2.2
2554 silly placeDep ROOT node-plop@0.32.3 OK for: plop@4.0.5 want: ^0.32.3
2555 silly placeDep ROOT v8flags@4.0.1 OK for: plop@4.0.5 want: ^4.0.1
2556 silly fetch manifest @types/fined@*
2557 silly packumentCache full:https://registry.npmjs.org/@types%2ffined cache-miss
2558 silly fetch manifest extend@^3.0.2
2559 silly packumentCache full:https://registry.npmjs.org/extend cache-miss
2560 silly fetch manifest findup-sync@^5.0.0
2561 silly packumentCache full:https://registry.npmjs.org/findup-sync cache-miss
2562 silly fetch manifest fined@^2.0.0
2563 silly packumentCache full:https://registry.npmjs.org/fined cache-miss
2564 silly fetch manifest flagged-respawn@^2.0.0
2565 silly packumentCache full:https://registry.npmjs.org/flagged-respawn cache-miss
2566 silly fetch manifest is-plain-object@^5.0.0
2567 silly packumentCache full:https://registry.npmjs.org/is-plain-object cache-miss
2568 silly fetch manifest rechoir@^0.8.0
2569 silly packumentCache full:https://registry.npmjs.org/rechoir cache-miss
2570 silly fetch manifest @types/inquirer@^9.0.9
2571 silly packumentCache full:https://registry.npmjs.org/@types%2finquirer cache-miss
2572 silly fetch manifest @types/picomatch@^4.0.2
2573 silly packumentCache full:https://registry.npmjs.org/@types%2fpicomatch cache-miss
2574 http cache https://registry.npmjs.org/fined 4ms (cache hit)
2575 silly packumentCache full:https://registry.npmjs.org/fined set size:20527 disposed:false
2576 silly fetch manifest change-case@^5.4.4
2577 silly packumentCache full:https://registry.npmjs.org/change-case cache-miss
2578 http cache https://registry.npmjs.org/@types%2ffined 5ms (cache hit)
2579 silly packumentCache full:https://registry.npmjs.org/@types%2ffined set size:13281 disposed:false
2580 silly fetch manifest dlv@^1.1.3
2581 silly packumentCache full:https://registry.npmjs.org/dlv cache-miss
2582 http cache https://registry.npmjs.org/rechoir 5ms (cache hit)
2583 silly packumentCache full:https://registry.npmjs.org/rechoir set size:32264 disposed:false
2584 silly fetch manifest handlebars@^4.7.8
2585 silly packumentCache full:https://registry.npmjs.org/handlebars cache-miss
2586 http cache https://registry.npmjs.org/findup-sync 5ms (cache hit)
2587 silly packumentCache full:https://registry.npmjs.org/findup-sync set size:35694 disposed:false
2588 silly fetch manifest inquirer@^9.3.8
2589 silly packumentCache full:https://registry.npmjs.org/inquirer cache-miss
2590 http cache https://registry.npmjs.org/is-plain-object 6ms (cache hit)
2591 silly packumentCache full:https://registry.npmjs.org/is-plain-object set size:47016 disposed:false
2592 silly fetch manifest isbinaryfile@^5.0.6
2593 silly packumentCache full:https://registry.npmjs.org/isbinaryfile cache-miss
2594 http cache https://registry.npmjs.org/extend 7ms (cache hit)
2595 silly packumentCache full:https://registry.npmjs.org/extend set size:25974 disposed:false
2596 silly fetch manifest title-case@^4.3.2
2597 silly packumentCache full:https://registry.npmjs.org/title-case cache-miss
2598 http cache https://registry.npmjs.org/flagged-respawn 7ms (cache hit)
2599 silly packumentCache full:https://registry.npmjs.org/flagged-respawn set size:25861 disposed:false
2600 http cache https://registry.npmjs.org/@types%2fpicomatch 7ms (cache hit)
2601 silly packumentCache full:https://registry.npmjs.org/@types%2fpicomatch set size:36105 disposed:false
2602 http cache https://registry.npmjs.org/@types%2finquirer 8ms (cache hit)
2603 silly packumentCache full:https://registry.npmjs.org/@types%2finquirer set size:145611 disposed:false
2604 http cache https://registry.npmjs.org/isbinaryfile 4ms (cache hit)
2605 silly packumentCache full:https://registry.npmjs.org/isbinaryfile set size:84537 disposed:false
2606 http cache https://registry.npmjs.org/dlv 6ms (cache hit)
2607 silly packumentCache full:https://registry.npmjs.org/dlv set size:16709 disposed:false
2608 http cache https://registry.npmjs.org/handlebars 7ms (cache hit)
2609 silly packumentCache full:https://registry.npmjs.org/handlebars set size:339088 disposed:false
2610 http cache https://registry.npmjs.org/change-case 8ms (cache hit)
2611 silly packumentCache full:https://registry.npmjs.org/change-case set size:94466 disposed:false
2612 http cache https://registry.npmjs.org/inquirer 9ms (cache hit)
2613 silly packumentCache full:https://registry.npmjs.org/inquirer set size:590394 disposed:false
2614 http cache https://registry.npmjs.org/title-case 10ms (cache hit)
2615 silly packumentCache full:https://registry.npmjs.org/title-case set size:48669 disposed:false
2616 silly placeDep ROOT @types/fined@1.1.5 OK for: @types/liftoff@4.0.3 want: *
2617 silly placeDep ROOT extend@3.0.2 OK for: liftoff@5.0.1 want: ^3.0.2
2618 silly placeDep ROOT findup-sync@5.0.0 OK for: liftoff@5.0.1 want: ^5.0.0
2619 silly placeDep ROOT fined@2.0.0 OK for: liftoff@5.0.1 want: ^2.0.0
2620 silly placeDep ROOT flagged-respawn@2.0.0 OK for: liftoff@5.0.1 want: ^2.0.0
2621 silly placeDep ROOT is-plain-object@5.0.0 OK for: liftoff@5.0.1 want: ^5.0.0
2622 silly placeDep ROOT rechoir@0.8.0 OK for: liftoff@5.0.1 want: ^0.8.0
2623 silly fetch manifest detect-file@^1.0.0
2624 silly packumentCache full:https://registry.npmjs.org/detect-file cache-miss
2625 silly fetch manifest resolve-dir@^1.0.1
2626 silly packumentCache full:https://registry.npmjs.org/resolve-dir cache-miss
2627 silly fetch manifest expand-tilde@^2.0.2
2628 silly packumentCache full:https://registry.npmjs.org/expand-tilde cache-miss
2629 silly fetch manifest object.defaults@^1.1.0
2630 silly packumentCache full:https://registry.npmjs.org/object.defaults cache-miss
2631 silly fetch manifest object.pick@^1.3.0
2632 silly packumentCache full:https://registry.npmjs.org/object.pick cache-miss
2633 silly fetch manifest parse-filepath@^1.0.2
2634 silly packumentCache full:https://registry.npmjs.org/parse-filepath cache-miss
2635 http cache https://registry.npmjs.org/detect-file 3ms (cache hit)
2636 silly packumentCache full:https://registry.npmjs.org/detect-file set size:8165 disposed:false
2637 http cache https://registry.npmjs.org/expand-tilde 3ms (cache hit)
2638 silly packumentCache full:https://registry.npmjs.org/expand-tilde set size:21222 disposed:false
2639 http cache https://registry.npmjs.org/object.defaults 3ms (cache hit)
2640 silly packumentCache full:https://registry.npmjs.org/object.defaults set size:13257 disposed:false
2641 http cache https://registry.npmjs.org/resolve-dir 4ms (cache hit)
2642 silly packumentCache full:https://registry.npmjs.org/resolve-dir set size:12220 disposed:false
2643 http cache https://registry.npmjs.org/object.pick 4ms (cache hit)
2644 silly packumentCache full:https://registry.npmjs.org/object.pick set size:17776 disposed:false
2645 http cache https://registry.npmjs.org/parse-filepath 4ms (cache hit)
2646 silly packumentCache full:https://registry.npmjs.org/parse-filepath set size:32515 disposed:false
2647 silly placeDep ROOT detect-file@1.0.0 OK for: findup-sync@5.0.0 want: ^1.0.0
2648 silly placeDep ROOT resolve-dir@1.0.1 OK for: findup-sync@5.0.0 want: ^1.0.1
2649 silly fetch manifest expand-tilde@^2.0.0
2650 silly packumentCache full:https://registry.npmjs.org/expand-tilde cache-hit
2651 silly fetch manifest global-modules@^1.0.0
2652 silly packumentCache full:https://registry.npmjs.org/global-modules cache-miss
2653 http cache https://registry.npmjs.org/global-modules 1ms (cache hit)
2654 silly packumentCache full:https://registry.npmjs.org/global-modules set size:18732 disposed:false
2655 silly placeDep ROOT expand-tilde@2.0.2 OK for: fined@2.0.0 want: ^2.0.2
2656 silly placeDep ROOT object.defaults@1.1.0 OK for: fined@2.0.0 want: ^1.1.0
2657 silly placeDep ROOT object.pick@1.3.0 OK for: fined@2.0.0 want: ^1.3.0
2658 silly placeDep ROOT parse-filepath@1.0.2 OK for: fined@2.0.0 want: ^1.0.2
2659 silly fetch manifest homedir-polyfill@^1.0.1
2660 silly packumentCache full:https://registry.npmjs.org/homedir-polyfill cache-miss
2661 silly fetch manifest array-each@^1.0.1
2662 silly packumentCache full:https://registry.npmjs.org/array-each cache-miss
2663 silly fetch manifest array-slice@^1.0.0
2664 silly packumentCache full:https://registry.npmjs.org/array-slice cache-miss
2665 silly fetch manifest for-own@^1.0.0
2666 silly packumentCache full:https://registry.npmjs.org/for-own cache-miss
2667 silly fetch manifest isobject@^3.0.0
2668 silly packumentCache full:https://registry.npmjs.org/isobject cache-miss
2669 silly fetch manifest isobject@^3.0.1
2670 silly packumentCache full:https://registry.npmjs.org/isobject cache-miss
2671 silly fetch manifest is-absolute@^1.0.0
2672 silly packumentCache full:https://registry.npmjs.org/is-absolute cache-miss
2673 silly fetch manifest map-cache@^0.2.0
2674 silly packumentCache full:https://registry.npmjs.org/map-cache cache-miss
2675 silly fetch manifest path-root@^0.1.1
2676 silly packumentCache full:https://registry.npmjs.org/path-root cache-miss
2677 http cache https://registry.npmjs.org/map-cache 3ms (cache hit)
2678 silly packumentCache full:https://registry.npmjs.org/map-cache set size:12262 disposed:false
2679 http cache https://registry.npmjs.org/homedir-polyfill 4ms (cache hit)
2680 silly packumentCache full:https://registry.npmjs.org/homedir-polyfill set size:13929 disposed:false
2681 http cache https://registry.npmjs.org/for-own 4ms (cache hit)
2682 silly packumentCache full:https://registry.npmjs.org/for-own set size:18095 disposed:false
2683 http cache https://registry.npmjs.org/is-absolute 4ms (cache hit)
2684 silly packumentCache full:https://registry.npmjs.org/is-absolute set size:33000 disposed:false
2685 http cache https://registry.npmjs.org/array-each 4ms (cache hit)
2686 silly packumentCache full:https://registry.npmjs.org/array-each set size:10350 disposed:false
2687 http cache https://registry.npmjs.org/isobject 5ms (cache hit)
2688 silly packumentCache full:https://registry.npmjs.org/isobject set size:26140 disposed:false
2689 http cache https://registry.npmjs.org/array-slice 5ms (cache hit)
2690 silly packumentCache full:https://registry.npmjs.org/array-slice set size:17199 disposed:false
2691 http cache https://registry.npmjs.org/path-root 5ms (cache hit)
2692 silly packumentCache full:https://registry.npmjs.org/path-root set size:7192 disposed:false
2693 http cache https://registry.npmjs.org/isobject 5ms (cache hit)
2694 silly packumentCache full:https://registry.npmjs.org/isobject set size:26140 disposed:false
2695 silly packumentCache full:https://registry.npmjs.org/isobject dispose
2696 silly placeDep ROOT homedir-polyfill@1.0.3 OK for: expand-tilde@2.0.2 want: ^1.0.1
2697 silly fetch manifest parse-passwd@^1.0.0
2698 silly packumentCache full:https://registry.npmjs.org/parse-passwd cache-miss
2699 http cache https://registry.npmjs.org/parse-passwd 1ms (cache hit)
2700 silly packumentCache full:https://registry.npmjs.org/parse-passwd set size:5078 disposed:false
2701 silly placeDep ROOT parse-passwd@1.0.0 OK for: homedir-polyfill@1.0.3 want: ^1.0.0
2702 silly placeDep ROOT @types/inquirer@9.0.9 OK for: node-plop@0.32.3 want: ^9.0.9
2703 silly placeDep ROOT @types/picomatch@4.0.2 OK for: node-plop@0.32.3 want: ^4.0.2
2704 silly placeDep ROOT change-case@5.4.4 OK for: node-plop@0.32.3 want: ^5.4.4
2705 silly placeDep ROOT dlv@1.1.3 OK for: node-plop@0.32.3 want: ^1.1.3
2706 silly placeDep ROOT handlebars@4.7.8 OK for: node-plop@0.32.3 want: ^4.7.8
2707 silly placeDep ROOT inquirer@9.3.8 OK for: node-plop@0.32.3 want: ^9.3.8
2708 silly placeDep ROOT isbinaryfile@5.0.7 OK for: node-plop@0.32.3 want: ^5.0.6
2709 silly placeDep ROOT title-case@4.3.2 OK for: node-plop@0.32.3 want: ^4.3.2
2710 silly fetch manifest rxjs@^7.2.0
2711 silly packumentCache full:https://registry.npmjs.org/rxjs cache-miss
2712 silly fetch manifest @types/through@*
2713 silly packumentCache full:https://registry.npmjs.org/@types%2fthrough cache-miss
2714 silly fetch manifest minimist@^1.2.5
2715 silly packumentCache full:https://registry.npmjs.org/minimist cache-hit
2716 silly fetch manifest neo-async@^2.6.2
2717 silly packumentCache full:https://registry.npmjs.org/neo-async cache-miss
2718 silly fetch manifest source-map@^0.6.1
2719 silly packumentCache full:https://registry.npmjs.org/source-map cache-miss
2720 silly fetch manifest wordwrap@^1.0.0
2721 silly packumentCache full:https://registry.npmjs.org/wordwrap cache-miss
2722 silly fetch manifest uglify-js@^3.1.4
2723 silly packumentCache full:https://registry.npmjs.org/uglify-js cache-miss
2724 silly fetch manifest ora@^5.4.1
2725 silly packumentCache full:https://registry.npmjs.org/ora cache-miss
2726 silly fetch manifest rxjs@^7.8.1
2727 silly packumentCache full:https://registry.npmjs.org/rxjs cache-miss
2728 silly fetch manifest cli-width@^4.1.0
2729 silly packumentCache full:https://registry.npmjs.org/cli-width cache-miss
2730 http cache https://registry.npmjs.org/rxjs 5ms (cache hit)
2731 silly packumentCache full:https://registry.npmjs.org/rxjs set size:980097 disposed:false
2732 silly fetch manifest run-async@^3.0.0
2733 silly packumentCache full:https://registry.npmjs.org/run-async cache-miss
2734 http cache https://registry.npmjs.org/rxjs 9ms (cache hit)
2735 silly packumentCache full:https://registry.npmjs.org/rxjs set size:980097 disposed:false
2736 silly packumentCache full:https://registry.npmjs.org/rxjs dispose
2737 silly fetch manifest wrap-ansi@^6.2.0
2738 silly packumentCache full:https://registry.npmjs.org/wrap-ansi cache-miss
2739 http cache https://registry.npmjs.org/neo-async 13ms (cache hit)
2740 silly packumentCache full:https://registry.npmjs.org/neo-async set size:155670 disposed:false
2741 silly fetch manifest strip-ansi@^6.0.1
2742 silly packumentCache full:https://registry.npmjs.org/strip-ansi cache-miss
2743 http cache https://registry.npmjs.org/@types%2fthrough 14ms (cache hit)
2744 silly packumentCache full:https://registry.npmjs.org/@types%2fthrough set size:23996 disposed:false
2745 silly fetch manifest mute-stream@1.0.0
2746 silly packumentCache full:https://registry.npmjs.org/mute-stream cache-miss
2747 http cache https://registry.npmjs.org/uglify-js 14ms (cache hit)
2748 silly packumentCache full:https://registry.npmjs.org/uglify-js set size:673858 disposed:false
2749 silly fetch manifest ansi-escapes@^4.3.2
2750 silly packumentCache full:https://registry.npmjs.org/ansi-escapes cache-miss
2751 http cache https://registry.npmjs.org/wordwrap 17ms (cache hit)
2752 silly packumentCache full:https://registry.npmjs.org/wordwrap set size:9026 disposed:false
2753 silly fetch manifest string-width@^4.2.3
2754 silly packumentCache full:https://registry.npmjs.org/string-width cache-miss
2755 http cache https://registry.npmjs.org/ora 18ms (cache hit)
2756 silly packumentCache full:https://registry.npmjs.org/ora set size:142374 disposed:false
2757 silly fetch manifest yoctocolors-cjs@^2.1.2
2758 silly packumentCache full:https://registry.npmjs.org/yoctocolors-cjs cache-miss
2759 http cache https://registry.npmjs.org/source-map 19ms (cache hit)
2760 silly packumentCache full:https://registry.npmjs.org/source-map set size:226141 disposed:false
2761 silly fetch manifest @inquirer/figures@^1.0.3
2762 silly packumentCache full:https://registry.npmjs.org/@inquirer%2ffigures cache-miss
2763 http cache https://registry.npmjs.org/cli-width 20ms (cache hit)
2764 silly packumentCache full:https://registry.npmjs.org/cli-width set size:24976 disposed:false
2765 silly fetch manifest @inquirer/external-editor@^1.0.2
2766 silly packumentCache full:https://registry.npmjs.org/@inquirer%2fexternal-editor cache-miss
2767 http cache https://registry.npmjs.org/mute-stream 11ms (cache hit)
2768 silly packumentCache full:https://registry.npmjs.org/mute-stream set size:21918 disposed:false
2769 http cache https://registry.npmjs.org/run-async 17ms (cache hit)
2770 silly packumentCache full:https://registry.npmjs.org/run-async set size:30788 disposed:false
2771 http cache https://registry.npmjs.org/wrap-ansi 14ms (cache hit)
2772 silly packumentCache full:https://registry.npmjs.org/wrap-ansi set size:51195 disposed:false
2773 http cache https://registry.npmjs.org/strip-ansi 13ms (cache hit)
2774 silly packumentCache full:https://registry.npmjs.org/strip-ansi set size:41855 disposed:false
2775 http cache https://registry.npmjs.org/string-width 9ms (cache hit)
2776 silly packumentCache full:https://registry.npmjs.org/string-width set size:66232 disposed:false
2777 http cache https://registry.npmjs.org/yoctocolors-cjs 8ms (cache hit)
2778 silly packumentCache full:https://registry.npmjs.org/yoctocolors-cjs set size:12865 disposed:false
2779 http cache https://registry.npmjs.org/ansi-escapes 10ms (cache hit)
2780 silly packumentCache full:https://registry.npmjs.org/ansi-escapes set size:70915 disposed:false
2781 http cache https://registry.npmjs.org/@inquirer%2ffigures 7ms (cache hit)
2782 silly packumentCache full:https://registry.npmjs.org/@inquirer%2ffigures set size:48062 disposed:false
2783 http cache https://registry.npmjs.org/@inquirer%2fexternal-editor 7ms (cache hit)
2784 silly packumentCache full:https://registry.npmjs.org/@inquirer%2fexternal-editor set size:27856 disposed:false
2785 silly placeDep ROOT @types/through@0.0.33 OK for: @types/inquirer@9.0.9 want: *
2786 silly placeDep ROOT rxjs@7.8.2 OK for: @types/inquirer@9.0.9 want: ^7.2.0
2787 silly placeDep ROOT minimist@1.2.8 OK for: handlebars@4.7.8 want: ^1.2.5
2788 silly placeDep ROOT neo-async@2.6.2 OK for: handlebars@4.7.8 want: ^2.6.2
2789 silly placeDep ROOT source-map@0.6.1 OK for: handlebars@4.7.8 want: ^0.6.1
2790 silly placeDep ROOT uglify-js@3.19.3 OK for: handlebars@4.7.8 want: ^3.1.4
2791 silly placeDep ROOT wordwrap@1.0.0 OK for: handlebars@4.7.8 want: ^1.0.0
2792 silly fetch manifest @types/node@>=18
2793 silly packumentCache full:https://registry.npmjs.org/@types%2fnode cache-miss
2794 http cache https://registry.npmjs.org/@types%2fnode 12ms (cache hit)
2795 silly packumentCache full:https://registry.npmjs.org/@types%2fnode set size:10833619 disposed:false
2796 silly placeDep ROOT @inquirer/external-editor@1.0.3 OK for: inquirer@9.3.8 want: ^1.0.2
2797 silly placeDep ROOT @inquirer/figures@1.0.15 OK for: inquirer@9.3.8 want: ^1.0.3
2798 silly placeDep ROOT ansi-escapes@4.3.2 OK for: inquirer@9.3.8 want: ^4.3.2
2799 silly placeDep ROOT cli-width@4.1.0 OK for: inquirer@9.3.8 want: ^4.1.0
2800 silly placeDep ROOT mute-stream@1.0.0 OK for: inquirer@9.3.8 want: 1.0.0
2801 silly placeDep ROOT ora@5.4.1 OK for: inquirer@9.3.8 want: ^5.4.1
2802 silly placeDep ROOT run-async@3.0.0 OK for: inquirer@9.3.8 want: ^3.0.0
2803 silly placeDep ROOT string-width@4.2.3 OK for: inquirer@9.3.8 want: ^4.2.3
2804 silly placeDep ROOT strip-ansi@6.0.1 OK for: inquirer@9.3.8 want: ^6.0.1
2805 silly placeDep ROOT wrap-ansi@6.2.0 OK for: inquirer@9.3.8 want: ^6.2.0
2806 silly placeDep ROOT yoctocolors-cjs@2.1.3 OK for: inquirer@9.3.8 want: ^2.1.2
2807 silly fetch manifest chardet@^2.1.1
2808 silly packumentCache full:https://registry.npmjs.org/chardet cache-miss
2809 silly fetch manifest iconv-lite@^0.7.0
2810 silly packumentCache full:https://registry.npmjs.org/iconv-lite cache-miss
2811 silly fetch manifest type-fest@^0.21.3
2812 silly packumentCache full:https://registry.npmjs.org/type-fest cache-miss
2813 silly fetch manifest bl@^4.1.0
2814 silly packumentCache full:https://registry.npmjs.org/bl cache-miss
2815 silly fetch manifest wcwidth@^1.0.1
2816 silly packumentCache full:https://registry.npmjs.org/wcwidth cache-miss
2817 silly fetch manifest cli-cursor@^3.1.0
2818 silly packumentCache full:https://registry.npmjs.org/cli-cursor cache-miss
2819 silly fetch manifest strip-ansi@^6.0.0
2820 silly packumentCache full:https://registry.npmjs.org/strip-ansi cache-hit
2821 silly fetch manifest log-symbols@^4.1.0
2822 silly packumentCache full:https://registry.npmjs.org/log-symbols cache-miss
2823 silly fetch manifest cli-spinners@^2.5.0
2824 silly packumentCache full:https://registry.npmjs.org/cli-spinners cache-miss
2825 silly fetch manifest is-interactive@^1.0.0
2826 silly packumentCache full:https://registry.npmjs.org/is-interactive cache-miss
2827 http cache https://registry.npmjs.org/cli-spinners 6ms (cache hit)
2828 silly packumentCache full:https://registry.npmjs.org/cli-spinners set size:67473 disposed:false
2829 silly fetch manifest is-unicode-supported@^0.1.0
2830 silly packumentCache full:https://registry.npmjs.org/is-unicode-supported cache-miss
2831 http cache https://registry.npmjs.org/iconv-lite 7ms (cache hit)
2832 silly packumentCache full:https://registry.npmjs.org/iconv-lite set size:120557 disposed:false
2833 silly fetch manifest emoji-regex@^8.0.0
2834 silly packumentCache full:https://registry.npmjs.org/emoji-regex cache-hit
2835 silly fetch manifest is-fullwidth-code-point@^3.0.0
2836 silly packumentCache full:https://registry.npmjs.org/is-fullwidth-code-point cache-miss
2837 http cache https://registry.npmjs.org/cli-cursor 8ms (cache hit)
2838 silly packumentCache full:https://registry.npmjs.org/cli-cursor set size:18913 disposed:false
2839 silly fetch manifest ansi-regex@^5.0.1
2840 silly packumentCache full:https://registry.npmjs.org/ansi-regex cache-miss
2841 http cache https://registry.npmjs.org/chardet 8ms (cache hit)
2842 silly packumentCache full:https://registry.npmjs.org/chardet set size:70553 disposed:false
2843 http cache https://registry.npmjs.org/is-interactive 8ms (cache hit)
2844 silly packumentCache full:https://registry.npmjs.org/is-interactive set size:10692 disposed:false
2845 http cache https://registry.npmjs.org/type-fest 9ms (cache hit)
2846 silly packumentCache full:https://registry.npmjs.org/type-fest set size:551937 disposed:false
2847 http cache https://registry.npmjs.org/bl 12ms (cache hit)
2848 silly packumentCache full:https://registry.npmjs.org/bl set size:188910 disposed:false
2849 http cache https://registry.npmjs.org/wcwidth 13ms (cache hit)
2850 silly packumentCache full:https://registry.npmjs.org/wcwidth set size:5904 disposed:false
2851 http cache https://registry.npmjs.org/log-symbols 13ms (cache hit)
2852 silly packumentCache full:https://registry.npmjs.org/log-symbols set size:31977 disposed:false
2853 http cache https://registry.npmjs.org/is-fullwidth-code-point 7ms (cache hit)
2854 silly packumentCache full:https://registry.npmjs.org/is-fullwidth-code-point set size:14578 disposed:false
2855 http cache https://registry.npmjs.org/is-unicode-supported 9ms (cache hit)
2856 silly packumentCache full:https://registry.npmjs.org/is-unicode-supported set size:19461 disposed:false
2857 http cache https://registry.npmjs.org/ansi-regex 7ms (cache hit)
2858 silly packumentCache full:https://registry.npmjs.org/ansi-regex set size:43572 disposed:false
2859 silly placeDep ROOT chardet@2.1.1 OK for: @inquirer/external-editor@1.0.3 want: ^2.1.1
2860 silly placeDep ROOT iconv-lite@0.7.2 OK for: @inquirer/external-editor@1.0.3 want: ^0.7.0
2861 silly fetch manifest safer-buffer@>= 2.1.2 < 3.0.0
2862 silly packumentCache full:https://registry.npmjs.org/safer-buffer cache-miss
2863 http cache https://registry.npmjs.org/safer-buffer 1ms (cache hit)
2864 silly packumentCache full:https://registry.npmjs.org/safer-buffer set size:18521 disposed:false
2865 silly placeDep ROOT type-fest@0.21.3 OK for: ansi-escapes@4.3.2 want: ^0.21.3
2866 silly placeDep ROOT safer-buffer@2.1.2 OK for: iconv-lite@0.7.2 want: >= 2.1.2 < 3.0.0
2867 silly placeDep ROOT array-each@1.0.1 OK for: object.defaults@1.1.0 want: ^1.0.1
2868 silly placeDep ROOT array-slice@1.1.0 OK for: object.defaults@1.1.0 want: ^1.0.0
2869 silly placeDep ROOT for-own@1.0.0 OK for: object.defaults@1.1.0 want: ^1.0.0
2870 silly placeDep ROOT isobject@3.0.1 OK for: object.defaults@1.1.0 want: ^3.0.0
2871 silly fetch manifest for-in@^1.0.1
2872 silly packumentCache full:https://registry.npmjs.org/for-in cache-miss
2873 http cache https://registry.npmjs.org/for-in 1ms (cache hit)
2874 silly packumentCache full:https://registry.npmjs.org/for-in set size:27557 disposed:false
2875 silly placeDep ROOT for-in@1.0.2 OK for: for-own@1.0.0 want: ^1.0.1
2876 silly placeDep ROOT bl@4.1.0 OK for: ora@5.4.1 want: ^4.1.0
2877 silly placeDep ROOT cli-cursor@3.1.0 OK for: ora@5.4.1 want: ^3.1.0
2878 silly placeDep ROOT cli-spinners@2.9.2 OK for: ora@5.4.1 want: ^2.5.0
2879 silly placeDep ROOT is-interactive@1.0.0 OK for: ora@5.4.1 want: ^1.0.0
2880 silly placeDep ROOT is-unicode-supported@0.1.0 OK for: ora@5.4.1 want: ^0.1.0
2881 silly placeDep ROOT log-symbols@4.1.0 OK for: ora@5.4.1 want: ^4.1.0
2882 silly placeDep ROOT wcwidth@1.0.1 OK for: ora@5.4.1 want: ^1.0.1
2883 silly fetch manifest buffer@^5.5.0
2884 silly packumentCache full:https://registry.npmjs.org/buffer cache-miss
2885 silly fetch manifest inherits@^2.0.4
2886 silly packumentCache full:https://registry.npmjs.org/inherits cache-miss
2887 silly fetch manifest readable-stream@^3.4.0
2888 silly packumentCache full:https://registry.npmjs.org/readable-stream cache-miss
2889 silly fetch manifest restore-cursor@^3.1.0
2890 silly packumentCache full:https://registry.npmjs.org/restore-cursor cache-miss
2891 silly fetch manifest defaults@^1.0.3
2892 silly packumentCache full:https://registry.npmjs.org/defaults cache-miss
2893 http cache https://registry.npmjs.org/buffer 2ms (cache hit)
2894 silly packumentCache full:https://registry.npmjs.org/buffer set size:280480 disposed:false
2895 http cache https://registry.npmjs.org/defaults 4ms (cache hit)
2896 silly packumentCache full:https://registry.npmjs.org/defaults set size:18134 disposed:false
2897 http cache https://registry.npmjs.org/inherits 4ms (cache hit)
2898 silly packumentCache full:https://registry.npmjs.org/inherits set size:12925 disposed:false
2899 http cache https://registry.npmjs.org/readable-stream 4ms (cache hit)
2900 silly packumentCache full:https://registry.npmjs.org/readable-stream set size:261096 disposed:false
2901 http cache https://registry.npmjs.org/restore-cursor 6ms (cache hit)
2902 silly packumentCache full:https://registry.npmjs.org/restore-cursor set size:17895 disposed:false
2903 silly placeDep ROOT buffer@5.7.1 OK for: bl@4.1.0 want: ^5.5.0
2904 silly placeDep ROOT inherits@2.0.4 OK for: bl@4.1.0 want: ^2.0.4
2905 silly placeDep ROOT readable-stream@3.6.2 OK for: bl@4.1.0 want: ^3.4.0
2906 silly fetch manifest base64-js@^1.3.1
2907 silly packumentCache full:https://registry.npmjs.org/base64-js cache-miss
2908 silly fetch manifest ieee754@^1.1.13
2909 silly packumentCache full:https://registry.npmjs.org/ieee754 cache-miss
2910 silly fetch manifest string_decoder@^1.1.1
2911 silly packumentCache full:https://registry.npmjs.org/string_decoder cache-miss
2912 silly fetch manifest util-deprecate@^1.0.1
2913 silly packumentCache full:https://registry.npmjs.org/util-deprecate cache-miss
2914 http cache https://registry.npmjs.org/string_decoder 1ms (cache hit)
2915 silly packumentCache full:https://registry.npmjs.org/string_decoder set size:28441 disposed:false
2916 http cache https://registry.npmjs.org/ieee754 2ms (cache hit)
2917 silly packumentCache full:https://registry.npmjs.org/ieee754 set size:34910 disposed:false
2918 http cache https://registry.npmjs.org/util-deprecate 2ms (cache hit)
2919 silly packumentCache full:https://registry.npmjs.org/util-deprecate set size:6674 disposed:false
2920 http cache https://registry.npmjs.org/base64-js 2ms (cache hit)
2921 silly packumentCache full:https://registry.npmjs.org/base64-js set size:41270 disposed:false
2922 silly placeDep ROOT base64-js@1.5.1 OK for: buffer@5.7.1 want: ^1.3.1
2923 silly placeDep ROOT ieee754@1.2.1 OK for: buffer@5.7.1 want: ^1.1.13
2924 silly placeDep ROOT restore-cursor@3.1.0 OK for: cli-cursor@3.1.0 want: ^3.1.0
2925 silly fetch manifest onetime@^5.1.0
2926 silly packumentCache full:https://registry.npmjs.org/onetime cache-miss
2927 silly fetch manifest signal-exit@^3.0.2
2928 silly packumentCache full:https://registry.npmjs.org/signal-exit cache-miss
2929 http cache https://registry.npmjs.org/onetime 2ms (cache hit)
2930 silly packumentCache full:https://registry.npmjs.org/onetime set size:32314 disposed:false
2931 http cache https://registry.npmjs.org/signal-exit 2ms (cache hit)
2932 silly packumentCache full:https://registry.npmjs.org/signal-exit set size:53489 disposed:false
2933 silly placeDep ROOT is-absolute@1.0.0 OK for: parse-filepath@1.0.2 want: ^1.0.0
2934 silly placeDep ROOT map-cache@0.2.2 OK for: parse-filepath@1.0.2 want: ^0.2.0
2935 silly placeDep ROOT path-root@0.1.1 OK for: parse-filepath@1.0.2 want: ^0.1.1
2936 silly fetch manifest is-relative@^1.0.0
2937 silly packumentCache full:https://registry.npmjs.org/is-relative cache-miss
2938 silly fetch manifest is-windows@^1.0.1
2939 silly packumentCache full:https://registry.npmjs.org/is-windows cache-miss
2940 silly fetch manifest path-root-regex@^0.1.0
2941 silly packumentCache full:https://registry.npmjs.org/path-root-regex cache-miss
2942 http cache https://registry.npmjs.org/path-root-regex 1ms (cache hit)
2943 silly packumentCache full:https://registry.npmjs.org/path-root-regex set size:8548 disposed:false
2944 http cache https://registry.npmjs.org/is-relative 2ms (cache hit)
2945 silly packumentCache full:https://registry.npmjs.org/is-relative set size:16364 disposed:false
2946 http cache https://registry.npmjs.org/is-windows 2ms (cache hit)
2947 silly packumentCache full:https://registry.npmjs.org/is-windows set size:16884 disposed:false
2948 silly placeDep ROOT is-relative@1.0.0 OK for: is-absolute@1.0.0 want: ^1.0.0
2949 silly placeDep ROOT is-windows@1.0.2 OK for: is-absolute@1.0.0 want: ^1.0.1
2950 silly fetch manifest is-unc-path@^1.0.0
2951 silly packumentCache full:https://registry.npmjs.org/is-unc-path cache-miss
2952 http cache https://registry.npmjs.org/is-unc-path 2ms (cache hit)
2953 silly packumentCache full:https://registry.npmjs.org/is-unc-path set size:10264 disposed:false
2954 silly placeDep ROOT is-unc-path@1.0.0 OK for: is-relative@1.0.0 want: ^1.0.0
2955 silly fetch manifest unc-path-regex@^0.1.2
2956 silly packumentCache full:https://registry.npmjs.org/unc-path-regex cache-miss
2957 http cache https://registry.npmjs.org/unc-path-regex 2ms (cache hit)
2958 silly packumentCache full:https://registry.npmjs.org/unc-path-regex set size:8720 disposed:false
2959 silly placeDep ROOT unc-path-regex@0.1.2 OK for: is-unc-path@1.0.0 want: ^0.1.2
2960 silly placeDep ROOT path-root-regex@0.1.2 OK for: path-root@0.1.1 want: ^0.1.0
2961 silly placeDep ROOT nanoid@3.3.11 OK for: postcss@8.5.6 want: ^3.3.11
2962 silly placeDep ROOT xtend@4.0.2 OK for: postgres-interval@1.2.0 want: ^4.0.0
2963 silly placeDep ROOT loose-envify@1.4.0 OK for: prop-types@15.8.1 want: ^1.4.0
2964 silly placeDep ROOT object-assign@4.1.1 OK for: prop-types@15.8.1 want: ^4.1.1
2965 silly placeDep ROOT react-is@16.13.1 OK for: prop-types@15.8.1 want: ^16.13.1
2966 silly placeDep ROOT scheduler@0.27.0 OK for: react-dom@19.2.1 want: ^0.27.0
2967 silly placeDep ROOT string_decoder@1.3.0 OK for: readable-stream@3.6.2 want: ^1.1.1
2968 silly placeDep ROOT util-deprecate@1.0.2 OK for: readable-stream@3.6.2 want: ^1.0.1
2969 silly fetch manifest safe-buffer@~5.2.0
2970 silly packumentCache full:https://registry.npmjs.org/safe-buffer cache-miss
2971 http cache https://registry.npmjs.org/safe-buffer 2ms (cache hit)
2972 silly packumentCache full:https://registry.npmjs.org/safe-buffer set size:41183 disposed:false
2973 silly placeDep ROOT path-parse@1.0.7 OK for: resolve@1.22.11 want: ^1.0.7
2974 silly placeDep ROOT supports-preserve-symlinks-flag@1.0.0 OK for: resolve@1.22.11 want: ^1.0.0
2975 silly placeDep ROOT global-modules@1.0.0 OK for: resolve-dir@1.0.1 want: ^1.0.0
2976 silly fetch manifest global-prefix@^1.0.1
2977 silly packumentCache full:https://registry.npmjs.org/global-prefix cache-miss
2978 http cache https://registry.npmjs.org/global-prefix 2ms (cache hit)
2979 silly packumentCache full:https://registry.npmjs.org/global-prefix set size:28947 disposed:false
2980 silly placeDep ROOT global-prefix@1.0.2 OK for: global-modules@1.0.0 want: ^1.0.1
2981 silly fetch manifest ini@^1.3.4
2982 silly packumentCache full:https://registry.npmjs.org/ini cache-miss
2983 silly fetch manifest which@^1.2.14
2984 silly packumentCache full:https://registry.npmjs.org/which cache-hit
2985 http cache https://registry.npmjs.org/ini 3ms (cache hit)
2986 silly packumentCache full:https://registry.npmjs.org/ini set size:57019 disposed:false
2987 silly placeDep ROOT ini@1.3.8 OK for: global-prefix@1.0.2 want: ^1.3.4
2988 silly placeDep node_modules/global-prefix which@1.3.1 OK for: global-prefix@1.0.2 want: ^1.2.14
2989 silly placeDep ROOT onetime@5.1.2 OK for: restore-cursor@3.1.0 want: ^5.1.0
2990 silly placeDep ROOT signal-exit@3.0.7 OK for: restore-cursor@3.1.0 want: ^3.0.2
2991 silly fetch manifest mimic-fn@^2.1.0
2992 silly packumentCache full:https://registry.npmjs.org/mimic-fn cache-miss
2993 http cache https://registry.npmjs.org/mimic-fn 3ms (cache hit)
2994 silly packumentCache full:https://registry.npmjs.org/mimic-fn set size:22257 disposed:false
2995 silly placeDep ROOT mimic-fn@2.1.0 OK for: onetime@5.1.2 want: ^2.1.0
2996 silly placeDep ROOT queue-microtask@1.2.3 OK for: run-parallel@1.2.0 want: ^1.2.2
2997 silly placeDep ROOT isarray@2.0.5 OK for: safe-array-concat@1.1.3 want: ^2.0.5
2998 silly placeDep ROOT @img/colour@1.0.0 OK for: sharp@0.34.5 want: ^1.0.0
2999 silly placeDep ROOT @img/sharp-darwin-arm64@0.34.5 OK for: sharp@0.34.5 want: 0.34.5
3000 silly placeDep ROOT @img/sharp-darwin-x64@0.34.5 OK for: sharp@0.34.5 want: 0.34.5
3001 silly placeDep ROOT @img/sharp-libvips-darwin-arm64@1.2.4 OK for: sharp@0.34.5 want: 1.2.4
3002 silly placeDep ROOT @img/sharp-libvips-darwin-x64@1.2.4 OK for: sharp@0.34.5 want: 1.2.4
3003 silly placeDep ROOT @img/sharp-libvips-linux-arm@1.2.4 OK for: sharp@0.34.5 want: 1.2.4
3004 silly placeDep ROOT @img/sharp-libvips-linux-arm64@1.2.4 OK for: sharp@0.34.5 want: 1.2.4
3005 silly placeDep ROOT @img/sharp-libvips-linux-ppc64@1.2.4 OK for: sharp@0.34.5 want: 1.2.4
3006 silly placeDep ROOT @img/sharp-libvips-linux-riscv64@1.2.4 OK for: sharp@0.34.5 want: 1.2.4
3007 silly placeDep ROOT @img/sharp-libvips-linux-s390x@1.2.4 OK for: sharp@0.34.5 want: 1.2.4
3008 silly placeDep ROOT @img/sharp-libvips-linux-x64@1.2.4 OK for: sharp@0.34.5 want: 1.2.4
3009 silly placeDep ROOT @img/sharp-libvips-linuxmusl-arm64@1.2.4 OK for: sharp@0.34.5 want: 1.2.4
3010 silly placeDep ROOT @img/sharp-libvips-linuxmusl-x64@1.2.4 OK for: sharp@0.34.5 want: 1.2.4
3011 silly placeDep ROOT @img/sharp-linux-arm@0.34.5 OK for: sharp@0.34.5 want: 0.34.5
3012 silly placeDep ROOT @img/sharp-linux-arm64@0.34.5 OK for: sharp@0.34.5 want: 0.34.5
3013 silly placeDep ROOT @img/sharp-linux-ppc64@0.34.5 OK for: sharp@0.34.5 want: 0.34.5
3014 silly placeDep ROOT @img/sharp-linux-riscv64@0.34.5 OK for: sharp@0.34.5 want: 0.34.5
3015 silly placeDep ROOT @img/sharp-linux-s390x@0.34.5 OK for: sharp@0.34.5 want: 0.34.5
3016 silly placeDep ROOT @img/sharp-linux-x64@0.34.5 OK for: sharp@0.34.5 want: 0.34.5
3017 silly placeDep ROOT @img/sharp-linuxmusl-arm64@0.34.5 OK for: sharp@0.34.5 want: 0.34.5
3018 silly placeDep ROOT @img/sharp-linuxmusl-x64@0.34.5 OK for: sharp@0.34.5 want: 0.34.5
3019 silly placeDep ROOT @img/sharp-wasm32@0.34.5 OK for: sharp@0.34.5 want: 0.34.5
3020 silly placeDep ROOT @img/sharp-win32-arm64@0.34.5 OK for: sharp@0.34.5 want: 0.34.5
3021 silly placeDep ROOT @img/sharp-win32-ia32@0.34.5 OK for: sharp@0.34.5 want: 0.34.5
3022 silly placeDep ROOT @img/sharp-win32-x64@0.34.5 OK for: sharp@0.34.5 want: 0.34.5
3023 silly placeDep node_modules/sharp semver@7.7.4 OK for: sharp@0.34.5 want: ^7.7.3
3024 silly fetch manifest @emnapi/runtime@^1.7.0
3025 silly packumentCache full:https://registry.npmjs.org/@emnapi%2fruntime cache-miss
3026 http cache https://registry.npmjs.org/@emnapi%2fruntime 3ms (cache hit)
3027 silly packumentCache full:https://registry.npmjs.org/@emnapi%2fruntime set size:99452 disposed:false
3028 silly placeDep ROOT @emnapi/runtime@1.8.1 OK for: @img/sharp-wasm32@0.34.5 want: ^1.7.0
3029 silly placeDep ROOT shebang-regex@3.0.0 OK for: shebang-command@2.0.0 want: ^3.0.0
3030 silly placeDep ROOT side-channel-list@1.0.0 OK for: side-channel@1.1.0 want: ^1.0.0
3031 silly placeDep ROOT side-channel-map@1.0.1 OK for: side-channel@1.1.0 want: ^1.0.1
3032 silly placeDep ROOT side-channel-weakmap@1.0.2 OK for: side-channel@1.1.0 want: ^1.0.2
3033 silly placeDep ROOT safe-buffer@5.2.1 OK for: string_decoder@1.3.0 want: ~5.2.0
3034 silly placeDep node_modules/string-width emoji-regex@8.0.0 OK for: string-width@4.2.3 want: ^8.0.0
3035 silly placeDep ROOT is-fullwidth-code-point@3.0.0 OK for: string-width@4.2.3 want: ^3.0.0
3036 silly placeDep ROOT ansi-regex@5.0.1 OK for: strip-ansi@6.0.1 want: ^5.0.1
3037 silly placeDep ROOT client-only@0.0.1 OK for: styled-jsx@5.1.6 want: 0.0.1
3038 silly placeDep ROOT has-flag@4.0.0 OK for: supports-color@7.2.0 want: ^4.0.0
3039 silly placeDep node_modules/tinyglobby fdir@6.5.0 OK for: tinyglobby@0.2.15 want: ^6.5.0
3040 silly placeDep node_modules/tinyglobby picomatch@4.0.3 OK for: fdir@6.5.0 want: ^3 || ^4
3041 silly placeDep ROOT is-number@7.0.0 OK for: to-regex-range@5.0.1 want: ^7.0.0
3042 silly placeDep ROOT @types/json5@0.0.29 OK for: tsconfig-paths@3.15.0 want: ^0.0.29
3043 silly placeDep node_modules/tsconfig-paths json5@1.0.2 OK for: tsconfig-paths@3.15.0 want: ^1.0.2
3044 silly placeDep ROOT strip-bom@3.0.0 OK for: tsconfig-paths@3.15.0 want: ^3.0.0
3045 silly placeDep ROOT for-each@0.3.5 OK for: typed-array-byte-length@1.0.3 want: ^0.3.3
3046 silly placeDep ROOT reflect.getprototypeof@1.0.10 OK for: typed-array-byte-offset@1.0.4 want: ^1.0.9
3047 silly fetch manifest which-builtin-type@^1.2.1
3048 silly packumentCache full:https://registry.npmjs.org/which-builtin-type cache-miss
3049 http cache https://registry.npmjs.org/which-builtin-type 2ms (cache hit)
3050 silly packumentCache full:https://registry.npmjs.org/which-builtin-type set size:39107 disposed:false
3051 silly placeDep ROOT which-builtin-type@1.2.1 OK for: reflect.getprototypeof@1.0.10 want: ^1.2.1
3052 silly fetch manifest is-async-function@^2.0.0
3053 silly packumentCache full:https://registry.npmjs.org/is-async-function cache-miss
3054 silly fetch manifest is-finalizationregistry@^1.1.0
3055 silly packumentCache full:https://registry.npmjs.org/is-finalizationregistry cache-miss
3056 silly fetch manifest is-generator-function@^1.0.10
3057 silly packumentCache full:https://registry.npmjs.org/is-generator-function cache-miss
3058 silly fetch manifest which-boxed-primitive@^1.1.0
3059 silly packumentCache full:https://registry.npmjs.org/which-boxed-primitive cache-hit
3060 silly fetch manifest which-collection@^1.0.2
3061 silly packumentCache full:https://registry.npmjs.org/which-collection cache-miss
3062 http cache https://registry.npmjs.org/which-collection 3ms (cache hit)
3063 silly packumentCache full:https://registry.npmjs.org/which-collection set size:13607 disposed:false
3064 http cache https://registry.npmjs.org/is-generator-function 3ms (cache hit)
3065 silly packumentCache full:https://registry.npmjs.org/is-generator-function set size:44643 disposed:false
3066 http cache https://registry.npmjs.org/is-async-function 3ms (cache hit)
3067 silly packumentCache full:https://registry.npmjs.org/is-async-function set size:51614 disposed:false
3068 http cache https://registry.npmjs.org/is-finalizationregistry 4ms (cache hit)
3069 silly packumentCache full:https://registry.npmjs.org/is-finalizationregistry set size:19800 disposed:false
3070 silly fetch manifest eslint@^8.57.0 || ^9.0.0
3071 silly packumentCache full:https://registry.npmjs.org/eslint cache-miss
3072 http cache https://registry.npmjs.org/eslint 4ms (cache hit)
3073 silly packumentCache full:https://registry.npmjs.org/eslint set size:1900626 disposed:false
3074 silly fetch manifest typescript@>=4.8.4 <6.0.0
3075 silly packumentCache full:https://registry.npmjs.org/typescript cache-miss
3076 http cache https://registry.npmjs.org/typescript 17ms (cache hit)
3077 silly packumentCache full:https://registry.npmjs.org/typescript set size:15212314 disposed:false
3078 silly placeDep ROOT @typescript-eslint/eslint-plugin@8.54.0 OK for: typescript-eslint@8.54.0 want: 8.54.0
3079 silly placeDep ROOT @typescript-eslint/parser@8.54.0 OK for: @typescript-eslint/eslint-plugin@8.54.0 want: ^8.54.0
3080 silly placeDep ROOT @typescript-eslint/typescript-estree@8.54.0 OK for: typescript-eslint@8.54.0 want: 8.54.0
3081 silly placeDep ROOT @typescript-eslint/utils@8.54.0 OK for: typescript-eslint@8.54.0 want: 8.54.0
3082 silly fetch manifest ignore@^7.0.5
3083 silly packumentCache full:https://registry.npmjs.org/ignore cache-hit
3084 silly fetch manifest ts-api-utils@^2.4.0
3085 silly packumentCache full:https://registry.npmjs.org/ts-api-utils cache-miss
3086 silly fetch manifest @typescript-eslint/type-utils@8.54.0
3087 silly packumentCache full:https://registry.npmjs.org/@typescript-eslint%2ftype-utils cache-miss
3088 silly fetch manifest @typescript-eslint/visitor-keys@8.54.0
3089 silly packumentCache full:https://registry.npmjs.org/@typescript-eslint%2fvisitor-keys cache-miss
3090 silly fetch manifest @typescript-eslint/scope-manager@8.54.0
3091 silly packumentCache full:https://registry.npmjs.org/@typescript-eslint%2fscope-manager cache-miss
3092 silly fetch manifest @typescript-eslint/types@8.54.0
3093 silly packumentCache full:https://registry.npmjs.org/@typescript-eslint%2ftypes cache-miss
3094 silly fetch manifest @typescript-eslint/visitor-keys@8.54.0
3095 silly packumentCache full:https://registry.npmjs.org/@typescript-eslint%2fvisitor-keys cache-miss
3096 silly fetch manifest @typescript-eslint/scope-manager@8.54.0
3097 silly packumentCache full:https://registry.npmjs.org/@typescript-eslint%2fscope-manager cache-miss
3098 silly fetch manifest minimatch@^9.0.5
3099 silly packumentCache full:https://registry.npmjs.org/minimatch cache-hit
3100 silly fetch manifest ts-api-utils@^2.4.0
3101 silly packumentCache full:https://registry.npmjs.org/ts-api-utils cache-miss
3102 silly fetch manifest @typescript-eslint/types@8.54.0
3103 silly packumentCache full:https://registry.npmjs.org/@typescript-eslint%2ftypes cache-miss
3104 http cache https://registry.npmjs.org/ts-api-utils 11ms (cache hit)
3105 silly packumentCache full:https://registry.npmjs.org/ts-api-utils set size:220519 disposed:false
3106 silly fetch manifest @typescript-eslint/visitor-keys@8.54.0
3107 silly packumentCache full:https://registry.npmjs.org/@typescript-eslint%2fvisitor-keys cache-miss
3108 http cache https://registry.npmjs.org/@typescript-eslint%2fscope-manager 26ms (cache hit)
3109 silly packumentCache full:https://registry.npmjs.org/@typescript-eslint%2fscope-manager set size:12018667 disposed:false
3110 silly fetch manifest @typescript-eslint/tsconfig-utils@8.54.0
3111 silly packumentCache full:https://registry.npmjs.org/@typescript-eslint%2ftsconfig-utils cache-miss
3112 http cache https://registry.npmjs.org/@typescript-eslint%2fvisitor-keys 78ms (cache hit)
3113 silly packumentCache full:https://registry.npmjs.org/@typescript-eslint%2fvisitor-keys set size:11456341 disposed:false
3114 silly fetch manifest @typescript-eslint/project-service@8.54.0
3115 silly packumentCache full:https://registry.npmjs.org/@typescript-eslint%2fproject-service cache-miss
3116 http cache https://registry.npmjs.org/@typescript-eslint%2fvisitor-keys 119ms (cache hit)
3117 silly packumentCache full:https://registry.npmjs.org/@typescript-eslint%2fvisitor-keys set size:11456341 disposed:false
3118 silly fetch manifest @typescript-eslint/types@8.54.0
3119 silly packumentCache full:https://registry.npmjs.org/@typescript-eslint%2ftypes cache-miss
3120 http cache https://registry.npmjs.org/@typescript-eslint%2ftype-utils 156ms (cache hit)
3121 silly packumentCache full:https://registry.npmjs.org/@typescript-eslint%2ftype-utils set size:8897041 disposed:false
3122 http cache https://registry.npmjs.org/@typescript-eslint%2ftypes 188ms (cache hit)
3123 silly packumentCache full:https://registry.npmjs.org/@typescript-eslint%2ftypes set size:11823537 disposed:false
3124 http cache https://registry.npmjs.org/ts-api-utils 221ms (cache hit)
3125 silly packumentCache full:https://registry.npmjs.org/ts-api-utils set size:220519 disposed:false
3126 silly packumentCache full:https://registry.npmjs.org/ts-api-utils dispose
3127 http cache https://registry.npmjs.org/@typescript-eslint%2fscope-manager 232ms (cache hit)
3128 silly packumentCache full:https://registry.npmjs.org/@typescript-eslint%2fscope-manager set size:12018667 disposed:false
3129 http cache https://registry.npmjs.org/@typescript-eslint%2ftypes 285ms (cache hit)
3130 silly packumentCache full:https://registry.npmjs.org/@typescript-eslint%2ftypes set size:11823537 disposed:false
3131 http cache https://registry.npmjs.org/@typescript-eslint%2fproject-service 211ms (cache hit)
3132 silly packumentCache full:https://registry.npmjs.org/@typescript-eslint%2fproject-service set size:916991 disposed:false
3133 http cache https://registry.npmjs.org/@typescript-eslint%2ftsconfig-utils 259ms (cache hit)
3134 silly packumentCache full:https://registry.npmjs.org/@typescript-eslint%2ftsconfig-utils set size:862213 disposed:false
3135 http cache https://registry.npmjs.org/@typescript-eslint%2fvisitor-keys 322ms (cache hit)
3136 silly packumentCache full:https://registry.npmjs.org/@typescript-eslint%2fvisitor-keys set size:11456341 disposed:false
3137 http cache https://registry.npmjs.org/@typescript-eslint%2ftypes 227ms (cache hit)
3138 silly packumentCache full:https://registry.npmjs.org/@typescript-eslint%2ftypes set size:11823537 disposed:false
3139 silly placeDep ROOT @typescript-eslint/scope-manager@8.54.0 OK for: @typescript-eslint/eslint-plugin@8.54.0 want: 8.54.0
3140 silly placeDep ROOT @typescript-eslint/type-utils@8.54.0 OK for: @typescript-eslint/eslint-plugin@8.54.0 want: 8.54.0
3141 silly placeDep ROOT @typescript-eslint/visitor-keys@8.54.0 OK for: @typescript-eslint/eslint-plugin@8.54.0 want: 8.54.0
3142 silly placeDep node_modules/@typescript-eslint/eslint-plugin ignore@7.0.5 OK for: @typescript-eslint/eslint-plugin@8.54.0 want: ^7.0.5
3143 silly placeDep ROOT ts-api-utils@2.4.0 OK for: @typescript-eslint/eslint-plugin@8.54.0 want: ^2.4.0
3144 silly placeDep ROOT @typescript-eslint/types@8.54.0 OK for: @typescript-eslint/parser@8.54.0 want: 8.54.0
3145 silly placeDep ROOT @typescript-eslint/project-service@8.54.0 OK for: @typescript-eslint/typescript-estree@8.54.0 want: 8.54.0
3146 silly placeDep ROOT @typescript-eslint/tsconfig-utils@8.54.0 OK for: @typescript-eslint/typescript-estree@8.54.0 want: 8.54.0
3147 silly placeDep node_modules/@typescript-eslint/typescript-estree minimatch@9.0.5 OK for: @typescript-eslint/typescript-estree@8.54.0 want: ^9.0.5
3148 silly placeDep node_modules/@typescript-eslint/typescript-estree semver@7.7.4 OK for: @typescript-eslint/typescript-estree@8.54.0 want: ^7.7.3
3149 silly fetch manifest @typescript-eslint/tsconfig-utils@^8.54.0
3150 silly packumentCache full:https://registry.npmjs.org/@typescript-eslint%2ftsconfig-utils cache-hit
3151 silly fetch manifest brace-expansion@^2.0.1
3152 silly packumentCache full:https://registry.npmjs.org/brace-expansion cache-hit
3153 silly placeDep ROOT has-bigints@1.1.0 OK for: unbox-primitive@1.1.0 want: ^1.0.2
3154 silly placeDep ROOT which-boxed-primitive@1.1.1 OK for: unbox-primitive@1.1.0 want: ^1.1.1
3155 silly fetch manifest is-bigint@^1.1.0
3156 silly packumentCache full:https://registry.npmjs.org/is-bigint cache-miss
3157 silly fetch manifest is-boolean-object@^1.2.1
3158 silly packumentCache full:https://registry.npmjs.org/is-boolean-object cache-miss
3159 silly fetch manifest is-number-object@^1.1.1
3160 silly packumentCache full:https://registry.npmjs.org/is-number-object cache-miss
3161 http cache https://registry.npmjs.org/is-bigint 9ms (cache hit)
3162 silly packumentCache full:https://registry.npmjs.org/is-bigint set size:20283 disposed:false
3163 http cache https://registry.npmjs.org/is-boolean-object 10ms (cache hit)
3164 silly packumentCache full:https://registry.npmjs.org/is-boolean-object set size:31341 disposed:false
3165 http cache https://registry.npmjs.org/is-number-object 10ms (cache hit)
3166 silly packumentCache full:https://registry.npmjs.org/is-number-object set size:31189 disposed:false
3167 silly placeDep ROOT @unrs/resolver-binding-android-arm-eabi@1.11.1 OK for: unrs-resolver@1.11.1 want: 1.11.1
3168 silly placeDep ROOT @unrs/resolver-binding-android-arm64@1.11.1 OK for: unrs-resolver@1.11.1 want: 1.11.1
3169 silly placeDep ROOT @unrs/resolver-binding-darwin-arm64@1.11.1 OK for: unrs-resolver@1.11.1 want: 1.11.1
3170 silly placeDep ROOT @unrs/resolver-binding-darwin-x64@1.11.1 OK for: unrs-resolver@1.11.1 want: 1.11.1
3171 silly placeDep ROOT @unrs/resolver-binding-freebsd-x64@1.11.1 OK for: unrs-resolver@1.11.1 want: 1.11.1
3172 silly placeDep ROOT @unrs/resolver-binding-linux-arm-gnueabihf@1.11.1 OK for: unrs-resolver@1.11.1 want: 1.11.1
3173 silly placeDep ROOT @unrs/resolver-binding-linux-arm-musleabihf@1.11.1 OK for: unrs-resolver@1.11.1 want: 1.11.1
3174 silly placeDep ROOT @unrs/resolver-binding-linux-arm64-gnu@1.11.1 OK for: unrs-resolver@1.11.1 want: 1.11.1
3175 silly placeDep ROOT @unrs/resolver-binding-linux-arm64-musl@1.11.1 OK for: unrs-resolver@1.11.1 want: 1.11.1
3176 silly placeDep ROOT @unrs/resolver-binding-linux-ppc64-gnu@1.11.1 OK for: unrs-resolver@1.11.1 want: 1.11.1
3177 silly placeDep ROOT @unrs/resolver-binding-linux-riscv64-gnu@1.11.1 OK for: unrs-resolver@1.11.1 want: 1.11.1
3178 silly placeDep ROOT @unrs/resolver-binding-linux-riscv64-musl@1.11.1 OK for: unrs-resolver@1.11.1 want: 1.11.1
3179 silly placeDep ROOT @unrs/resolver-binding-linux-s390x-gnu@1.11.1 OK for: unrs-resolver@1.11.1 want: 1.11.1
3180 silly placeDep ROOT @unrs/resolver-binding-linux-x64-gnu@1.11.1 OK for: unrs-resolver@1.11.1 want: 1.11.1
3181 silly placeDep ROOT @unrs/resolver-binding-linux-x64-musl@1.11.1 OK for: unrs-resolver@1.11.1 want: 1.11.1
3182 silly placeDep ROOT @unrs/resolver-binding-wasm32-wasi@1.11.1 OK for: unrs-resolver@1.11.1 want: 1.11.1
3183 silly placeDep ROOT @unrs/resolver-binding-win32-arm64-msvc@1.11.1 OK for: unrs-resolver@1.11.1 want: 1.11.1
3184 silly placeDep ROOT @unrs/resolver-binding-win32-ia32-msvc@1.11.1 OK for: unrs-resolver@1.11.1 want: 1.11.1
3185 silly placeDep ROOT @unrs/resolver-binding-win32-x64-msvc@1.11.1 OK for: unrs-resolver@1.11.1 want: 1.11.1
3186 silly placeDep ROOT napi-postinstall@0.3.4 OK for: unrs-resolver@1.11.1 want: ^0.3.0
3187 silly fetch manifest @napi-rs/wasm-runtime@^0.2.11
3188 silly packumentCache full:https://registry.npmjs.org/@napi-rs%2fwasm-runtime cache-miss
3189 http cache https://registry.npmjs.org/@napi-rs%2fwasm-runtime 10ms (cache hit)
3190 silly packumentCache full:https://registry.npmjs.org/@napi-rs%2fwasm-runtime set size:63456 disposed:false
3191 silly placeDep ROOT @napi-rs/wasm-runtime@0.2.12 OK for: @unrs/resolver-binding-wasm32-wasi@1.11.1 want: ^0.2.11
3192 silly fetch manifest @emnapi/core@^1.4.3
3193 silly packumentCache full:https://registry.npmjs.org/@emnapi%2fcore cache-miss
3194 silly fetch manifest @tybys/wasm-util@^0.10.0
3195 silly packumentCache full:https://registry.npmjs.org/@tybys%2fwasm-util cache-miss
3196 http cache https://registry.npmjs.org/@tybys%2fwasm-util 1ms (cache hit)
3197 silly packumentCache full:https://registry.npmjs.org/@tybys%2fwasm-util set size:55410 disposed:false
3198 http cache https://registry.npmjs.org/@emnapi%2fcore 2ms (cache hit)
3199 silly packumentCache full:https://registry.npmjs.org/@emnapi%2fcore set size:96861 disposed:false
3200 silly placeDep ROOT @emnapi/core@1.8.1 OK for: @napi-rs/wasm-runtime@0.2.12 want: ^1.4.3
3201 silly placeDep ROOT @tybys/wasm-util@0.10.1 OK for: @napi-rs/wasm-runtime@0.2.12 want: ^0.10.0
3202 silly fetch manifest @emnapi/wasi-threads@1.1.0
3203 silly packumentCache full:https://registry.npmjs.org/@emnapi%2fwasi-threads cache-miss
3204 http cache https://registry.npmjs.org/@emnapi%2fwasi-threads 1ms (cache hit)
3205 silly packumentCache full:https://registry.npmjs.org/@emnapi%2fwasi-threads set size:19454 disposed:false
3206 silly placeDep ROOT @emnapi/wasi-threads@1.1.0 OK for: @emnapi/core@1.8.1 want: 1.1.0
3207 silly placeDep ROOT escalade@3.2.0 OK for: update-browserslist-db@1.2.3 want: ^3.2.0
3208 silly placeDep ROOT punycode@2.3.1 OK for: uri-js@4.4.1 want: ^2.1.0
3209 silly placeDep ROOT defaults@1.0.4 OK for: wcwidth@1.0.1 want: ^1.0.3
3210 silly fetch manifest clone@^1.0.2
3211 silly packumentCache full:https://registry.npmjs.org/clone cache-miss
3212 http cache https://registry.npmjs.org/clone 2ms (cache hit)
3213 silly packumentCache full:https://registry.npmjs.org/clone set size:82973 disposed:false
3214 silly placeDep ROOT clone@1.0.4 OK for: defaults@1.0.4 want: ^1.0.2
3215 silly placeDep ROOT isexe@2.0.0 OK for: which@2.0.2 want: ^2.0.0
3216 silly placeDep ROOT is-bigint@1.1.0 OK for: which-boxed-primitive@1.1.1 want: ^1.1.0
3217 silly placeDep ROOT is-boolean-object@1.2.2 OK for: which-boxed-primitive@1.1.1 want: ^1.2.1
3218 silly placeDep ROOT is-number-object@1.1.1 OK for: which-boxed-primitive@1.1.1 want: ^1.1.1
3219 silly placeDep ROOT is-async-function@2.1.1 OK for: which-builtin-type@1.2.1 want: ^2.0.0
3220 silly placeDep ROOT is-finalizationregistry@1.1.1 OK for: which-builtin-type@1.2.1 want: ^1.1.0
3221 silly placeDep ROOT is-generator-function@1.1.2 OK for: which-builtin-type@1.2.1 want: ^1.0.10
3222 silly placeDep ROOT which-collection@1.0.2 OK for: which-builtin-type@1.2.1 want: ^1.0.2
3223 silly fetch manifest async-function@^1.0.0
3224 silly packumentCache full:https://registry.npmjs.org/async-function cache-miss
3225 silly fetch manifest generator-function@^2.0.0
3226 silly packumentCache full:https://registry.npmjs.org/generator-function cache-miss
3227 silly fetch manifest is-map@^2.0.3
3228 silly packumentCache full:https://registry.npmjs.org/is-map cache-miss
3229 silly fetch manifest is-weakmap@^2.0.2
3230 silly packumentCache full:https://registry.npmjs.org/is-weakmap cache-miss
3231 silly fetch manifest is-weakset@^2.0.3
3232 silly packumentCache full:https://registry.npmjs.org/is-weakset cache-miss
3233 http cache https://registry.npmjs.org/async-function 2ms (cache hit)
3234 silly packumentCache full:https://registry.npmjs.org/async-function set size:7150 disposed:false
3235 http cache https://registry.npmjs.org/is-weakmap 3ms (cache hit)
3236 silly packumentCache full:https://registry.npmjs.org/is-weakmap set size:15163 disposed:false
3237 http cache https://registry.npmjs.org/is-map 3ms (cache hit)
3238 silly packumentCache full:https://registry.npmjs.org/is-map set size:18079 disposed:false
3239 http cache https://registry.npmjs.org/is-weakset 3ms (cache hit)
3240 silly packumentCache full:https://registry.npmjs.org/is-weakset set size:21965 disposed:false
3241 http cache https://registry.npmjs.org/generator-function 3ms (cache hit)
3242 silly packumentCache full:https://registry.npmjs.org/generator-function set size:10401 disposed:false
3243 silly placeDep ROOT async-function@1.0.0 OK for: is-async-function@2.1.1 want: ^1.0.0
3244 silly placeDep ROOT generator-function@2.0.1 OK for: is-generator-function@1.1.2 want: ^2.0.0
3245 silly placeDep ROOT is-map@2.0.3 OK for: which-collection@1.0.2 want: ^2.0.3
3246 silly placeDep ROOT is-weakmap@2.0.2 OK for: which-collection@1.0.2 want: ^2.0.2
3247 silly placeDep ROOT is-weakset@2.0.4 OK for: which-collection@1.0.2 want: ^2.0.3
3248 silly placeDep node_modules/@neondatabase/serverless pg-types@4.1.0 OK for: @types/pg@8.11.6 want: ^4.0.1
3249 silly fetch manifest pg-numeric@1.0.2
3250 silly packumentCache full:https://registry.npmjs.org/pg-numeric cache-miss
3251 silly fetch manifest postgres-array@~3.0.1
3252 silly packumentCache full:https://registry.npmjs.org/postgres-array cache-hit
3253 silly fetch manifest postgres-bytea@~3.0.0
3254 silly packumentCache full:https://registry.npmjs.org/postgres-bytea cache-hit
3255 silly fetch manifest postgres-date@~2.1.0
3256 silly packumentCache full:https://registry.npmjs.org/postgres-date cache-hit
3257 silly fetch manifest postgres-interval@^3.0.0
3258 silly packumentCache full:https://registry.npmjs.org/postgres-interval cache-hit
3259 silly fetch manifest postgres-range@^1.1.1
3260 silly packumentCache full:https://registry.npmjs.org/postgres-range cache-miss
3261 http cache https://registry.npmjs.org/pg-numeric 2ms (cache hit)
3262 silly packumentCache full:https://registry.npmjs.org/pg-numeric set size:7951 disposed:false
3263 http cache https://registry.npmjs.org/postgres-range 1ms (cache hit)
3264 silly packumentCache full:https://registry.npmjs.org/postgres-range set size:23714 disposed:false
3265 silly placeDep ROOT pg-numeric@1.0.2 OK for: pg-types@4.1.0 want: 1.0.2
3266 silly placeDep node_modules/@neondatabase/serverless postgres-array@3.0.4 OK for: pg-types@4.1.0 want: ~3.0.1
3267 silly placeDep node_modules/@neondatabase/serverless postgres-bytea@3.0.0 OK for: pg-types@4.1.0 want: ~3.0.0
3268 silly placeDep node_modules/@neondatabase/serverless postgres-date@2.1.0 OK for: pg-types@4.1.0 want: ~2.1.0
3269 silly placeDep node_modules/@neondatabase/serverless postgres-interval@3.0.0 OK for: pg-types@4.1.0 want: ^3.0.0
3270 silly placeDep ROOT postgres-range@1.1.4 OK for: pg-types@4.1.0 want: ^1.1.1
3271 silly fetch manifest obuf@~1.1.2
3272 silly packumentCache full:https://registry.npmjs.org/obuf cache-miss
3273 http cache https://registry.npmjs.org/obuf 1ms (cache hit)
3274 silly packumentCache full:https://registry.npmjs.org/obuf set size:14024 disposed:false
3275 silly placeDep ROOT obuf@1.1.2 OK for: postgres-bytea@3.0.0 want: ~1.1.2
3276 silly placeDep node_modules/@typescript-eslint/typescript-estree brace-expansion@2.0.2 OK for: minimatch@9.0.5 want: ^2.0.1
3277 silly reify moves {}
3278 verbose stack Error: EPERM: operation not permitted, mkdir '/Users/coltonfoley/Projects/edgdirectresponsev3/node_modules'
3278 verbose stack     at async mkdir (node:internal/fs/promises:861:10)
3278 verbose stack     at async /opt/homebrew/lib/node_modules/npm/node_modules/@npmcli/arborist/lib/arborist/reify.js:628:20
3278 verbose stack     at async Promise.allSettled (index 0)
3278 verbose stack     at async [reifyPackages] (/opt/homebrew/lib/node_modules/npm/node_modules/@npmcli/arborist/lib/arborist/reify.js:332:11)
3278 verbose stack     at async Arborist.reify (/opt/homebrew/lib/node_modules/npm/node_modules/@npmcli/arborist/lib/arborist/reify.js:137:5)
3278 verbose stack     at async Install.exec (/opt/homebrew/lib/node_modules/npm/lib/commands/install.js:150:5)
3278 verbose stack     at async Npm.exec (/opt/homebrew/lib/node_modules/npm/lib/npm.js:208:9)
3278 verbose stack     at async module.exports (/opt/homebrew/lib/node_modules/npm/lib/cli/entry.js:67:5)
3279 error code EPERM
3280 error syscall mkdir
3281 error path /Users/coltonfoley/Projects/edgdirectresponsev3/node_modules
3282 error errno -1
3283 error Error: EPERM: operation not permitted, mkdir '/Users/coltonfoley/Projects/edgdirectresponsev3/node_modules'
3283 error     at async mkdir (node:internal/fs/promises:861:10)
3283 error     at async /opt/homebrew/lib/node_modules/npm/node_modules/@npmcli/arborist/lib/arborist/reify.js:628:20
3283 error     at async Promise.allSettled (index 0)
3283 error     at async [reifyPackages] (/opt/homebrew/lib/node_modules/npm/node_modules/@npmcli/arborist/lib/arborist/reify.js:332:11)
3283 error     at async Arborist.reify (/opt/homebrew/lib/node_modules/npm/node_modules/@npmcli/arborist/lib/arborist/reify.js:137:5)
3283 error     at async Install.exec (/opt/homebrew/lib/node_modules/npm/lib/commands/install.js:150:5)
3283 error     at async Npm.exec (/opt/homebrew/lib/node_modules/npm/lib/npm.js:208:9)
3283 error     at async module.exports (/opt/homebrew/lib/node_modules/npm/lib/cli/entry.js:67:5) {
3283 error   errno: -1,
3283 error   code: 'EPERM',
3283 error   syscall: 'mkdir',
3283 error   path: '/Users/coltonfoley/Projects/edgdirectresponsev3/node_modules'
3283 error }
3284 error
3284 error The operation was rejected by your operating system.
3284 error It is likely you do not have the permissions to access this file as the current user
3284 error
3284 error If you believe this might be a permissions issue, please double-check the
3284 error permissions of the file and its containing directories, or try running
3284 error the command again as root/Administrator.
3285 silly unfinished npm timer reify 1770398388537
3286 silly unfinished npm timer reify:createSparse 1770398392591
3287 verbose cwd /Users/coltonfoley/Projects/edgdirectresponsev3
3288 verbose os Darwin 25.2.0
3289 verbose node v24.7.0
3290 verbose npm  v11.5.1
3291 verbose exit -1
3292 verbose code -1
3293 error A complete log of this run can be found in: /Users/coltonfoley/Projects/edgdirectresponsev3/.npm_cache/_logs/2026-02-06T17_19_48_418Z-debug-0.log
