0 verbose cli /opt/homebrew/Cellar/node/24.7.0/bin/node /opt/homebrew/bin/npm
1 info using npm@11.5.1
2 info using node@v24.7.0
3 silly config load:file:/opt/homebrew/lib/node_modules/npm/npmrc
4 silly config load:file:/Users/coltonfoley/Projects/edgdirectresponsev3/.npmrc
5 silly config load:file:/Users/coltonfoley/.npmrc
6 silly config load:file:/opt/homebrew/etc/npmrc
7 verbose title npm install
8 verbose argv "install" "--cache" ".npm-local-cache"
9 verbose logfile logs-max:10 dir:/Users/coltonfoley/Projects/edgdirectresponsev3/.npm-local-cache/_logs/2026-02-06T17_07_15_617Z-
10 verbose logfile /Users/coltonfoley/Projects/edgdirectresponsev3/.npm-local-cache/_logs/2026-02-06T17_07_15_617Z-debug-0.log
11 silly logfile done cleaning log files
12 silly packumentCache heap:4496293888 maxSize:1124073472 maxEntrySize:562036736
13 verbose shrinkwrap failed to load node_modules/.package-lock.json EPERM: operation not permitted, stat '/Users/coltonfoley/Projects/edgdirectresponsev3/node_modules'
14 verbose shrinkwrap failed to load node_modules/.package-lock.json EPERM: operation not permitted, stat '/Users/coltonfoley/Projects/edgdirectresponsev3/node_modules'
15 silly idealTree buildDeps
16 silly fetch manifest @next/third-parties@^16.1.1
17 silly packumentCache full:https://registry.npmjs.org/@next%2fthird-parties cache-miss
18 http fetch GET 200 https://registry.npmjs.org/npm 203ms
19 http fetch GET 200 https://registry.npmjs.org/@next%2fthird-parties 203ms (cache miss)
20 silly packumentCache full:https://registry.npmjs.org/@next%2fthird-parties set size:undefined disposed:false
21 silly fetch manifest next@16.0.10
22 silly packumentCache full:https://registry.npmjs.org/next cache-miss
23 http fetch GET 200 https://registry.npmjs.org/next 1257ms (cache miss)
24 silly packumentCache full:https://registry.npmjs.org/next set size:undefined disposed:false
25 silly fetch manifest @opentelemetry/api@^1.1.0
26 silly packumentCache full:https://registry.npmjs.org/@opentelemetry%2fapi cache-miss
27 http fetch GET 200 https://registry.npmjs.org/@opentelemetry%2fapi 104ms (cache miss)
28 silly packumentCache full:https://registry.npmjs.org/@opentelemetry%2fapi set size:undefined disposed:false
29 silly fetch manifest @playwright/test@^1.58.1
30 silly packumentCache full:https://registry.npmjs.org/@playwright%2ftest cache-miss
31 http fetch GET 200 https://registry.npmjs.org/@playwright%2ftest 275ms (cache miss)
32 silly packumentCache full:https://registry.npmjs.org/@playwright%2ftest set size:undefined disposed:false
33 silly fetch manifest babel-plugin-react-compiler@*
34 silly packumentCache full:https://registry.npmjs.org/babel-plugin-react-compiler cache-miss
35 http fetch GET 200 https://registry.npmjs.org/babel-plugin-react-compiler 72ms (cache miss)
36 silly packumentCache full:https://registry.npmjs.org/babel-plugin-react-compiler set size:undefined disposed:false
37 silly fetch manifest react@19.2.1
38 silly packumentCache full:https://registry.npmjs.org/react cache-miss
39 http fetch GET 200 https://registry.npmjs.org/react 178ms (cache miss)
40 silly packumentCache full:https://registry.npmjs.org/react set size:undefined disposed:false
41 silly fetch manifest react-dom@19.2.1
42 silly packumentCache full:https://registry.npmjs.org/react-dom cache-miss
43 http fetch GET 200 https://registry.npmjs.org/react-dom 272ms (cache miss)
44 silly packumentCache full:https://registry.npmjs.org/react-dom set size:undefined disposed:false
45 silly fetch manifest sass@^1.3.0
46 silly packumentCache full:https://registry.npmjs.org/sass cache-miss
47 http fetch GET 200 https://registry.npmjs.org/sass 54ms (cache miss)
48 silly packumentCache full:https://registry.npmjs.org/sass set size:undefined disposed:false
49 silly fetch manifest @supabase/supabase-js@^2.90.1
50 silly packumentCache full:https://registry.npmjs.org/@supabase%2fsupabase-js cache-miss
51 http fetch GET 200 https://registry.npmjs.org/@supabase%2fsupabase-js 106ms (cache miss)
52 silly packumentCache full:https://registry.npmjs.org/@supabase%2fsupabase-js set size:undefined disposed:false
53 silly fetch manifest @vercel/analytics@^1.6.1
54 silly packumentCache full:https://registry.npmjs.org/@vercel%2fanalytics cache-miss
55 http fetch GET 200 https://registry.npmjs.org/@vercel%2fanalytics 70ms (cache miss)
56 silly packumentCache full:https://registry.npmjs.org/@vercel%2fanalytics set size:undefined disposed:false
57 silly fetch manifest @remix-run/react@^2
58 silly packumentCache full:https://registry.npmjs.org/@remix-run%2freact cache-miss
59 http fetch GET 200 https://registry.npmjs.org/@remix-run%2freact 330ms (cache miss)
60 silly packumentCache full:https://registry.npmjs.org/@remix-run%2freact set size:undefined disposed:false
61 silly fetch manifest react@^18.0.0
62 silly packumentCache full:https://registry.npmjs.org/react cache-miss
63 http cache https://registry.npmjs.org/react 12ms (cache hit)
64 silly packumentCache full:https://registry.npmjs.org/react set size:6466562 disposed:false
65 silly fetch manifest react-dom@^18.0.0
66 silly packumentCache full:https://registry.npmjs.org/react-dom cache-miss
67 http cache https://registry.npmjs.org/react-dom 10ms (cache hit)
68 silly packumentCache full:https://registry.npmjs.org/react-dom set size:8553406 disposed:false
69 silly fetch manifest typescript@^5
70 silly packumentCache full:https://registry.npmjs.org/typescript cache-miss
71 http fetch GET 200 https://registry.npmjs.org/typescript 265ms (cache miss)
72 silly packumentCache full:https://registry.npmjs.org/typescript set size:undefined disposed:false
73 silly fetch manifest @sveltejs/kit@^1 || ^2
74 silly packumentCache full:https://registry.npmjs.org/@sveltejs%2fkit cache-miss
75 http fetch GET 200 https://registry.npmjs.org/@sveltejs%2fkit 499ms (cache miss)
76 silly packumentCache full:https://registry.npmjs.org/@sveltejs%2fkit set size:undefined disposed:false
77 silly fetch manifest @opentelemetry/api@^1.0.0
78 silly packumentCache full:https://registry.npmjs.org/@opentelemetry%2fapi cache-miss
79 http cache https://registry.npmjs.org/@opentelemetry%2fapi 6ms (cache hit)
80 silly packumentCache full:https://registry.npmjs.org/@opentelemetry%2fapi set size:455567 disposed:false
81 silly fetch manifest @sveltejs/vite-plugin-svelte@^3.0.0 || ^4.0.0-next.1 || ^5.0.0 || ^6.0.0-next.0
82 silly packumentCache full:https://registry.npmjs.org/@sveltejs%2fvite-plugin-svelte cache-miss
83 http fetch GET 200 https://registry.npmjs.org/@sveltejs%2fvite-plugin-svelte 86ms (cache miss)
84 silly packumentCache full:https://registry.npmjs.org/@sveltejs%2fvite-plugin-svelte set size:undefined disposed:false
85 silly fetch manifest svelte@^5.0.0
86 silly packumentCache full:https://registry.npmjs.org/svelte cache-miss
87 http fetch GET 200 https://registry.npmjs.org/svelte 189ms (cache miss)
88 silly packumentCache full:https://registry.npmjs.org/svelte set size:undefined disposed:false
89 silly fetch manifest vite@^6.3.0 || ^7.0.0
90 silly packumentCache full:https://registry.npmjs.org/vite cache-miss
91 http fetch GET 200 https://registry.npmjs.org/vite 1085ms (cache miss)
92 silly packumentCache full:https://registry.npmjs.org/vite set size:undefined disposed:false
93 silly fetch manifest @types/node@^20
94 silly packumentCache full:https://registry.npmjs.org/@types%2fnode cache-miss
95 http fetch GET 200 https://registry.npmjs.org/@types%2fnode 529ms (cache miss)
96 silly packumentCache full:https://registry.npmjs.org/@types%2fnode set size:undefined disposed:false
97 silly fetch manifest jiti@>=1.21.0
98 silly packumentCache full:https://registry.npmjs.org/jiti cache-miss
99 http fetch GET 200 https://registry.npmjs.org/jiti 112ms (cache miss)
100 silly packumentCache full:https://registry.npmjs.org/jiti set size:undefined disposed:false
101 silly fetch manifest less@^4.0.0
102 silly packumentCache full:https://registry.npmjs.org/less cache-miss
103 http fetch GET 200 https://registry.npmjs.org/less 49ms (cache miss)
104 silly packumentCache full:https://registry.npmjs.org/less set size:undefined disposed:false
105 silly fetch manifest lightningcss@^1.21.0
106 silly packumentCache full:https://registry.npmjs.org/lightningcss cache-miss
107 http fetch GET 200 https://registry.npmjs.org/lightningcss 45ms (cache miss)
108 silly packumentCache full:https://registry.npmjs.org/lightningcss set size:undefined disposed:false
109 silly fetch manifest sass@^1.70.0
110 silly packumentCache full:https://registry.npmjs.org/sass cache-miss
111 http cache https://registry.npmjs.org/sass 3ms (cache hit)
112 silly packumentCache full:https://registry.npmjs.org/sass set size:722061 disposed:false
113 silly fetch manifest sass-embedded@^1.70.0
114 silly packumentCache full:https://registry.npmjs.org/sass-embedded cache-miss
115 http fetch GET 200 https://registry.npmjs.org/sass-embedded 72ms (cache miss)
116 silly packumentCache full:https://registry.npmjs.org/sass-embedded set size:undefined disposed:false
117 silly fetch manifest stylus@>=0.54.8
118 silly packumentCache full:https://registry.npmjs.org/stylus cache-miss
119 http fetch GET 200 https://registry.npmjs.org/stylus 39ms (cache miss)
120 silly packumentCache full:https://registry.npmjs.org/stylus set size:undefined disposed:false
121 silly fetch manifest sugarss@^5.0.0
122 silly packumentCache full:https://registry.npmjs.org/sugarss cache-miss
123 http fetch GET 200 https://registry.npmjs.org/sugarss 58ms (cache miss)
124 silly packumentCache full:https://registry.npmjs.org/sugarss set size:undefined disposed:false
125 silly fetch manifest postcss@^8.3.3
126 silly packumentCache full:https://registry.npmjs.org/postcss cache-miss
127 http fetch GET 200 https://registry.npmjs.org/postcss 63ms (cache miss)
128 silly packumentCache full:https://registry.npmjs.org/postcss set size:undefined disposed:false
129 silly fetch manifest terser@^5.16.0
130 silly packumentCache full:https://registry.npmjs.org/terser cache-miss
131 http fetch GET 200 https://registry.npmjs.org/terser 54ms (cache miss)
132 silly packumentCache full:https://registry.npmjs.org/terser set size:undefined disposed:false
133 silly fetch manifest tsx@^4.8.1
134 silly packumentCache full:https://registry.npmjs.org/tsx cache-miss
135 http fetch GET 200 https://registry.npmjs.org/tsx 73ms (cache miss)
136 silly packumentCache full:https://registry.npmjs.org/tsx set size:undefined disposed:false
137 silly fetch manifest yaml@^2.4.2
138 silly packumentCache full:https://registry.npmjs.org/yaml cache-miss
139 http fetch GET 200 https://registry.npmjs.org/yaml 64ms (cache miss)
140 silly packumentCache full:https://registry.npmjs.org/yaml set size:undefined disposed:false
141 silly fetch manifest vue@^3
142 silly packumentCache full:https://registry.npmjs.org/vue cache-miss
143 http fetch GET 200 https://registry.npmjs.org/vue 71ms (cache miss)
144 silly packumentCache full:https://registry.npmjs.org/vue set size:undefined disposed:false
145 silly fetch manifest vue-router@^4
146 silly packumentCache full:https://registry.npmjs.org/vue-router cache-miss
147 http fetch GET 200 https://registry.npmjs.org/vue-router 126ms (cache miss)
148 silly packumentCache full:https://registry.npmjs.org/vue-router set size:undefined disposed:false
149 silly fetch manifest @vercel/postgres@^0.10.0
150 silly packumentCache full:https://registry.npmjs.org/@vercel%2fpostgres cache-miss
151 http fetch GET 200 https://registry.npmjs.org/@vercel%2fpostgres 83ms (cache miss)
152 silly packumentCache full:https://registry.npmjs.org/@vercel%2fpostgres set size:undefined disposed:false
153 silly fetch manifest @vercel/speed-insights@^1.3.1
154 silly packumentCache full:https://registry.npmjs.org/@vercel%2fspeed-insights cache-miss
155 http fetch GET 200 https://registry.npmjs.org/@vercel%2fspeed-insights 101ms (cache miss)
156 silly packumentCache full:https://registry.npmjs.org/@vercel%2fspeed-insights set size:undefined disposed:false
157 silly fetch manifest clsx@^2.1.1
158 silly packumentCache full:https://registry.npmjs.org/clsx cache-miss
159 http fetch GET 200 https://registry.npmjs.org/clsx 50ms (cache miss)
160 silly packumentCache full:https://registry.npmjs.org/clsx set size:undefined disposed:false
161 silly fetch manifest framer-motion@^12.23.26
162 silly packumentCache full:https://registry.npmjs.org/framer-motion cache-miss
163 http fetch GET 200 https://registry.npmjs.org/framer-motion 525ms (cache miss)
164 silly packumentCache full:https://registry.npmjs.org/framer-motion set size:undefined disposed:false
165 silly fetch manifest @emotion/is-prop-valid@*
166 silly packumentCache full:https://registry.npmjs.org/@emotion%2fis-prop-valid cache-miss
167 http fetch GET 200 https://registry.npmjs.org/@emotion%2fis-prop-valid 87ms (cache miss)
168 silly packumentCache full:https://registry.npmjs.org/@emotion%2fis-prop-valid set size:undefined disposed:false
169 silly fetch manifest lucide-react@^0.562.0
170 silly packumentCache full:https://registry.npmjs.org/lucide-react cache-miss
171 http fetch GET 200 https://registry.npmjs.org/lucide-react 114ms (cache miss)
172 silly packumentCache full:https://registry.npmjs.org/lucide-react set size:undefined disposed:false
173 silly fetch manifest sharp@^0.34.5
174 silly packumentCache full:https://registry.npmjs.org/sharp cache-miss
175 http fetch GET 200 https://registry.npmjs.org/sharp 126ms (cache miss)
176 silly packumentCache full:https://registry.npmjs.org/sharp set size:undefined disposed:false
177 silly fetch manifest tailwind-merge@^3.4.0
178 silly packumentCache full:https://registry.npmjs.org/tailwind-merge cache-miss
179 http fetch GET 200 https://registry.npmjs.org/tailwind-merge 57ms (cache miss)
180 silly packumentCache full:https://registry.npmjs.org/tailwind-merge set size:undefined disposed:false
181 silly fetch manifest @tailwindcss/postcss@^4
182 silly packumentCache full:https://registry.npmjs.org/@tailwindcss%2fpostcss cache-miss
183 http fetch GET 200 https://registry.npmjs.org/@tailwindcss%2fpostcss 114ms (cache miss)
184 silly packumentCache full:https://registry.npmjs.org/@tailwindcss%2fpostcss set size:undefined disposed:false
185 silly fetch manifest @types/pg@^8.16.0
186 silly packumentCache full:https://registry.npmjs.org/@types%2fpg cache-miss
187 http fetch GET 200 https://registry.npmjs.org/@types%2fpg 92ms (cache miss)
188 silly packumentCache full:https://registry.npmjs.org/@types%2fpg set size:undefined disposed:false
189 silly fetch manifest @types/react@^19
190 silly packumentCache full:https://registry.npmjs.org/@types%2freact cache-miss
191 http fetch GET 200 https://registry.npmjs.org/@types%2freact 89ms (cache miss)
192 silly packumentCache full:https://registry.npmjs.org/@types%2freact set size:undefined disposed:false
193 silly fetch manifest @types/react-dom@^19
194 silly packumentCache full:https://registry.npmjs.org/@types%2freact-dom cache-miss
195 http fetch GET 200 https://registry.npmjs.org/@types%2freact-dom 73ms (cache miss)
196 silly packumentCache full:https://registry.npmjs.org/@types%2freact-dom set size:undefined disposed:false
197 silly fetch manifest dotenv@^17.2.3
198 silly packumentCache full:https://registry.npmjs.org/dotenv cache-miss
199 http fetch GET 200 https://registry.npmjs.org/dotenv 105ms (cache miss)
200 silly packumentCache full:https://registry.npmjs.org/dotenv set size:undefined disposed:false
201 silly fetch manifest eslint@^9
202 silly packumentCache full:https://registry.npmjs.org/eslint cache-miss
203 http fetch GET 200 https://registry.npmjs.org/eslint 62ms (cache miss)
204 silly packumentCache full:https://registry.npmjs.org/eslint set size:undefined disposed:false
205 silly fetch manifest jiti@*
206 silly packumentCache full:https://registry.npmjs.org/jiti cache-miss
207 http cache https://registry.npmjs.org/jiti 3ms (cache hit)
208 silly packumentCache full:https://registry.npmjs.org/jiti set size:382310 disposed:false
209 silly fetch manifest eslint-config-next@16.0.10
210 silly packumentCache full:https://registry.npmjs.org/eslint-config-next cache-miss
211 http fetch GET 200 https://registry.npmjs.org/eslint-config-next 191ms (cache miss)
212 silly packumentCache full:https://registry.npmjs.org/eslint-config-next set size:undefined disposed:false
213 silly fetch manifest pg@^8.16.3
214 silly packumentCache full:https://registry.npmjs.org/pg cache-miss
215 http fetch GET 200 https://registry.npmjs.org/pg 63ms (cache miss)
216 silly packumentCache full:https://registry.npmjs.org/pg set size:undefined disposed:false
217 silly fetch manifest pg-native@>=3.0.1
218 silly packumentCache full:https://registry.npmjs.org/pg-native cache-miss
219 http fetch GET 200 https://registry.npmjs.org/pg-native 50ms (cache miss)
220 silly packumentCache full:https://registry.npmjs.org/pg-native set size:undefined disposed:false
221 silly fetch manifest plop@^4.0.5
222 silly packumentCache full:https://registry.npmjs.org/plop cache-miss
223 http fetch GET 200 https://registry.npmjs.org/plop 81ms (cache miss)
224 silly packumentCache full:https://registry.npmjs.org/plop set size:undefined disposed:false
225 silly fetch manifest prettier@^3.8.1
226 silly packumentCache full:https://registry.npmjs.org/prettier cache-miss
227 http fetch GET 200 https://registry.npmjs.org/prettier 65ms (cache miss)
228 silly packumentCache full:https://registry.npmjs.org/prettier set size:undefined disposed:false
229 silly fetch manifest prettier-plugin-tailwindcss@^0.7.2
230 silly packumentCache full:https://registry.npmjs.org/prettier-plugin-tailwindcss cache-miss
231 http fetch GET 200 https://registry.npmjs.org/prettier-plugin-tailwindcss 63ms (cache miss)
232 silly packumentCache full:https://registry.npmjs.org/prettier-plugin-tailwindcss set size:undefined disposed:false
233 silly fetch manifest @ianvs/prettier-plugin-sort-imports@*
234 silly packumentCache full:https://registry.npmjs.org/@ianvs%2fprettier-plugin-sort-imports cache-miss
235 http fetch GET 200 https://registry.npmjs.org/@ianvs%2fprettier-plugin-sort-imports 106ms (cache miss)
236 silly packumentCache full:https://registry.npmjs.org/@ianvs%2fprettier-plugin-sort-imports set size:undefined disposed:false
237 silly fetch manifest @prettier/plugin-oxc@^0.0.4 || ^0.1.0
238 silly packumentCache full:https://registry.npmjs.org/@prettier%2fplugin-oxc cache-miss
239 http fetch GET 200 https://registry.npmjs.org/@prettier%2fplugin-oxc 61ms (cache miss)
240 silly packumentCache full:https://registry.npmjs.org/@prettier%2fplugin-oxc set size:undefined disposed:false
241 silly fetch manifest @vue/compiler-sfc@2.7.x || 3.x
242 silly packumentCache full:https://registry.npmjs.org/@vue%2fcompiler-sfc cache-miss
243 http fetch GET 200 https://registry.npmjs.org/@vue%2fcompiler-sfc 81ms (cache miss)
244 silly packumentCache full:https://registry.npmjs.org/@vue%2fcompiler-sfc set size:undefined disposed:false
245 silly fetch manifest content-tag@^4.0.0
246 silly packumentCache full:https://registry.npmjs.org/content-tag cache-miss
247 http fetch GET 200 https://registry.npmjs.org/content-tag 43ms (cache miss)
248 silly packumentCache full:https://registry.npmjs.org/content-tag set size:undefined disposed:false
249 silly fetch manifest prettier-plugin-ember-template-tag@^2.1.0
250 silly packumentCache full:https://registry.npmjs.org/prettier-plugin-ember-template-tag cache-miss
251 http fetch GET 200 https://registry.npmjs.org/prettier-plugin-ember-template-tag 60ms (cache miss)
252 silly packumentCache full:https://registry.npmjs.org/prettier-plugin-ember-template-tag set size:undefined disposed:false
253 silly fetch manifest @prettier/plugin-hermes@*
254 silly packumentCache full:https://registry.npmjs.org/@prettier%2fplugin-hermes cache-miss
255 http fetch GET 200 https://registry.npmjs.org/@prettier%2fplugin-hermes 59ms (cache miss)
256 silly packumentCache full:https://registry.npmjs.org/@prettier%2fplugin-hermes set size:undefined disposed:false
257 silly fetch manifest @prettier/plugin-pug@*
258 silly packumentCache full:https://registry.npmjs.org/@prettier%2fplugin-pug cache-miss
259 http fetch GET 200 https://registry.npmjs.org/@prettier%2fplugin-pug 110ms (cache miss)
260 silly packumentCache full:https://registry.npmjs.org/@prettier%2fplugin-pug set size:undefined disposed:false
261 silly fetch manifest @shopify/prettier-plugin-liquid@*
262 silly packumentCache full:https://registry.npmjs.org/@shopify%2fprettier-plugin-liquid cache-miss
263 http fetch GET 200 https://registry.npmjs.org/@shopify%2fprettier-plugin-liquid 78ms (cache miss)
264 silly packumentCache full:https://registry.npmjs.org/@shopify%2fprettier-plugin-liquid set size:undefined disposed:false
265 silly fetch manifest @trivago/prettier-plugin-sort-imports@*
266 silly packumentCache full:https://registry.npmjs.org/@trivago%2fprettier-plugin-sort-imports cache-miss
267 http fetch GET 200 https://registry.npmjs.org/@trivago%2fprettier-plugin-sort-imports 89ms (cache miss)
268 silly packumentCache full:https://registry.npmjs.org/@trivago%2fprettier-plugin-sort-imports set size:undefined disposed:false
269 silly fetch manifest prettier-plugin-svelte@3.x
270 silly packumentCache full:https://registry.npmjs.org/prettier-plugin-svelte cache-miss
271 http fetch GET 200 https://registry.npmjs.org/prettier-plugin-svelte 47ms (cache miss)
272 silly packumentCache full:https://registry.npmjs.org/prettier-plugin-svelte set size:undefined disposed:false
273 silly fetch manifest svelte@^3.2.0 || ^4.0.0-next.0 || ^5.0.0-next.0
274 silly packumentCache full:https://registry.npmjs.org/svelte cache-miss
275 http cache https://registry.npmjs.org/svelte 7ms (cache hit)
276 silly packumentCache full:https://registry.npmjs.org/svelte set size:4511558 disposed:false
277 silly fetch manifest @zackad/prettier-plugin-twig@*
278 silly packumentCache full:https://registry.npmjs.org/@zackad%2fprettier-plugin-twig cache-miss
279 http fetch GET 200 https://registry.npmjs.org/@zackad%2fprettier-plugin-twig 63ms (cache miss)
280 silly packumentCache full:https://registry.npmjs.org/@zackad%2fprettier-plugin-twig set size:undefined disposed:false
281 silly fetch manifest prettier-plugin-astro@*
282 silly packumentCache full:https://registry.npmjs.org/prettier-plugin-astro cache-miss
283 http fetch GET 200 https://registry.npmjs.org/prettier-plugin-astro 61ms (cache miss)
284 silly packumentCache full:https://registry.npmjs.org/prettier-plugin-astro set size:undefined disposed:false
285 silly fetch manifest prettier-plugin-css-order@*
286 silly packumentCache full:https://registry.npmjs.org/prettier-plugin-css-order cache-miss
287 http fetch GET 200 https://registry.npmjs.org/prettier-plugin-css-order 51ms (cache miss)
288 silly packumentCache full:https://registry.npmjs.org/prettier-plugin-css-order set size:undefined disposed:false
289 silly fetch manifest prettier-plugin-jsdoc@*
290 silly packumentCache full:https://registry.npmjs.org/prettier-plugin-jsdoc cache-miss
291 http fetch GET 200 https://registry.npmjs.org/prettier-plugin-jsdoc 49ms (cache miss)
292 silly packumentCache full:https://registry.npmjs.org/prettier-plugin-jsdoc set size:undefined disposed:false
293 silly fetch manifest prettier-plugin-marko@*
294 silly packumentCache full:https://registry.npmjs.org/prettier-plugin-marko cache-miss
295 http fetch GET 200 https://registry.npmjs.org/prettier-plugin-marko 45ms (cache miss)
296 silly packumentCache full:https://registry.npmjs.org/prettier-plugin-marko set size:undefined disposed:false
297 silly fetch manifest prettier-plugin-multiline-arrays@*
298 silly packumentCache full:https://registry.npmjs.org/prettier-plugin-multiline-arrays cache-miss
299 http fetch GET 200 https://registry.npmjs.org/prettier-plugin-multiline-arrays 48ms (cache miss)
300 silly packumentCache full:https://registry.npmjs.org/prettier-plugin-multiline-arrays set size:undefined disposed:false
301 silly fetch manifest prettier-plugin-organize-attributes@*
302 silly packumentCache full:https://registry.npmjs.org/prettier-plugin-organize-attributes cache-miss
303 http fetch GET 200 https://registry.npmjs.org/prettier-plugin-organize-attributes 36ms (cache miss)
304 silly packumentCache full:https://registry.npmjs.org/prettier-plugin-organize-attributes set size:undefined disposed:false
305 silly fetch manifest prettier-plugin-organize-imports@*
306 silly packumentCache full:https://registry.npmjs.org/prettier-plugin-organize-imports cache-miss
307 http fetch GET 200 https://registry.npmjs.org/prettier-plugin-organize-imports 47ms (cache miss)
308 silly packumentCache full:https://registry.npmjs.org/prettier-plugin-organize-imports set size:undefined disposed:false
309 silly fetch manifest vue-tsc@^2.1.0 || 3
310 silly packumentCache full:https://registry.npmjs.org/vue-tsc cache-miss
311 http fetch GET 200 https://registry.npmjs.org/vue-tsc 76ms (cache miss)
312 silly packumentCache full:https://registry.npmjs.org/vue-tsc set size:undefined disposed:false
313 silly fetch manifest prettier-plugin-sort-imports@*
314 silly packumentCache full:https://registry.npmjs.org/prettier-plugin-sort-imports cache-miss
315 http fetch GET 200 https://registry.npmjs.org/prettier-plugin-sort-imports 43ms (cache miss)
316 silly packumentCache full:https://registry.npmjs.org/prettier-plugin-sort-imports set size:undefined disposed:false
317 silly fetch manifest tailwindcss@^4
318 silly packumentCache full:https://registry.npmjs.org/tailwindcss cache-miss
319 http fetch GET 200 https://registry.npmjs.org/tailwindcss 193ms (cache miss)
320 silly packumentCache full:https://registry.npmjs.org/tailwindcss set size:undefined disposed:false
321 silly placeDep ROOT @next/third-parties@16.1.6 OK for: edgdirectresponsev3@0.1.0 want: ^16.1.1
322 silly placeDep ROOT next@16.0.10 OK for: @next/third-parties@16.1.6 want: ^13.0.0 || ^14.0.0 || ^15.0.0 || ^16.0.0-beta.0
323 silly placeDep ROOT react@19.2.1 OK for: next@16.0.10 want: ^18.2.0 || 19.0.0-rc-de68d2f4-20241204 || ^19.0.0
324 silly placeDep ROOT react-dom@19.2.1 OK for: next@16.0.10 want: ^18.2.0 || 19.0.0-rc-de68d2f4-20241204 || ^19.0.0
325 silly placeDep ROOT @playwright/test@1.58.2 OK for: edgdirectresponsev3@0.1.0 want: ^1.58.1
326 silly placeDep ROOT @supabase/supabase-js@2.95.3 OK for: edgdirectresponsev3@0.1.0 want: ^2.90.1
327 silly placeDep ROOT @tailwindcss/postcss@4.1.18 OK for: edgdirectresponsev3@0.1.0 want: ^4
328 silly placeDep ROOT @types/node@20.19.32 OK for: edgdirectresponsev3@0.1.0 want: ^20
329 silly placeDep ROOT @types/pg@8.16.0 OK for: edgdirectresponsev3@0.1.0 want: ^8.16.0
330 silly placeDep ROOT @types/react@19.2.13 OK for: edgdirectresponsev3@0.1.0 want: ^19
331 silly placeDep ROOT @types/react-dom@19.2.3 OK for: edgdirectresponsev3@0.1.0 want: ^19
332 silly placeDep ROOT @vercel/analytics@1.6.1 OK for: edgdirectresponsev3@0.1.0 want: ^1.6.1
333 silly placeDep ROOT @vercel/postgres@0.10.0 OK for: edgdirectresponsev3@0.1.0 want: ^0.10.0
334 silly placeDep ROOT @vercel/speed-insights@1.3.1 OK for: edgdirectresponsev3@0.1.0 want: ^1.3.1
335 silly placeDep ROOT clsx@2.1.1 OK for: edgdirectresponsev3@0.1.0 want: ^2.1.1
336 silly placeDep ROOT dotenv@17.2.4 OK for: edgdirectresponsev3@0.1.0 want: ^17.2.3
337 silly placeDep ROOT eslint@9.39.2 OK for: edgdirectresponsev3@0.1.0 want: ^9
338 silly placeDep ROOT eslint-config-next@16.0.10 OK for: edgdirectresponsev3@0.1.0 want: 16.0.10
339 silly placeDep ROOT framer-motion@12.33.0 OK for: edgdirectresponsev3@0.1.0 want: ^12.23.26
340 silly placeDep ROOT lucide-react@0.562.0 OK for: edgdirectresponsev3@0.1.0 want: ^0.562.0
341 silly placeDep ROOT pg@8.18.0 OK for: edgdirectresponsev3@0.1.0 want: ^8.16.3
342 silly placeDep ROOT plop@4.0.5 OK for: edgdirectresponsev3@0.1.0 want: ^4.0.5
343 silly placeDep ROOT prettier@3.8.1 OK for: edgdirectresponsev3@0.1.0 want: ^3.8.1
344 silly placeDep ROOT prettier-plugin-tailwindcss@0.7.2 OK for: edgdirectresponsev3@0.1.0 want: ^0.7.2
345 silly placeDep ROOT sharp@0.34.5 OK for: edgdirectresponsev3@0.1.0 want: ^0.34.5
346 silly placeDep ROOT tailwind-merge@3.4.0 OK for: edgdirectresponsev3@0.1.0 want: ^3.4.0
347 silly placeDep ROOT tailwindcss@4.1.18 OK for: edgdirectresponsev3@0.1.0 want: ^4
348 silly placeDep ROOT typescript@5.9.3 OK for: edgdirectresponsev3@0.1.0 want: ^5
349 silly fetch manifest third-party-capital@1.0.20
350 silly packumentCache full:https://registry.npmjs.org/third-party-capital cache-miss
351 silly fetch manifest postcss@8.4.31
352 silly packumentCache full:https://registry.npmjs.org/postcss cache-miss
353 silly fetch manifest @next/env@16.0.10
354 silly packumentCache full:https://registry.npmjs.org/@next%2fenv cache-miss
355 silly fetch manifest styled-jsx@5.1.6
356 silly packumentCache full:https://registry.npmjs.org/styled-jsx cache-miss
357 silly fetch manifest @swc/helpers@0.5.15
358 silly packumentCache full:https://registry.npmjs.org/@swc%2fhelpers cache-miss
359 silly fetch manifest caniuse-lite@^1.0.30001579
360 silly packumentCache full:https://registry.npmjs.org/caniuse-lite cache-miss
361 silly fetch manifest sharp@^0.34.4
362 silly packumentCache full:https://registry.npmjs.org/sharp cache-miss
363 silly fetch manifest @next/swc-darwin-x64@16.0.10
364 silly packumentCache full:https://registry.npmjs.org/@next%2fswc-darwin-x64 cache-miss
365 silly fetch manifest @next/swc-darwin-arm64@16.0.10
366 silly packumentCache full:https://registry.npmjs.org/@next%2fswc-darwin-arm64 cache-miss
367 http cache https://registry.npmjs.org/postcss 12ms (cache hit)
368 silly packumentCache full:https://registry.npmjs.org/postcss set size:696248 disposed:false
369 silly fetch manifest @next/swc-linux-x64-gnu@16.0.10
370 silly packumentCache full:https://registry.npmjs.org/@next%2fswc-linux-x64-gnu cache-miss
371 http cache https://registry.npmjs.org/sharp 16ms (cache hit)
372 silly packumentCache full:https://registry.npmjs.org/sharp set size:1034463 disposed:false
373 silly fetch manifest @next/swc-linux-x64-musl@16.0.10
374 silly packumentCache full:https://registry.npmjs.org/@next%2fswc-linux-x64-musl cache-miss
375 http fetch GET 200 https://registry.npmjs.org/third-party-capital 134ms (cache miss)
376 silly packumentCache full:https://registry.npmjs.org/third-party-capital set size:undefined disposed:false
377 silly fetch manifest @next/swc-win32-x64-msvc@16.0.10
378 silly packumentCache full:https://registry.npmjs.org/@next%2fswc-win32-x64-msvc cache-miss
379 http fetch GET 200 https://registry.npmjs.org/styled-jsx 145ms (cache miss)
380 silly packumentCache full:https://registry.npmjs.org/styled-jsx set size:undefined disposed:false
381 silly fetch manifest @next/swc-linux-arm64-gnu@16.0.10
382 silly packumentCache full:https://registry.npmjs.org/@next%2fswc-linux-arm64-gnu cache-miss
383 http fetch GET 200 https://registry.npmjs.org/@swc%2fhelpers 159ms (cache miss)
384 silly packumentCache full:https://registry.npmjs.org/@swc%2fhelpers set size:undefined disposed:false
385 silly fetch manifest @next/swc-linux-arm64-musl@16.0.10
386 silly packumentCache full:https://registry.npmjs.org/@next%2fswc-linux-arm64-musl cache-miss
387 http fetch GET 200 https://registry.npmjs.org/@next%2fenv 187ms (cache miss)
388 silly packumentCache full:https://registry.npmjs.org/@next%2fenv set size:undefined disposed:false
389 silly fetch manifest @next/swc-win32-arm64-msvc@16.0.10
390 silly packumentCache full:https://registry.npmjs.org/@next%2fswc-win32-arm64-msvc cache-miss
391 http fetch GET 200 https://registry.npmjs.org/caniuse-lite 224ms (cache miss)
392 silly packumentCache full:https://registry.npmjs.org/caniuse-lite set size:undefined disposed:false
393 silly fetch manifest scheduler@^0.27.0
394 silly packumentCache full:https://registry.npmjs.org/scheduler cache-miss
395 http fetch GET 200 https://registry.npmjs.org/@next%2fswc-linux-x64-gnu 272ms (cache miss)
396 silly packumentCache full:https://registry.npmjs.org/@next%2fswc-linux-x64-gnu set size:undefined disposed:false
397 silly fetch manifest playwright@1.58.2
398 silly packumentCache full:https://registry.npmjs.org/playwright cache-miss
399 http fetch GET 200 https://registry.npmjs.org/@next%2fswc-darwin-arm64 306ms (cache miss)
400 silly packumentCache full:https://registry.npmjs.org/@next%2fswc-darwin-arm64 set size:undefined disposed:false
401 silly fetch manifest @supabase/auth-js@2.95.3
402 silly packumentCache full:https://registry.npmjs.org/@supabase%2fauth-js cache-miss
403 http fetch GET 200 https://registry.npmjs.org/@next%2fswc-win32-x64-msvc 196ms (cache miss)
404 silly packumentCache full:https://registry.npmjs.org/@next%2fswc-win32-x64-msvc set size:undefined disposed:false
405 silly fetch manifest @supabase/functions-js@2.95.3
406 silly packumentCache full:https://registry.npmjs.org/@supabase%2ffunctions-js cache-miss
407 http fetch GET 200 https://registry.npmjs.org/@next%2fswc-darwin-x64 383ms (cache miss)
408 silly packumentCache full:https://registry.npmjs.org/@next%2fswc-darwin-x64 set size:undefined disposed:false
409 silly fetch manifest @supabase/postgrest-js@2.95.3
410 silly packumentCache full:https://registry.npmjs.org/@supabase%2fpostgrest-js cache-miss
411 http fetch GET 200 https://registry.npmjs.org/@next%2fswc-linux-x64-musl 385ms (cache miss)
412 silly packumentCache full:https://registry.npmjs.org/@next%2fswc-linux-x64-musl set size:undefined disposed:false
413 silly fetch manifest @supabase/realtime-js@2.95.3
414 silly packumentCache full:https://registry.npmjs.org/@supabase%2frealtime-js cache-miss
415 http fetch GET 200 https://registry.npmjs.org/@next%2fswc-linux-arm64-musl 255ms (cache miss)
416 silly packumentCache full:https://registry.npmjs.org/@next%2fswc-linux-arm64-musl set size:undefined disposed:false
417 silly fetch manifest @supabase/storage-js@2.95.3
418 silly packumentCache full:https://registry.npmjs.org/@supabase%2fstorage-js cache-miss
419 http fetch GET 200 https://registry.npmjs.org/@supabase%2fauth-js 126ms (cache miss)
420 silly packumentCache full:https://registry.npmjs.org/@supabase%2fauth-js set size:undefined disposed:false
421 silly fetch manifest postcss@^8.4.41
422 silly packumentCache full:https://registry.npmjs.org/postcss cache-hit
423 silly fetch manifest tailwindcss@4.1.18
424 silly packumentCache full:https://registry.npmjs.org/tailwindcss cache-miss
425 http fetch GET 200 https://registry.npmjs.org/@supabase%2ffunctions-js 106ms (cache miss)
426 silly packumentCache full:https://registry.npmjs.org/@supabase%2ffunctions-js set size:undefined disposed:false
427 silly fetch manifest @alloc/quick-lru@^5.2.0
428 silly packumentCache full:https://registry.npmjs.org/@alloc%2fquick-lru cache-miss
429 http fetch GET 200 https://registry.npmjs.org/@next%2fswc-linux-arm64-gnu 314ms (cache miss)
430 silly packumentCache full:https://registry.npmjs.org/@next%2fswc-linux-arm64-gnu set size:undefined disposed:false
431 silly fetch manifest @tailwindcss/node@4.1.18
432 silly packumentCache full:https://registry.npmjs.org/@tailwindcss%2fnode cache-miss
433 http cache https://registry.npmjs.org/tailwindcss 37ms (cache hit)
434 silly packumentCache full:https://registry.npmjs.org/tailwindcss set size:10156862 disposed:false
435 silly fetch manifest @tailwindcss/oxide@4.1.18
436 silly packumentCache full:https://registry.npmjs.org/@tailwindcss%2foxide cache-miss
437 http fetch GET 200 https://registry.npmjs.org/@next%2fswc-win32-arm64-msvc 328ms (cache miss)
438 silly packumentCache full:https://registry.npmjs.org/@next%2fswc-win32-arm64-msvc set size:undefined disposed:false
439 silly fetch manifest undici-types@~6.21.0
440 silly packumentCache full:https://registry.npmjs.org/undici-types cache-miss
441 http fetch GET 200 https://registry.npmjs.org/@supabase%2fstorage-js 122ms (cache miss)
442 silly packumentCache full:https://registry.npmjs.org/@supabase%2fstorage-js set size:undefined disposed:false
443 silly fetch manifest pg-types@^2.2.0
444 silly packumentCache full:https://registry.npmjs.org/pg-types cache-miss
445 http fetch GET 200 https://registry.npmjs.org/@supabase%2fpostgrest-js 165ms (cache miss)
446 silly packumentCache full:https://registry.npmjs.org/@supabase%2fpostgrest-js set size:undefined disposed:false
447 silly fetch manifest pg-protocol@*
448 silly packumentCache full:https://registry.npmjs.org/pg-protocol cache-miss
449 http fetch GET 200 https://registry.npmjs.org/@supabase%2frealtime-js 149ms (cache miss)
450 silly packumentCache full:https://registry.npmjs.org/@supabase%2frealtime-js set size:undefined disposed:false
451 silly fetch manifest csstype@^3.2.2
452 silly packumentCache full:https://registry.npmjs.org/csstype cache-miss
453 http fetch GET 200 https://registry.npmjs.org/scheduler 341ms (cache miss)
454 silly packumentCache full:https://registry.npmjs.org/scheduler set size:undefined disposed:false
455 silly fetch manifest ws@^8.17.1
456 silly packumentCache full:https://registry.npmjs.org/ws cache-miss
457 http fetch GET 200 https://registry.npmjs.org/@alloc%2fquick-lru 132ms (cache miss)
458 silly packumentCache full:https://registry.npmjs.org/@alloc%2fquick-lru set size:undefined disposed:false
459 silly fetch manifest bufferutil@^4.0.8
460 silly packumentCache full:https://registry.npmjs.org/bufferutil cache-miss
461 http fetch GET 200 https://registry.npmjs.org/undici-types 54ms (cache miss)
462 silly packumentCache full:https://registry.npmjs.org/undici-types set size:undefined disposed:false
463 silly fetch manifest @neondatabase/serverless@^0.9.3
464 silly packumentCache full:https://registry.npmjs.org/@neondatabase%2fserverless cache-miss
465 http fetch GET 200 https://registry.npmjs.org/csstype 52ms (cache miss)
466 silly packumentCache full:https://registry.npmjs.org/csstype set size:undefined disposed:false
467 silly fetch manifest ajv@^6.12.4
468 silly packumentCache full:https://registry.npmjs.org/ajv cache-miss
469 http fetch GET 200 https://registry.npmjs.org/pg-protocol 58ms (cache miss)
470 silly packumentCache full:https://registry.npmjs.org/pg-protocol set size:undefined disposed:false
471 silly fetch manifest chalk@^4.0.0
472 silly packumentCache full:https://registry.npmjs.org/chalk cache-miss
473 http fetch GET 200 https://registry.npmjs.org/pg-types 70ms (cache miss)
474 silly packumentCache full:https://registry.npmjs.org/pg-types set size:undefined disposed:false
475 silly fetch manifest debug@^4.3.2
476 silly packumentCache full:https://registry.npmjs.org/debug cache-miss
477 http fetch GET 200 https://registry.npmjs.org/bufferutil 43ms (cache miss)
478 silly packumentCache full:https://registry.npmjs.org/bufferutil set size:undefined disposed:false
479 silly fetch manifest espree@^10.4.0
480 silly packumentCache full:https://registry.npmjs.org/espree cache-miss
481 http fetch GET 200 https://registry.npmjs.org/@tailwindcss%2fnode 154ms (cache miss)
482 silly packumentCache full:https://registry.npmjs.org/@tailwindcss%2fnode set size:undefined disposed:false
483 silly fetch manifest ignore@^5.2.0
484 silly packumentCache full:https://registry.npmjs.org/ignore cache-miss
485 http fetch GET 200 https://registry.npmjs.org/playwright 343ms (cache miss)
486 silly packumentCache full:https://registry.npmjs.org/playwright set size:undefined disposed:false
487 silly fetch manifest esquery@^1.5.0
488 silly packumentCache full:https://registry.npmjs.org/esquery cache-miss
489 http fetch GET 200 https://registry.npmjs.org/chalk 80ms (cache miss)
490 silly packumentCache full:https://registry.npmjs.org/chalk set size:undefined disposed:false
491 silly fetch manifest esutils@^2.0.2
492 silly packumentCache full:https://registry.npmjs.org/esutils cache-miss
493 http fetch GET 200 https://registry.npmjs.org/@neondatabase%2fserverless 109ms (cache miss)
494 silly packumentCache full:https://registry.npmjs.org/@neondatabase%2fserverless set size:undefined disposed:false
495 silly fetch manifest find-up@^5.0.0
496 silly packumentCache full:https://registry.npmjs.org/find-up cache-miss
497 http fetch GET 200 https://registry.npmjs.org/debug 82ms (cache miss)
498 silly packumentCache full:https://registry.npmjs.org/debug set size:undefined disposed:false
499 silly fetch manifest is-glob@^4.0.0
500 silly packumentCache full:https://registry.npmjs.org/is-glob cache-miss
501 http fetch GET 200 https://registry.npmjs.org/ignore 73ms (cache miss)
502 silly packumentCache full:https://registry.npmjs.org/ignore set size:undefined disposed:false
503 silly fetch manifest minimatch@^3.1.2
504 silly packumentCache full:https://registry.npmjs.org/minimatch cache-miss
505 http fetch GET 200 https://registry.npmjs.org/espree 81ms (cache miss)
506 silly packumentCache full:https://registry.npmjs.org/espree set size:undefined disposed:false
507 silly fetch manifest @eslint/js@9.39.2
508 silly packumentCache full:https://registry.npmjs.org/@eslint%2fjs cache-miss
509 http fetch GET 200 https://registry.npmjs.org/@tailwindcss%2foxide 195ms (cache miss)
510 silly packumentCache full:https://registry.npmjs.org/@tailwindcss%2foxide set size:undefined disposed:false
511 silly fetch manifest optionator@^0.9.3
512 silly packumentCache full:https://registry.npmjs.org/optionator cache-miss
513 http fetch GET 200 https://registry.npmjs.org/ws 151ms (cache miss)
514 silly packumentCache full:https://registry.npmjs.org/ws set size:undefined disposed:false
515 silly fetch manifest cross-spawn@^7.0.6
516 silly packumentCache full:https://registry.npmjs.org/cross-spawn cache-miss
517 http fetch GET 200 https://registry.npmjs.org/ajv 114ms (cache miss)
518 silly packumentCache full:https://registry.npmjs.org/ajv set size:undefined disposed:false
519 silly fetch manifest glob-parent@^6.0.2
520 silly packumentCache full:https://registry.npmjs.org/glob-parent cache-miss
521 http fetch GET 200 https://registry.npmjs.org/esquery 55ms (cache miss)
522 silly packumentCache full:https://registry.npmjs.org/esquery set size:undefined disposed:false
523 silly fetch manifest imurmurhash@^0.1.4
524 silly packumentCache full:https://registry.npmjs.org/imurmurhash cache-miss
525 http fetch GET 200 https://registry.npmjs.org/esutils 49ms (cache miss)
526 silly packumentCache full:https://registry.npmjs.org/esutils set size:undefined disposed:false
527 silly fetch manifest @eslint/core@^0.17.0
528 silly packumentCache full:https://registry.npmjs.org/@eslint%2fcore cache-miss
529 http fetch GET 200 https://registry.npmjs.org/minimatch 50ms (cache miss)
530 silly packumentCache full:https://registry.npmjs.org/minimatch set size:undefined disposed:false
531 silly fetch manifest eslint-scope@^8.4.0
532 silly packumentCache full:https://registry.npmjs.org/eslint-scope cache-miss
533 http fetch GET 200 https://registry.npmjs.org/is-glob 56ms (cache miss)
534 silly packumentCache full:https://registry.npmjs.org/is-glob set size:undefined disposed:false
535 silly fetch manifest lodash.merge@^4.6.2
536 silly packumentCache full:https://registry.npmjs.org/lodash.merge cache-miss
537 http fetch GET 200 https://registry.npmjs.org/optionator 48ms (cache miss)
538 silly packumentCache full:https://registry.npmjs.org/optionator set size:undefined disposed:false
539 silly fetch manifest @humanfs/node@^0.16.6
540 silly packumentCache full:https://registry.npmjs.org/@humanfs%2fnode cache-miss
541 http fetch GET 200 https://registry.npmjs.org/find-up 76ms (cache miss)
542 silly packumentCache full:https://registry.npmjs.org/find-up set size:undefined disposed:false
543 silly fetch manifest @types/estree@^1.0.6
544 silly packumentCache full:https://registry.npmjs.org/@types%2festree cache-miss
545 http fetch GET 200 https://registry.npmjs.org/cross-spawn 50ms (cache miss)
546 silly packumentCache full:https://registry.npmjs.org/cross-spawn set size:undefined disposed:false
547 silly fetch manifest fast-deep-equal@^3.1.3
548 silly packumentCache full:https://registry.npmjs.org/fast-deep-equal cache-miss
549 http fetch GET 200 https://registry.npmjs.org/@eslint%2fjs 74ms (cache miss)
550 silly packumentCache full:https://registry.npmjs.org/@eslint%2fjs set size:undefined disposed:false
551 silly fetch manifest natural-compare@^1.4.0
552 silly packumentCache full:https://registry.npmjs.org/natural-compare cache-miss
553 http fetch GET 200 https://registry.npmjs.org/imurmurhash 42ms (cache miss)
554 silly packumentCache full:https://registry.npmjs.org/imurmurhash set size:undefined disposed:false
555 silly fetch manifest @eslint/eslintrc@^3.3.1
556 silly packumentCache full:https://registry.npmjs.org/@eslint%2feslintrc cache-miss
557 http fetch GET 200 https://registry.npmjs.org/eslint-scope 39ms (cache miss)
558 silly packumentCache full:https://registry.npmjs.org/eslint-scope set size:undefined disposed:false
559 silly fetch manifest file-entry-cache@^8.0.0
560 silly packumentCache full:https://registry.npmjs.org/file-entry-cache cache-miss
561 http fetch GET 200 https://registry.npmjs.org/glob-parent 65ms (cache miss)
562 silly packumentCache full:https://registry.npmjs.org/glob-parent set size:undefined disposed:false
563 silly fetch manifest @eslint/plugin-kit@^0.4.1
564 silly packumentCache full:https://registry.npmjs.org/@eslint%2fplugin-kit cache-miss
565 http fetch GET 200 https://registry.npmjs.org/lodash.merge 72ms (cache miss)
566 silly packumentCache full:https://registry.npmjs.org/lodash.merge set size:undefined disposed:false
567 silly fetch manifest eslint-visitor-keys@^4.2.1
568 silly packumentCache full:https://registry.npmjs.org/eslint-visitor-keys cache-miss
569 http fetch GET 200 https://registry.npmjs.org/fast-deep-equal 53ms (cache miss)
570 silly packumentCache full:https://registry.npmjs.org/fast-deep-equal set size:undefined disposed:false
571 silly fetch manifest @eslint/config-array@^0.21.1
572 silly packumentCache full:https://registry.npmjs.org/@eslint%2fconfig-array cache-miss
573 http fetch GET 200 https://registry.npmjs.org/@humanfs%2fnode 68ms (cache miss)
574 silly packumentCache full:https://registry.npmjs.org/@humanfs%2fnode set size:undefined disposed:false
575 silly fetch manifest @humanwhocodes/retry@^0.4.2
576 silly packumentCache full:https://registry.npmjs.org/@humanwhocodes%2fretry cache-miss
577 http fetch GET 200 https://registry.npmjs.org/@eslint%2fcore 92ms (cache miss)
578 silly packumentCache full:https://registry.npmjs.org/@eslint%2fcore set size:undefined disposed:false
579 silly fetch manifest escape-string-regexp@^4.0.0
580 silly packumentCache full:https://registry.npmjs.org/escape-string-regexp cache-miss
581 http fetch GET 200 https://registry.npmjs.org/file-entry-cache 49ms (cache miss)
582 silly packumentCache full:https://registry.npmjs.org/file-entry-cache set size:undefined disposed:false
583 silly fetch manifest @eslint/config-helpers@^0.4.2
584 silly packumentCache full:https://registry.npmjs.org/@eslint%2fconfig-helpers cache-miss
585 http fetch GET 200 https://registry.npmjs.org/natural-compare 65ms (cache miss)
586 silly packumentCache full:https://registry.npmjs.org/natural-compare set size:undefined disposed:false
587 silly fetch manifest @eslint-community/regexpp@^4.12.1
588 silly packumentCache full:https://registry.npmjs.org/@eslint-community%2fregexpp cache-miss
589 http fetch GET 200 https://registry.npmjs.org/@eslint%2feslintrc 75ms (cache miss)
590 silly packumentCache full:https://registry.npmjs.org/@eslint%2feslintrc set size:undefined disposed:false
591 silly fetch manifest @eslint-community/eslint-utils@^4.8.0
592 silly packumentCache full:https://registry.npmjs.org/@eslint-community%2feslint-utils cache-miss
593 http fetch GET 200 https://registry.npmjs.org/@types%2festree 105ms (cache miss)
594 silly packumentCache full:https://registry.npmjs.org/@types%2festree set size:undefined disposed:false
595 silly fetch manifest @humanwhocodes/module-importer@^1.0.1
596 silly packumentCache full:https://registry.npmjs.org/@humanwhocodes%2fmodule-importer cache-miss
597 http fetch GET 200 https://registry.npmjs.org/eslint-visitor-keys 55ms (cache miss)
598 silly packumentCache full:https://registry.npmjs.org/eslint-visitor-keys set size:undefined disposed:false
599 silly fetch manifest json-stable-stringify-without-jsonify@^1.0.1
600 silly packumentCache full:https://registry.npmjs.org/json-stable-stringify-without-jsonify cache-miss
601 http fetch GET 200 https://registry.npmjs.org/escape-string-regexp 51ms (cache miss)
602 silly packumentCache full:https://registry.npmjs.org/escape-string-regexp set size:undefined disposed:false
603 silly fetch manifest globals@16.4.0
604 silly packumentCache full:https://registry.npmjs.org/globals cache-miss
605 http fetch GET 200 https://registry.npmjs.org/@humanwhocodes%2fretry 74ms (cache miss)
606 silly packumentCache full:https://registry.npmjs.org/@humanwhocodes%2fretry set size:undefined disposed:false
607 silly fetch manifest typescript-eslint@^8.46.0
608 silly packumentCache full:https://registry.npmjs.org/typescript-eslint cache-miss
609 http fetch GET 200 https://registry.npmjs.org/@eslint-community%2fregexpp 65ms (cache miss)
610 silly packumentCache full:https://registry.npmjs.org/@eslint-community%2fregexpp set size:undefined disposed:false
611 silly fetch manifest eslint-plugin-react@^7.37.0
612 silly packumentCache full:https://registry.npmjs.org/eslint-plugin-react cache-miss
613 http fetch GET 200 https://registry.npmjs.org/@eslint-community%2feslint-utils 63ms (cache miss)
614 silly packumentCache full:https://registry.npmjs.org/@eslint-community%2feslint-utils set size:undefined disposed:false
615 silly fetch manifest eslint-plugin-import@^2.32.0
616 silly packumentCache full:https://registry.npmjs.org/eslint-plugin-import cache-miss
617 http fetch GET 200 https://registry.npmjs.org/@eslint%2fconfig-helpers 82ms (cache miss)
618 silly packumentCache full:https://registry.npmjs.org/@eslint%2fconfig-helpers set size:undefined disposed:false
619 silly fetch manifest eslint-plugin-jsx-a11y@^6.10.0
620 silly packumentCache full:https://registry.npmjs.org/eslint-plugin-jsx-a11y cache-miss
621 http fetch GET 200 https://registry.npmjs.org/@eslint%2fconfig-array 99ms (cache miss)
622 silly packumentCache full:https://registry.npmjs.org/@eslint%2fconfig-array set size:undefined disposed:false
623 silly fetch manifest @next/eslint-plugin-next@16.0.10
624 silly packumentCache full:https://registry.npmjs.org/@next%2feslint-plugin-next cache-miss
625 http fetch GET 200 https://registry.npmjs.org/json-stable-stringify-without-jsonify 46ms (cache miss)
626 silly packumentCache full:https://registry.npmjs.org/json-stable-stringify-without-jsonify set size:undefined disposed:false
627 silly fetch manifest eslint-plugin-react-hooks@^7.0.0
628 silly packumentCache full:https://registry.npmjs.org/eslint-plugin-react-hooks cache-miss
629 http fetch GET 200 https://registry.npmjs.org/globals 53ms (cache miss)
630 silly packumentCache full:https://registry.npmjs.org/globals set size:undefined disposed:false
631 silly fetch manifest eslint-import-resolver-node@^0.3.6
632 silly packumentCache full:https://registry.npmjs.org/eslint-import-resolver-node cache-miss
633 http fetch GET 200 https://registry.npmjs.org/@humanwhocodes%2fmodule-importer 89ms (cache miss)
634 silly packumentCache full:https://registry.npmjs.org/@humanwhocodes%2fmodule-importer set size:undefined disposed:false
635 silly fetch manifest eslint-import-resolver-typescript@^3.5.2
636 silly packumentCache full:https://registry.npmjs.org/eslint-import-resolver-typescript cache-miss
637 http fetch GET 200 https://registry.npmjs.org/@eslint%2fplugin-kit 188ms (cache miss)
638 silly packumentCache full:https://registry.npmjs.org/@eslint%2fplugin-kit set size:undefined disposed:false
639 silly fetch manifest tslib@^2.4.0
640 silly packumentCache full:https://registry.npmjs.org/tslib cache-miss
641 http fetch GET 200 https://registry.npmjs.org/eslint-plugin-react 76ms (cache miss)
642 silly packumentCache full:https://registry.npmjs.org/eslint-plugin-react set size:undefined disposed:false
643 silly fetch manifest motion-dom@^12.33.0
644 silly packumentCache full:https://registry.npmjs.org/motion-dom cache-miss
645 http fetch GET 200 https://registry.npmjs.org/eslint-import-resolver-node 50ms (cache miss)
646 silly packumentCache full:https://registry.npmjs.org/eslint-import-resolver-node set size:undefined disposed:false
647 silly fetch manifest motion-utils@^12.29.2
648 silly packumentCache full:https://registry.npmjs.org/motion-utils cache-miss
649 http fetch GET 200 https://registry.npmjs.org/eslint-plugin-import 75ms (cache miss)
650 silly packumentCache full:https://registry.npmjs.org/eslint-plugin-import set size:undefined disposed:false
651 silly fetch manifest pg-connection-string@^2.11.0
652 silly packumentCache full:https://registry.npmjs.org/pg-connection-string cache-miss
653 http fetch GET 200 https://registry.npmjs.org/eslint-import-resolver-typescript 48ms (cache miss)
654 silly packumentCache full:https://registry.npmjs.org/eslint-import-resolver-typescript set size:undefined disposed:false
655 silly fetch manifest pg-pool@^3.11.0
656 silly packumentCache full:https://registry.npmjs.org/pg-pool cache-miss
657 http fetch GET 200 https://registry.npmjs.org/tslib 53ms (cache miss)
658 silly packumentCache full:https://registry.npmjs.org/tslib set size:undefined disposed:false
659 silly fetch manifest pg-protocol@^1.11.0
660 silly packumentCache full:https://registry.npmjs.org/pg-protocol cache-miss
661 http cache https://registry.npmjs.org/pg-protocol 4ms (cache hit)
662 silly packumentCache full:https://registry.npmjs.org/pg-protocol set size:47734 disposed:false
663 silly fetch manifest pg-types@2.2.0
664 silly packumentCache full:https://registry.npmjs.org/pg-types cache-miss
665 http fetch GET 200 https://registry.npmjs.org/typescript-eslint 137ms (cache miss)
666 silly packumentCache full:https://registry.npmjs.org/typescript-eslint set size:undefined disposed:false
667 silly fetch manifest pgpass@1.0.5
668 silly packumentCache full:https://registry.npmjs.org/pgpass cache-miss
669 http cache https://registry.npmjs.org/pg-types 15ms (cache hit)
670 silly packumentCache full:https://registry.npmjs.org/pg-types set size:51397 disposed:false
671 silly fetch manifest pg-cloudflare@^1.3.0
672 silly packumentCache full:https://registry.npmjs.org/pg-cloudflare cache-miss
673 http fetch GET 200 https://registry.npmjs.org/motion-utils 66ms (cache miss)
674 silly packumentCache full:https://registry.npmjs.org/motion-utils set size:undefined disposed:false
675 silly fetch manifest @types/liftoff@^4.0.3
676 silly packumentCache full:https://registry.npmjs.org/@types%2fliftoff cache-miss
677 http fetch GET 200 https://registry.npmjs.org/eslint-plugin-jsx-a11y 134ms (cache miss)
678 silly packumentCache full:https://registry.npmjs.org/eslint-plugin-jsx-a11y set size:undefined disposed:false
679 silly fetch manifest interpret@^3.1.1
680 silly packumentCache full:https://registry.npmjs.org/interpret cache-miss
681 http fetch GET 200 https://registry.npmjs.org/motion-dom 77ms (cache miss)
682 silly packumentCache full:https://registry.npmjs.org/motion-dom set size:undefined disposed:false
683 silly fetch manifest liftoff@^5.0.1
684 silly packumentCache full:https://registry.npmjs.org/liftoff cache-miss
685 http fetch GET 200 https://registry.npmjs.org/pg-connection-string 70ms (cache miss)
686 silly packumentCache full:https://registry.npmjs.org/pg-connection-string set size:undefined disposed:false
687 silly fetch manifest nanospinner@^1.2.2
688 silly packumentCache full:https://registry.npmjs.org/nanospinner cache-miss
689 http fetch GET 200 https://registry.npmjs.org/pg-pool 58ms (cache miss)
690 silly packumentCache full:https://registry.npmjs.org/pg-pool set size:undefined disposed:false
691 silly fetch manifest node-plop@^0.32.3
692 silly packumentCache full:https://registry.npmjs.org/node-plop cache-miss
693 http fetch GET 200 https://registry.npmjs.org/pg-cloudflare 45ms (cache miss)
694 silly packumentCache full:https://registry.npmjs.org/pg-cloudflare set size:undefined disposed:false
695 silly fetch manifest picocolors@^1.1.1
696 silly packumentCache full:https://registry.npmjs.org/picocolors cache-miss
697 http fetch GET 200 https://registry.npmjs.org/@types%2fliftoff 49ms (cache miss)
698 silly packumentCache full:https://registry.npmjs.org/@types%2fliftoff set size:undefined disposed:false
699 silly fetch manifest v8flags@^4.0.1
700 silly packumentCache full:https://registry.npmjs.org/v8flags cache-miss
701 http fetch GET 200 https://registry.npmjs.org/pgpass 64ms (cache miss)
702 silly packumentCache full:https://registry.npmjs.org/pgpass set size:undefined disposed:false
703 silly fetch manifest semver@^7.7.3
704 silly packumentCache full:https://registry.npmjs.org/semver cache-miss
705 http fetch GET 200 https://registry.npmjs.org/interpret 56ms (cache miss)
706 silly packumentCache full:https://registry.npmjs.org/interpret set size:undefined disposed:false
707 silly fetch manifest @img/colour@^1.0.0
708 silly packumentCache full:https://registry.npmjs.org/@img%2fcolour cache-miss
709 http fetch GET 200 https://registry.npmjs.org/liftoff 116ms (cache miss)
710 silly packumentCache full:https://registry.npmjs.org/liftoff set size:undefined disposed:false
711 silly fetch manifest detect-libc@^2.1.2
712 silly packumentCache full:https://registry.npmjs.org/detect-libc cache-miss
713 http fetch GET 200 https://registry.npmjs.org/eslint-plugin-react-hooks 252ms (cache miss)
714 silly packumentCache full:https://registry.npmjs.org/eslint-plugin-react-hooks set size:undefined disposed:false
715 silly fetch manifest @img/sharp-wasm32@0.34.5
716 silly packumentCache full:https://registry.npmjs.org/@img%2fsharp-wasm32 cache-miss
717 http fetch GET 200 https://registry.npmjs.org/nanospinner 128ms (cache miss)
718 silly packumentCache full:https://registry.npmjs.org/nanospinner set size:undefined disposed:false
719 silly fetch manifest @img/sharp-linux-arm@0.34.5
720 silly packumentCache full:https://registry.npmjs.org/@img%2fsharp-linux-arm cache-miss
721 http fetch GET 200 https://registry.npmjs.org/@next%2feslint-plugin-next 274ms (cache miss)
722 silly packumentCache full:https://registry.npmjs.org/@next%2feslint-plugin-next set size:undefined disposed:false
723 silly fetch manifest @img/sharp-linux-x64@0.34.5
724 silly packumentCache full:https://registry.npmjs.org/@img%2fsharp-linux-x64 cache-miss
725 http fetch GET 200 https://registry.npmjs.org/v8flags 112ms (cache miss)
726 silly packumentCache full:https://registry.npmjs.org/v8flags set size:undefined disposed:false
727 silly fetch manifest @img/sharp-win32-x64@0.34.5
728 silly packumentCache full:https://registry.npmjs.org/@img%2fsharp-win32-x64 cache-miss
729 http fetch GET 200 https://registry.npmjs.org/picocolors 119ms (cache miss)
730 silly packumentCache full:https://registry.npmjs.org/picocolors set size:undefined disposed:false
731 silly fetch manifest @img/sharp-darwin-x64@0.34.5
732 silly packumentCache full:https://registry.npmjs.org/@img%2fsharp-darwin-x64 cache-miss
733 http fetch GET 200 https://registry.npmjs.org/@img%2fcolour 104ms (cache miss)
734 silly packumentCache full:https://registry.npmjs.org/@img%2fcolour set size:undefined disposed:false
735 silly fetch manifest @img/sharp-win32-ia32@0.34.5
736 silly packumentCache full:https://registry.npmjs.org/@img%2fsharp-win32-ia32 cache-miss
737 http fetch GET 200 https://registry.npmjs.org/semver 106ms (cache miss)
738 silly packumentCache full:https://registry.npmjs.org/semver set size:undefined disposed:false
739 silly fetch manifest @img/sharp-linux-arm64@0.34.5
740 silly packumentCache full:https://registry.npmjs.org/@img%2fsharp-linux-arm64 cache-miss
741 http fetch GET 200 https://registry.npmjs.org/node-plop 145ms (cache miss)
742 silly packumentCache full:https://registry.npmjs.org/node-plop set size:undefined disposed:false
743 silly fetch manifest @img/sharp-linux-ppc64@0.34.5
744 silly packumentCache full:https://registry.npmjs.org/@img%2fsharp-linux-ppc64 cache-miss
745 http fetch GET 200 https://registry.npmjs.org/detect-libc 44ms (cache miss)
746 silly packumentCache full:https://registry.npmjs.org/detect-libc set size:undefined disposed:false
747 silly fetch manifest @img/sharp-linux-s390x@0.34.5
748 silly packumentCache full:https://registry.npmjs.org/@img%2fsharp-linux-s390x cache-miss
749 http fetch GET 200 https://registry.npmjs.org/@img%2fsharp-wasm32 70ms (cache miss)
750 silly packumentCache full:https://registry.npmjs.org/@img%2fsharp-wasm32 set size:undefined disposed:false
751 silly fetch manifest @img/sharp-win32-arm64@0.34.5
752 silly packumentCache full:https://registry.npmjs.org/@img%2fsharp-win32-arm64 cache-miss
753 http fetch GET 200 https://registry.npmjs.org/@img%2fsharp-linux-arm 77ms (cache miss)
754 silly packumentCache full:https://registry.npmjs.org/@img%2fsharp-linux-arm set size:undefined disposed:false
755 silly fetch manifest @img/sharp-darwin-arm64@0.34.5
756 silly packumentCache full:https://registry.npmjs.org/@img%2fsharp-darwin-arm64 cache-miss
757 http fetch GET 200 https://registry.npmjs.org/@img%2fsharp-darwin-x64 67ms (cache miss)
758 silly packumentCache full:https://registry.npmjs.org/@img%2fsharp-darwin-x64 set size:undefined disposed:false
759 silly fetch manifest @img/sharp-linux-riscv64@0.34.5
760 silly packumentCache full:https://registry.npmjs.org/@img%2fsharp-linux-riscv64 cache-miss
761 http fetch GET 200 https://registry.npmjs.org/@img%2fsharp-linux-arm64 66ms (cache miss)
762 silly packumentCache full:https://registry.npmjs.org/@img%2fsharp-linux-arm64 set size:undefined disposed:false
763 silly fetch manifest @img/sharp-linuxmusl-x64@0.34.5
764 silly packumentCache full:https://registry.npmjs.org/@img%2fsharp-linuxmusl-x64 cache-miss
765 http fetch GET 200 https://registry.npmjs.org/@img%2fsharp-win32-x64 70ms (cache miss)
766 silly packumentCache full:https://registry.npmjs.org/@img%2fsharp-win32-x64 set size:undefined disposed:false
767 silly fetch manifest @img/sharp-linuxmusl-arm64@0.34.5
768 silly packumentCache full:https://registry.npmjs.org/@img%2fsharp-linuxmusl-arm64 cache-miss
769 http fetch GET 200 https://registry.npmjs.org/@img%2fsharp-linux-x64 76ms (cache miss)
770 silly packumentCache full:https://registry.npmjs.org/@img%2fsharp-linux-x64 set size:undefined disposed:false
771 silly fetch manifest @img/sharp-libvips-linux-arm@1.2.4
772 silly packumentCache full:https://registry.npmjs.org/@img%2fsharp-libvips-linux-arm cache-miss
773 http fetch GET 200 https://registry.npmjs.org/@img%2fsharp-linux-s390x 73ms (cache miss)
774 silly packumentCache full:https://registry.npmjs.org/@img%2fsharp-linux-s390x set size:undefined disposed:false
775 silly fetch manifest @img/sharp-libvips-linux-x64@1.2.4
776 silly packumentCache full:https://registry.npmjs.org/@img%2fsharp-libvips-linux-x64 cache-miss
777 http fetch GET 200 https://registry.npmjs.org/@img%2fsharp-win32-ia32 80ms (cache miss)
778 silly packumentCache full:https://registry.npmjs.org/@img%2fsharp-win32-ia32 set size:undefined disposed:false
779 silly fetch manifest @img/sharp-libvips-darwin-x64@1.2.4
780 silly packumentCache full:https://registry.npmjs.org/@img%2fsharp-libvips-darwin-x64 cache-miss
781 http fetch GET 200 https://registry.npmjs.org/@img%2fsharp-linux-ppc64 98ms (cache miss)
782 silly packumentCache full:https://registry.npmjs.org/@img%2fsharp-linux-ppc64 set size:undefined disposed:false
783 silly fetch manifest @img/sharp-libvips-linux-arm64@1.2.4
784 silly packumentCache full:https://registry.npmjs.org/@img%2fsharp-libvips-linux-arm64 cache-miss
785 http fetch GET 200 https://registry.npmjs.org/@img%2fsharp-linuxmusl-x64 62ms (cache miss)
786 silly packumentCache full:https://registry.npmjs.org/@img%2fsharp-linuxmusl-x64 set size:undefined disposed:false
787 silly fetch manifest @img/sharp-libvips-linux-ppc64@1.2.4
788 silly packumentCache full:https://registry.npmjs.org/@img%2fsharp-libvips-linux-ppc64 cache-miss
789 http fetch GET 200 https://registry.npmjs.org/@img%2fsharp-libvips-linux-arm 64ms (cache miss)
790 silly packumentCache full:https://registry.npmjs.org/@img%2fsharp-libvips-linux-arm set size:undefined disposed:false
791 silly fetch manifest @img/sharp-libvips-linux-s390x@1.2.4
792 silly packumentCache full:https://registry.npmjs.org/@img%2fsharp-libvips-linux-s390x cache-miss
793 http fetch GET 200 https://registry.npmjs.org/@img%2fsharp-linuxmusl-arm64 67ms (cache miss)
794 silly packumentCache full:https://registry.npmjs.org/@img%2fsharp-linuxmusl-arm64 set size:undefined disposed:false
795 silly fetch manifest @img/sharp-libvips-darwin-arm64@1.2.4
796 silly packumentCache full:https://registry.npmjs.org/@img%2fsharp-libvips-darwin-arm64 cache-miss
797 http fetch GET 200 https://registry.npmjs.org/@img%2fsharp-win32-arm64 96ms (cache miss)
798 silly packumentCache full:https://registry.npmjs.org/@img%2fsharp-win32-arm64 set size:undefined disposed:false
799 silly fetch manifest @img/sharp-libvips-linux-riscv64@1.2.4
800 silly packumentCache full:https://registry.npmjs.org/@img%2fsharp-libvips-linux-riscv64 cache-miss
801 http fetch GET 200 https://registry.npmjs.org/@img%2fsharp-darwin-arm64 97ms (cache miss)
802 silly packumentCache full:https://registry.npmjs.org/@img%2fsharp-darwin-arm64 set size:undefined disposed:false
803 silly fetch manifest @img/sharp-libvips-linuxmusl-x64@1.2.4
804 silly packumentCache full:https://registry.npmjs.org/@img%2fsharp-libvips-linuxmusl-x64 cache-miss
805 http fetch GET 200 https://registry.npmjs.org/@img%2fsharp-linux-riscv64 90ms (cache miss)
806 silly packumentCache full:https://registry.npmjs.org/@img%2fsharp-linux-riscv64 set size:undefined disposed:false
807 silly fetch manifest @img/sharp-libvips-linuxmusl-arm64@1.2.4
808 silly packumentCache full:https://registry.npmjs.org/@img%2fsharp-libvips-linuxmusl-arm64 cache-miss
809 http fetch GET 200 https://registry.npmjs.org/@img%2fsharp-libvips-darwin-x64 86ms (cache miss)
810 silly packumentCache full:https://registry.npmjs.org/@img%2fsharp-libvips-darwin-x64 set size:undefined disposed:false
811 http fetch GET 200 https://registry.npmjs.org/@img%2fsharp-libvips-darwin-arm64 74ms (cache miss)
812 silly packumentCache full:https://registry.npmjs.org/@img%2fsharp-libvips-darwin-arm64 set size:undefined disposed:false
813 http fetch GET 200 https://registry.npmjs.org/@img%2fsharp-libvips-linux-x64 131ms (cache miss)
814 silly packumentCache full:https://registry.npmjs.org/@img%2fsharp-libvips-linux-x64 set size:undefined disposed:false
815 http fetch GET 200 https://registry.npmjs.org/@img%2fsharp-libvips-linux-ppc64 82ms (cache miss)
816 silly packumentCache full:https://registry.npmjs.org/@img%2fsharp-libvips-linux-ppc64 set size:undefined disposed:false
817 http fetch GET 200 https://registry.npmjs.org/@img%2fsharp-libvips-linux-s390x 84ms (cache miss)
818 silly packumentCache full:https://registry.npmjs.org/@img%2fsharp-libvips-linux-s390x set size:undefined disposed:false
819 http fetch GET 200 https://registry.npmjs.org/@img%2fsharp-libvips-linux-riscv64 84ms (cache miss)
820 silly packumentCache full:https://registry.npmjs.org/@img%2fsharp-libvips-linux-riscv64 set size:undefined disposed:false
821 http fetch GET 200 https://registry.npmjs.org/@img%2fsharp-libvips-linuxmusl-x64 81ms (cache miss)
822 silly packumentCache full:https://registry.npmjs.org/@img%2fsharp-libvips-linuxmusl-x64 set size:undefined disposed:false
823 http fetch GET 200 https://registry.npmjs.org/@img%2fsharp-libvips-linuxmusl-arm64 94ms (cache miss)
824 silly packumentCache full:https://registry.npmjs.org/@img%2fsharp-libvips-linuxmusl-arm64 set size:undefined disposed:false
825 http fetch GET 200 https://registry.npmjs.org/@img%2fsharp-libvips-linux-arm64 152ms (cache miss)
826 silly packumentCache full:https://registry.npmjs.org/@img%2fsharp-libvips-linux-arm64 set size:undefined disposed:false
827 silly placeDep ROOT third-party-capital@1.0.20 OK for: @next/third-parties@16.1.6 want: 1.0.20
828 silly placeDep ROOT playwright@1.58.2 OK for: @playwright/test@1.58.2 want: 1.58.2
829 silly fetch manifest playwright-core@1.58.2
830 silly packumentCache full:https://registry.npmjs.org/playwright-core cache-miss
831 silly fetch manifest fsevents@2.3.2
832 silly packumentCache full:https://registry.npmjs.org/fsevents cache-miss
833 http fetch GET 200 https://registry.npmjs.org/fsevents 46ms (cache miss)
834 silly packumentCache full:https://registry.npmjs.org/fsevents set size:undefined disposed:false
835 http fetch GET 200 https://registry.npmjs.org/playwright-core 477ms (cache miss)
836 silly packumentCache full:https://registry.npmjs.org/playwright-core set size:undefined disposed:false
837 silly placeDep ROOT @supabase/auth-js@2.95.3 OK for: @supabase/supabase-js@2.95.3 want: 2.95.3
838 silly placeDep ROOT @supabase/functions-js@2.95.3 OK for: @supabase/supabase-js@2.95.3 want: 2.95.3
839 silly placeDep ROOT @supabase/postgrest-js@2.95.3 OK for: @supabase/supabase-js@2.95.3 want: 2.95.3
840 silly placeDep ROOT @supabase/realtime-js@2.95.3 OK for: @supabase/supabase-js@2.95.3 want: 2.95.3
841 silly placeDep ROOT @supabase/storage-js@2.95.3 OK for: @supabase/supabase-js@2.95.3 want: 2.95.3
842 silly fetch manifest tslib@2.8.1
843 silly packumentCache full:https://registry.npmjs.org/tslib cache-miss
844 silly fetch manifest tslib@2.8.1
845 silly packumentCache full:https://registry.npmjs.org/tslib cache-miss
846 silly fetch manifest tslib@2.8.1
847 silly packumentCache full:https://registry.npmjs.org/tslib cache-miss
848 silly fetch manifest @types/phoenix@^1.6.6
849 silly packumentCache full:https://registry.npmjs.org/@types%2fphoenix cache-miss
850 silly fetch manifest @types/ws@^8.18.1
851 silly packumentCache full:https://registry.npmjs.org/@types%2fws cache-miss
852 silly fetch manifest tslib@2.8.1
853 silly packumentCache full:https://registry.npmjs.org/tslib cache-miss
854 silly fetch manifest ws@^8.18.2
855 silly packumentCache full:https://registry.npmjs.org/ws cache-miss
856 silly fetch manifest iceberg-js@^0.8.1
857 silly packumentCache full:https://registry.npmjs.org/iceberg-js cache-miss
858 silly fetch manifest tslib@2.8.1
859 silly packumentCache full:https://registry.npmjs.org/tslib cache-miss
860 http cache https://registry.npmjs.org/ws 7ms (cache hit)
861 silly packumentCache full:https://registry.npmjs.org/ws set size:413307 disposed:false
862 http cache https://registry.npmjs.org/tslib 9ms (cache hit)
863 silly packumentCache full:https://registry.npmjs.org/tslib set size:108760 disposed:false
864 http cache https://registry.npmjs.org/tslib 10ms (cache hit)
865 silly packumentCache full:https://registry.npmjs.org/tslib set size:108760 disposed:false
866 silly packumentCache full:https://registry.npmjs.org/tslib dispose
867 http cache https://registry.npmjs.org/tslib 10ms (cache hit)
868 silly packumentCache full:https://registry.npmjs.org/tslib set size:108760 disposed:true
869 silly packumentCache full:https://registry.npmjs.org/tslib dispose
870 http cache https://registry.npmjs.org/tslib 11ms (cache hit)
871 silly packumentCache full:https://registry.npmjs.org/tslib set size:108760 disposed:true
872 silly packumentCache full:https://registry.npmjs.org/tslib dispose
873 http cache https://registry.npmjs.org/tslib 11ms (cache hit)
874 silly packumentCache full:https://registry.npmjs.org/tslib set size:108760 disposed:true
875 silly packumentCache full:https://registry.npmjs.org/tslib dispose
876 http fetch GET 200 https://registry.npmjs.org/iceberg-js 64ms (cache miss)
877 silly packumentCache full:https://registry.npmjs.org/iceberg-js set size:undefined disposed:false
878 http fetch GET 200 https://registry.npmjs.org/@types%2fws 65ms (cache miss)
879 silly packumentCache full:https://registry.npmjs.org/@types%2fws set size:undefined disposed:false
880 http fetch GET 200 https://registry.npmjs.org/@types%2fphoenix 72ms (cache miss)
881 silly packumentCache full:https://registry.npmjs.org/@types%2fphoenix set size:undefined disposed:false
882 silly placeDep ROOT tslib@2.8.1 OK for: @supabase/auth-js@2.95.3 want: 2.8.1
883 silly fetch manifest bufferutil@^4.0.1
884 silly packumentCache full:https://registry.npmjs.org/bufferutil cache-miss
885 http cache https://registry.npmjs.org/bufferutil 1ms (cache hit)
886 silly packumentCache full:https://registry.npmjs.org/bufferutil set size:52763 disposed:false
887 silly fetch manifest utf-8-validate@>=5.0.2
888 silly packumentCache full:https://registry.npmjs.org/utf-8-validate cache-miss
889 http fetch GET 200 https://registry.npmjs.org/utf-8-validate 66ms (cache miss)
890 silly packumentCache full:https://registry.npmjs.org/utf-8-validate set size:undefined disposed:false
891 silly placeDep ROOT @types/phoenix@1.6.7 OK for: @supabase/realtime-js@2.95.3 want: ^1.6.6
892 silly placeDep ROOT @types/ws@8.18.1 OK for: @supabase/realtime-js@2.95.3 want: ^8.18.1
893 silly placeDep ROOT ws@8.19.0 OK for: @supabase/realtime-js@2.95.3 want: ^8.18.2
894 silly placeDep ROOT iceberg-js@0.8.1 OK for: @supabase/storage-js@2.95.3 want: ^0.8.1
895 silly placeDep ROOT @alloc/quick-lru@5.2.0 OK for: @tailwindcss/postcss@4.1.18 want: ^5.2.0
896 silly placeDep ROOT @tailwindcss/node@4.1.18 OK for: @tailwindcss/postcss@4.1.18 want: 4.1.18
897 silly placeDep ROOT @tailwindcss/oxide@4.1.18 OK for: @tailwindcss/postcss@4.1.18 want: 4.1.18
898 silly placeDep ROOT postcss@8.5.6 OK for: @tailwindcss/postcss@4.1.18 want: ^8.4.41
899 silly fetch manifest jiti@^2.6.1
900 silly packumentCache full:https://registry.npmjs.org/jiti cache-hit
901 silly fetch manifest lightningcss@1.30.2
902 silly packumentCache full:https://registry.npmjs.org/lightningcss cache-miss
903 silly fetch manifest magic-string@^0.30.21
904 silly packumentCache full:https://registry.npmjs.org/magic-string cache-miss
905 silly fetch manifest source-map-js@^1.2.1
906 silly packumentCache full:https://registry.npmjs.org/source-map-js cache-miss
907 silly fetch manifest enhanced-resolve@^5.18.3
908 silly packumentCache full:https://registry.npmjs.org/enhanced-resolve cache-miss
909 silly fetch manifest @jridgewell/remapping@^2.3.4
910 silly packumentCache full:https://registry.npmjs.org/@jridgewell%2fremapping cache-miss
911 silly fetch manifest @tailwindcss/oxide-darwin-x64@4.1.18
912 silly packumentCache full:https://registry.npmjs.org/@tailwindcss%2foxide-darwin-x64 cache-miss
913 silly fetch manifest @tailwindcss/oxide-freebsd-x64@4.1.18
914 silly packumentCache full:https://registry.npmjs.org/@tailwindcss%2foxide-freebsd-x64 cache-miss
915 silly fetch manifest @tailwindcss/oxide-wasm32-wasi@4.1.18
916 silly packumentCache full:https://registry.npmjs.org/@tailwindcss%2foxide-wasm32-wasi cache-miss
917 silly fetch manifest @tailwindcss/oxide-darwin-arm64@4.1.18
918 silly packumentCache full:https://registry.npmjs.org/@tailwindcss%2foxide-darwin-arm64 cache-miss
919 http cache https://registry.npmjs.org/lightningcss 3ms (cache hit)
920 silly packumentCache full:https://registry.npmjs.org/lightningcss set size:182441 disposed:false
921 silly fetch manifest @tailwindcss/oxide-android-arm64@4.1.18
922 silly packumentCache full:https://registry.npmjs.org/@tailwindcss%2foxide-android-arm64 cache-miss
923 http fetch GET 200 https://registry.npmjs.org/enhanced-resolve 55ms (cache miss)
924 silly packumentCache full:https://registry.npmjs.org/enhanced-resolve set size:undefined disposed:false
925 silly fetch manifest @tailwindcss/oxide-linux-x64-gnu@4.1.18
926 silly packumentCache full:https://registry.npmjs.org/@tailwindcss%2foxide-linux-x64-gnu cache-miss
927 http fetch GET 200 https://registry.npmjs.org/magic-string 58ms (cache miss)
928 silly packumentCache full:https://registry.npmjs.org/magic-string set size:undefined disposed:false
929 silly fetch manifest @tailwindcss/oxide-linux-x64-musl@4.1.18
930 silly packumentCache full:https://registry.npmjs.org/@tailwindcss%2foxide-linux-x64-musl cache-miss
931 http fetch GET 200 https://registry.npmjs.org/source-map-js 60ms (cache miss)
932 silly packumentCache full:https://registry.npmjs.org/source-map-js set size:undefined disposed:false
933 silly fetch manifest @tailwindcss/oxide-win32-x64-msvc@4.1.18
934 silly packumentCache full:https://registry.npmjs.org/@tailwindcss%2foxide-win32-x64-msvc cache-miss
935 http fetch GET 200 https://registry.npmjs.org/@jridgewell%2fremapping 71ms (cache miss)
936 silly packumentCache full:https://registry.npmjs.org/@jridgewell%2fremapping set size:undefined disposed:false
937 silly fetch manifest @tailwindcss/oxide-linux-arm64-gnu@4.1.18
938 silly packumentCache full:https://registry.npmjs.org/@tailwindcss%2foxide-linux-arm64-gnu cache-miss
939 http fetch GET 200 https://registry.npmjs.org/@tailwindcss%2foxide-wasm32-wasi 90ms (cache miss)
940 silly packumentCache full:https://registry.npmjs.org/@tailwindcss%2foxide-wasm32-wasi set size:undefined disposed:false
941 silly fetch manifest @tailwindcss/oxide-linux-arm64-musl@4.1.18
942 silly packumentCache full:https://registry.npmjs.org/@tailwindcss%2foxide-linux-arm64-musl cache-miss
943 http fetch GET 200 https://registry.npmjs.org/@tailwindcss%2foxide-android-arm64 91ms (cache miss)
944 silly packumentCache full:https://registry.npmjs.org/@tailwindcss%2foxide-android-arm64 set size:undefined disposed:false
945 silly fetch manifest @tailwindcss/oxide-win32-arm64-msvc@4.1.18
946 silly packumentCache full:https://registry.npmjs.org/@tailwindcss%2foxide-win32-arm64-msvc cache-miss
947 http fetch GET 200 https://registry.npmjs.org/@tailwindcss%2foxide-darwin-x64 132ms (cache miss)
948 silly packumentCache full:https://registry.npmjs.org/@tailwindcss%2foxide-darwin-x64 set size:undefined disposed:false
949 silly fetch manifest @tailwindcss/oxide-linux-arm-gnueabihf@4.1.18
950 silly packumentCache full:https://registry.npmjs.org/@tailwindcss%2foxide-linux-arm-gnueabihf cache-miss
951 http fetch GET 200 https://registry.npmjs.org/@tailwindcss%2foxide-freebsd-x64 177ms (cache miss)
952 silly packumentCache full:https://registry.npmjs.org/@tailwindcss%2foxide-freebsd-x64 set size:undefined disposed:false
953 silly fetch manifest nanoid@^3.3.11
954 silly packumentCache full:https://registry.npmjs.org/nanoid cache-miss
955 http fetch GET 200 https://registry.npmjs.org/@tailwindcss%2foxide-darwin-arm64 187ms (cache miss)
956 silly packumentCache full:https://registry.npmjs.org/@tailwindcss%2foxide-darwin-arm64 set size:undefined disposed:false
957 http fetch GET 200 https://registry.npmjs.org/@tailwindcss%2foxide-win32-x64-msvc 134ms (cache miss)
958 silly packumentCache full:https://registry.npmjs.org/@tailwindcss%2foxide-win32-x64-msvc set size:undefined disposed:false
959 http fetch GET 200 https://registry.npmjs.org/@tailwindcss%2foxide-linux-x64-musl 150ms (cache miss)
960 silly packumentCache full:https://registry.npmjs.org/@tailwindcss%2foxide-linux-x64-musl set size:undefined disposed:false
961 http fetch GET 200 https://registry.npmjs.org/@tailwindcss%2foxide-win32-arm64-msvc 119ms (cache miss)
962 silly packumentCache full:https://registry.npmjs.org/@tailwindcss%2foxide-win32-arm64-msvc set size:undefined disposed:false
963 http fetch GET 200 https://registry.npmjs.org/@tailwindcss%2foxide-linux-arm64-gnu 167ms (cache miss)
964 silly packumentCache full:https://registry.npmjs.org/@tailwindcss%2foxide-linux-arm64-gnu set size:undefined disposed:false
965 http fetch GET 200 https://registry.npmjs.org/@tailwindcss%2foxide-linux-arm64-musl 153ms (cache miss)
966 silly packumentCache full:https://registry.npmjs.org/@tailwindcss%2foxide-linux-arm64-musl set size:undefined disposed:false
967 http fetch GET 200 https://registry.npmjs.org/nanoid 72ms (cache miss)
968 silly packumentCache full:https://registry.npmjs.org/nanoid set size:undefined disposed:false
969 http fetch GET 200 https://registry.npmjs.org/@tailwindcss%2foxide-linux-arm-gnueabihf 121ms (cache miss)
970 silly packumentCache full:https://registry.npmjs.org/@tailwindcss%2foxide-linux-arm-gnueabihf set size:undefined disposed:false
971 http fetch GET 200 https://registry.npmjs.org/@tailwindcss%2foxide-linux-x64-gnu 220ms (cache miss)
972 silly packumentCache full:https://registry.npmjs.org/@tailwindcss%2foxide-linux-x64-gnu set size:undefined disposed:false
973 silly placeDep ROOT @jridgewell/remapping@2.3.5 OK for: @tailwindcss/node@4.1.18 want: ^2.3.4
974 silly placeDep ROOT enhanced-resolve@5.19.0 OK for: @tailwindcss/node@4.1.18 want: ^5.18.3
975 silly placeDep ROOT jiti@2.6.1 OK for: @tailwindcss/node@4.1.18 want: ^2.6.1
976 silly placeDep ROOT lightningcss@1.30.2 OK for: @tailwindcss/node@4.1.18 want: 1.30.2
977 silly placeDep ROOT magic-string@0.30.21 OK for: @tailwindcss/node@4.1.18 want: ^0.30.21
978 silly placeDep ROOT source-map-js@1.2.1 OK for: @tailwindcss/node@4.1.18 want: ^1.2.1
979 silly fetch manifest @jridgewell/gen-mapping@^0.3.5
980 silly packumentCache full:https://registry.npmjs.org/@jridgewell%2fgen-mapping cache-miss
981 silly fetch manifest @jridgewell/trace-mapping@^0.3.24
982 silly packumentCache full:https://registry.npmjs.org/@jridgewell%2ftrace-mapping cache-miss
983 silly fetch manifest graceful-fs@^4.2.4
984 silly packumentCache full:https://registry.npmjs.org/graceful-fs cache-miss
985 silly fetch manifest tapable@^2.3.0
986 silly packumentCache full:https://registry.npmjs.org/tapable cache-miss
987 silly fetch manifest detect-libc@^2.0.3
988 silly packumentCache full:https://registry.npmjs.org/detect-libc cache-miss
989 silly fetch manifest lightningcss-darwin-x64@1.30.2
990 silly packumentCache full:https://registry.npmjs.org/lightningcss-darwin-x64 cache-miss
991 silly fetch manifest lightningcss-freebsd-x64@1.30.2
992 silly packumentCache full:https://registry.npmjs.org/lightningcss-freebsd-x64 cache-miss
993 silly fetch manifest lightningcss-darwin-arm64@1.30.2
994 silly packumentCache full:https://registry.npmjs.org/lightningcss-darwin-arm64 cache-miss
995 silly fetch manifest lightningcss-android-arm64@1.30.2
996 silly packumentCache full:https://registry.npmjs.org/lightningcss-android-arm64 cache-miss
997 http cache https://registry.npmjs.org/detect-libc 3ms (cache hit)
998 silly packumentCache full:https://registry.npmjs.org/detect-libc set size:47861 disposed:false
999 silly fetch manifest lightningcss-linux-x64-gnu@1.30.2
1000 silly packumentCache full:https://registry.npmjs.org/lightningcss-linux-x64-gnu cache-miss
1001 http fetch GET 200 https://registry.npmjs.org/lightningcss-freebsd-x64 42ms (cache miss)
1002 silly packumentCache full:https://registry.npmjs.org/lightningcss-freebsd-x64 set size:undefined disposed:false
1003 silly fetch manifest lightningcss-linux-x64-musl@1.30.2
1004 silly packumentCache full:https://registry.npmjs.org/lightningcss-linux-x64-musl cache-miss
1005 http fetch GET 200 https://registry.npmjs.org/lightningcss-darwin-x64 49ms (cache miss)
1006 silly packumentCache full:https://registry.npmjs.org/lightningcss-darwin-x64 set size:undefined disposed:false
1007 silly fetch manifest lightningcss-win32-x64-msvc@1.30.2
1008 silly packumentCache full:https://registry.npmjs.org/lightningcss-win32-x64-msvc cache-miss
1009 http fetch GET 200 https://registry.npmjs.org/lightningcss-darwin-arm64 50ms (cache miss)
1010 silly packumentCache full:https://registry.npmjs.org/lightningcss-darwin-arm64 set size:undefined disposed:false
1011 silly fetch manifest lightningcss-linux-arm64-gnu@1.30.2
1012 silly packumentCache full:https://registry.npmjs.org/lightningcss-linux-arm64-gnu cache-miss
1013 http fetch GET 200 https://registry.npmjs.org/lightningcss-linux-x64-gnu 58ms (cache miss)
1014 silly packumentCache full:https://registry.npmjs.org/lightningcss-linux-x64-gnu set size:undefined disposed:false
1015 silly fetch manifest lightningcss-linux-arm64-musl@1.30.2
1016 silly packumentCache full:https://registry.npmjs.org/lightningcss-linux-arm64-musl cache-miss
1017 http fetch GET 200 https://registry.npmjs.org/lightningcss-android-arm64 62ms (cache miss)
1018 silly packumentCache full:https://registry.npmjs.org/lightningcss-android-arm64 set size:undefined disposed:false
1019 silly fetch manifest lightningcss-win32-arm64-msvc@1.30.2
1020 silly packumentCache full:https://registry.npmjs.org/lightningcss-win32-arm64-msvc cache-miss
1021 http fetch GET 200 https://registry.npmjs.org/@jridgewell%2fgen-mapping 63ms (cache miss)
1022 silly packumentCache full:https://registry.npmjs.org/@jridgewell%2fgen-mapping set size:undefined disposed:false
1023 silly fetch manifest lightningcss-linux-arm-gnueabihf@1.30.2
1024 silly packumentCache full:https://registry.npmjs.org/lightningcss-linux-arm-gnueabihf cache-miss
1025 http fetch GET 200 https://registry.npmjs.org/tapable 63ms (cache miss)
1026 silly packumentCache full:https://registry.npmjs.org/tapable set size:undefined disposed:false
1027 silly fetch manifest @jridgewell/sourcemap-codec@^1.5.5
1028 silly packumentCache full:https://registry.npmjs.org/@jridgewell%2fsourcemap-codec cache-miss
1029 http fetch GET 200 https://registry.npmjs.org/graceful-fs 65ms (cache miss)
1030 silly packumentCache full:https://registry.npmjs.org/graceful-fs set size:undefined disposed:false
1031 http fetch GET 200 https://registry.npmjs.org/@jridgewell%2ftrace-mapping 69ms (cache miss)
1032 silly packumentCache full:https://registry.npmjs.org/@jridgewell%2ftrace-mapping set size:undefined disposed:false
1033 http fetch GET 200 https://registry.npmjs.org/lightningcss-linux-x64-musl 56ms (cache miss)
1034 silly packumentCache full:https://registry.npmjs.org/lightningcss-linux-x64-musl set size:undefined disposed:false
1035 http fetch GET 200 https://registry.npmjs.org/lightningcss-linux-arm64-musl 56ms (cache miss)
1036 silly packumentCache full:https://registry.npmjs.org/lightningcss-linux-arm64-musl set size:undefined disposed:false
1037 http fetch GET 200 https://registry.npmjs.org/lightningcss-linux-arm64-gnu 71ms (cache miss)
1038 silly packumentCache full:https://registry.npmjs.org/lightningcss-linux-arm64-gnu set size:undefined disposed:false
1039 http fetch GET 200 https://registry.npmjs.org/lightningcss-linux-arm-gnueabihf 77ms (cache miss)
1040 silly packumentCache full:https://registry.npmjs.org/lightningcss-linux-arm-gnueabihf set size:undefined disposed:false
1041 http fetch GET 200 https://registry.npmjs.org/lightningcss-win32-arm64-msvc 82ms (cache miss)
1042 silly packumentCache full:https://registry.npmjs.org/lightningcss-win32-arm64-msvc set size:undefined disposed:false
1043 http fetch GET 200 https://registry.npmjs.org/lightningcss-win32-x64-msvc 95ms (cache miss)
1044 silly packumentCache full:https://registry.npmjs.org/lightningcss-win32-x64-msvc set size:undefined disposed:false
1045 http fetch GET 200 https://registry.npmjs.org/@jridgewell%2fsourcemap-codec 137ms (cache miss)
1046 silly packumentCache full:https://registry.npmjs.org/@jridgewell%2fsourcemap-codec set size:undefined disposed:false
1047 silly placeDep ROOT @jridgewell/gen-mapping@0.3.13 OK for: @jridgewell/remapping@2.3.5 want: ^0.3.5
1048 silly placeDep ROOT @jridgewell/trace-mapping@0.3.31 OK for: @jridgewell/remapping@2.3.5 want: ^0.3.24
1049 silly fetch manifest @jridgewell/sourcemap-codec@^1.5.0
1050 silly packumentCache full:https://registry.npmjs.org/@jridgewell%2fsourcemap-codec cache-miss
1051 silly fetch manifest @jridgewell/resolve-uri@^3.1.0
1052 silly packumentCache full:https://registry.npmjs.org/@jridgewell%2fresolve-uri cache-miss
1053 silly fetch manifest @jridgewell/sourcemap-codec@^1.4.14
1054 silly packumentCache full:https://registry.npmjs.org/@jridgewell%2fsourcemap-codec cache-miss
1055 http cache https://registry.npmjs.org/@jridgewell%2fsourcemap-codec 1ms (cache hit)
1056 silly packumentCache full:https://registry.npmjs.org/@jridgewell%2fsourcemap-codec set size:59275 disposed:false
1057 http cache https://registry.npmjs.org/@jridgewell%2fsourcemap-codec 1ms (cache hit)
1058 silly packumentCache full:https://registry.npmjs.org/@jridgewell%2fsourcemap-codec set size:59275 disposed:false
1059 silly packumentCache full:https://registry.npmjs.org/@jridgewell%2fsourcemap-codec dispose
1060 http fetch GET 200 https://registry.npmjs.org/@jridgewell%2fresolve-uri 61ms (cache miss)
1061 silly packumentCache full:https://registry.npmjs.org/@jridgewell%2fresolve-uri set size:undefined disposed:false
1062 silly placeDep ROOT @jridgewell/sourcemap-codec@1.5.5 OK for: @jridgewell/gen-mapping@0.3.13 want: ^1.5.0
1063 silly placeDep ROOT @jridgewell/resolve-uri@3.1.2 OK for: @jridgewell/trace-mapping@0.3.31 want: ^3.1.0
1064 silly placeDep ROOT @tailwindcss/oxide-android-arm64@4.1.18 OK for: @tailwindcss/oxide@4.1.18 want: 4.1.18
1065 silly placeDep ROOT @tailwindcss/oxide-darwin-arm64@4.1.18 OK for: @tailwindcss/oxide@4.1.18 want: 4.1.18
1066 silly placeDep ROOT @tailwindcss/oxide-darwin-x64@4.1.18 OK for: @tailwindcss/oxide@4.1.18 want: 4.1.18
1067 silly placeDep ROOT @tailwindcss/oxide-freebsd-x64@4.1.18 OK for: @tailwindcss/oxide@4.1.18 want: 4.1.18
1068 silly placeDep ROOT @tailwindcss/oxide-linux-arm-gnueabihf@4.1.18 OK for: @tailwindcss/oxide@4.1.18 want: 4.1.18
1069 silly placeDep ROOT @tailwindcss/oxide-linux-arm64-gnu@4.1.18 OK for: @tailwindcss/oxide@4.1.18 want: 4.1.18
1070 silly placeDep ROOT @tailwindcss/oxide-linux-arm64-musl@4.1.18 OK for: @tailwindcss/oxide@4.1.18 want: 4.1.18
1071 silly placeDep ROOT @tailwindcss/oxide-linux-x64-gnu@4.1.18 OK for: @tailwindcss/oxide@4.1.18 want: 4.1.18
1072 silly placeDep ROOT @tailwindcss/oxide-linux-x64-musl@4.1.18 OK for: @tailwindcss/oxide@4.1.18 want: 4.1.18
1073 silly placeDep ROOT @tailwindcss/oxide-wasm32-wasi@4.1.18 OK for: @tailwindcss/oxide@4.1.18 want: 4.1.18
1074 silly placeDep ROOT @tailwindcss/oxide-win32-arm64-msvc@4.1.18 OK for: @tailwindcss/oxide@4.1.18 want: 4.1.18
1075 silly placeDep ROOT @tailwindcss/oxide-win32-x64-msvc@4.1.18 OK for: @tailwindcss/oxide@4.1.18 want: 4.1.18
1076 silly placeDep ROOT undici-types@6.21.0 OK for: @types/node@20.19.32 want: ~6.21.0
1077 silly placeDep ROOT pg-protocol@1.11.0 OK for: @types/pg@8.16.0 want: *
1078 silly placeDep ROOT pg-types@2.2.0 OK for: @types/pg@8.16.0 want: ^2.2.0
1079 silly fetch manifest pg-int8@1.0.1
1080 silly packumentCache full:https://registry.npmjs.org/pg-int8 cache-miss
1081 silly fetch manifest postgres-date@~1.0.4
1082 silly packumentCache full:https://registry.npmjs.org/postgres-date cache-miss
1083 silly fetch manifest postgres-array@~2.0.0
1084 silly packumentCache full:https://registry.npmjs.org/postgres-array cache-miss
1085 silly fetch manifest postgres-bytea@~1.0.0
1086 silly packumentCache full:https://registry.npmjs.org/postgres-bytea cache-miss
1087 silly fetch manifest postgres-interval@^1.1.0
1088 silly packumentCache full:https://registry.npmjs.org/postgres-interval cache-miss
1089 http fetch GET 200 https://registry.npmjs.org/postgres-date 62ms (cache miss)
1090 silly packumentCache full:https://registry.npmjs.org/postgres-date set size:undefined disposed:false
1091 http fetch GET 200 https://registry.npmjs.org/postgres-interval 63ms (cache miss)
1092 silly packumentCache full:https://registry.npmjs.org/postgres-interval set size:undefined disposed:false
1093 http fetch GET 200 https://registry.npmjs.org/postgres-bytea 77ms (cache miss)
1094 silly packumentCache full:https://registry.npmjs.org/postgres-bytea set size:undefined disposed:false
1095 http fetch GET 200 https://registry.npmjs.org/pg-int8 91ms (cache miss)
1096 silly packumentCache full:https://registry.npmjs.org/pg-int8 set size:undefined disposed:false
1097 http fetch GET 200 https://registry.npmjs.org/postgres-array 132ms (cache miss)
1098 silly packumentCache full:https://registry.npmjs.org/postgres-array set size:undefined disposed:false
1099 silly placeDep ROOT csstype@3.2.3 OK for: @types/react@19.2.13 want: ^3.2.2
1100 silly placeDep ROOT @neondatabase/serverless@0.9.5 OK for: @vercel/postgres@0.10.0 want: ^0.9.3
1101 silly placeDep ROOT bufferutil@4.1.0 OK for: @vercel/postgres@0.10.0 want: ^4.0.8
1102 silly fetch manifest @types/pg@8.11.6
1103 silly packumentCache full:https://registry.npmjs.org/@types%2fpg cache-miss
1104 silly fetch manifest node-gyp-build@^4.3.0
1105 silly packumentCache full:https://registry.npmjs.org/node-gyp-build cache-miss
1106 http cache https://registry.npmjs.org/@types%2fpg 2ms (cache hit)
1107 silly packumentCache full:https://registry.npmjs.org/@types%2fpg set size:191651 disposed:false
1108 http fetch GET 200 https://registry.npmjs.org/node-gyp-build 56ms (cache miss)
1109 silly packumentCache full:https://registry.npmjs.org/node-gyp-build set size:undefined disposed:false
1110 silly placeDep node_modules/@neondatabase/serverless @types/pg@8.11.6 OK for: @neondatabase/serverless@0.9.5 want: 8.11.6
1111 silly fetch manifest pg-types@^4.0.1
1112 silly packumentCache full:https://registry.npmjs.org/pg-types cache-hit
1113 silly placeDep ROOT node-gyp-build@4.8.4 OK for: bufferutil@4.1.0 want: ^4.3.0
1114 silly placeDep ROOT graceful-fs@4.2.11 OK for: enhanced-resolve@5.19.0 want: ^4.2.4
1115 silly placeDep ROOT tapable@2.3.0 OK for: enhanced-resolve@5.19.0 want: ^2.3.0
1116 silly fetch manifest eslint@^6.0.0 || ^7.0.0 || >=8.0.0
1117 silly packumentCache full:https://registry.npmjs.org/eslint cache-miss
1118 http cache https://registry.npmjs.org/eslint 3ms (cache hit)
1119 silly packumentCache full:https://registry.npmjs.org/eslint set size:1900626 disposed:false
1120 silly placeDep ROOT @eslint-community/eslint-utils@4.9.1 OK for: eslint@9.39.2 want: ^4.8.0
1121 silly placeDep ROOT @eslint-community/regexpp@4.12.2 OK for: eslint@9.39.2 want: ^4.12.1
1122 silly placeDep ROOT @eslint/config-array@0.21.1 OK for: eslint@9.39.2 want: ^0.21.1
1123 silly placeDep ROOT @eslint/config-helpers@0.4.2 OK for: eslint@9.39.2 want: ^0.4.2
1124 silly placeDep ROOT @eslint/core@0.17.0 OK for: eslint@9.39.2 want: ^0.17.0
1125 silly placeDep ROOT @eslint/eslintrc@3.3.3 OK for: eslint@9.39.2 want: ^3.3.1
1126 silly placeDep ROOT @eslint/js@9.39.2 OK for: eslint@9.39.2 want: 9.39.2
1127 silly placeDep ROOT @eslint/plugin-kit@0.4.1 OK for: eslint@9.39.2 want: ^0.4.1
1128 silly placeDep ROOT @humanfs/node@0.16.7 OK for: eslint@9.39.2 want: ^0.16.6
1129 silly placeDep ROOT @humanwhocodes/module-importer@1.0.1 OK for: eslint@9.39.2 want: ^1.0.1
1130 silly placeDep ROOT @humanwhocodes/retry@0.4.3 OK for: eslint@9.39.2 want: ^0.4.2
1131 silly placeDep ROOT @types/estree@1.0.8 OK for: eslint@9.39.2 want: ^1.0.6
1132 silly placeDep ROOT ajv@6.12.6 OK for: eslint@9.39.2 want: ^6.12.4
1133 silly placeDep ROOT chalk@4.1.2 OK for: eslint@9.39.2 want: ^4.0.0
1134 silly placeDep ROOT cross-spawn@7.0.6 OK for: eslint@9.39.2 want: ^7.0.6
1135 silly placeDep ROOT debug@4.4.3 OK for: eslint@9.39.2 want: ^4.3.2
1136 silly placeDep ROOT escape-string-regexp@4.0.0 OK for: eslint@9.39.2 want: ^4.0.0
1137 silly placeDep ROOT eslint-scope@8.4.0 OK for: eslint@9.39.2 want: ^8.4.0
1138 silly placeDep ROOT eslint-visitor-keys@4.2.1 OK for: eslint@9.39.2 want: ^4.2.1
1139 silly placeDep ROOT espree@10.4.0 OK for: eslint@9.39.2 want: ^10.4.0
1140 silly placeDep ROOT esquery@1.7.0 OK for: eslint@9.39.2 want: ^1.5.0
1141 silly placeDep ROOT esutils@2.0.3 OK for: eslint@9.39.2 want: ^2.0.2
1142 silly placeDep ROOT fast-deep-equal@3.1.3 OK for: eslint@9.39.2 want: ^3.1.3
1143 silly placeDep ROOT file-entry-cache@8.0.0 OK for: eslint@9.39.2 want: ^8.0.0
1144 silly placeDep ROOT find-up@5.0.0 OK for: eslint@9.39.2 want: ^5.0.0
1145 silly placeDep ROOT glob-parent@6.0.2 OK for: eslint@9.39.2 want: ^6.0.2
1146 silly placeDep ROOT ignore@5.3.2 OK for: eslint@9.39.2 want: ^5.2.0
1147 silly placeDep ROOT imurmurhash@0.1.4 OK for: eslint@9.39.2 want: ^0.1.4
1148 silly placeDep ROOT is-glob@4.0.3 OK for: eslint@9.39.2 want: ^4.0.0
1149 silly placeDep ROOT json-stable-stringify-without-jsonify@1.0.1 OK for: eslint@9.39.2 want: ^1.0.1
1150 silly placeDep ROOT lodash.merge@4.6.2 OK for: eslint@9.39.2 want: ^4.6.2
1151 silly placeDep ROOT minimatch@3.1.2 OK for: eslint@9.39.2 want: ^3.1.2
1152 silly placeDep ROOT natural-compare@1.4.0 OK for: eslint@9.39.2 want: ^1.4.0
1153 silly placeDep ROOT optionator@0.9.4 OK for: eslint@9.39.2 want: ^0.9.3
1154 silly fetch manifest eslint-visitor-keys@^3.4.3
1155 silly packumentCache full:https://registry.npmjs.org/eslint-visitor-keys cache-miss
1156 silly fetch manifest debug@^4.3.1
1157 silly packumentCache full:https://registry.npmjs.org/debug cache-miss
1158 silly fetch manifest @eslint/object-schema@^2.1.7
1159 silly packumentCache full:https://registry.npmjs.org/@eslint%2fobject-schema cache-miss
1160 silly fetch manifest @types/json-schema@^7.0.15
1161 silly packumentCache full:https://registry.npmjs.org/@types%2fjson-schema cache-miss
1162 silly fetch manifest espree@^10.0.1
1163 silly packumentCache full:https://registry.npmjs.org/espree cache-miss
1164 silly fetch manifest globals@^14.0.0
1165 silly packumentCache full:https://registry.npmjs.org/globals cache-miss
1166 silly fetch manifest import-fresh@^3.2.1
1167 silly packumentCache full:https://registry.npmjs.org/import-fresh cache-miss
1168 silly fetch manifest js-yaml@^4.1.1
1169 silly packumentCache full:https://registry.npmjs.org/js-yaml cache-miss
1170 silly fetch manifest strip-json-comments@^3.1.1
1171 silly packumentCache full:https://registry.npmjs.org/strip-json-comments cache-miss
1172 http cache https://registry.npmjs.org/espree 7ms (cache hit)
1173 silly packumentCache full:https://registry.npmjs.org/espree set size:320553 disposed:false
1174 silly fetch manifest levn@^0.4.1
1175 silly packumentCache full:https://registry.npmjs.org/levn cache-miss
1176 http cache https://registry.npmjs.org/eslint-visitor-keys 9ms (cache hit)
1177 silly packumentCache full:https://registry.npmjs.org/eslint-visitor-keys set size:67352 disposed:false
1178 silly fetch manifest @humanwhocodes/retry@^0.4.0
1179 silly packumentCache full:https://registry.npmjs.org/@humanwhocodes%2fretry cache-miss
1180 http cache https://registry.npmjs.org/debug 10ms (cache hit)
1181 silly packumentCache full:https://registry.npmjs.org/debug set size:195840 disposed:false
1182 silly fetch manifest @humanfs/core@^0.19.1
1183 silly packumentCache full:https://registry.npmjs.org/@humanfs%2fcore cache-miss
1184 http cache https://registry.npmjs.org/globals 11ms (cache hit)
1185 silly packumentCache full:https://registry.npmjs.org/globals set size:304921 disposed:false
1186 silly fetch manifest uri-js@^4.2.2
1187 silly packumentCache full:https://registry.npmjs.org/uri-js cache-miss
1188 http cache https://registry.npmjs.org/@humanwhocodes%2fretry 4ms (cache hit)
1189 silly packumentCache full:https://registry.npmjs.org/@humanwhocodes%2fretry set size:42348 disposed:false
1190 silly fetch manifest fast-deep-equal@^3.1.1
1191 silly packumentCache full:https://registry.npmjs.org/fast-deep-equal cache-miss
1192 http cache https://registry.npmjs.org/fast-deep-equal 0ms (cache hit)
1193 silly packumentCache full:https://registry.npmjs.org/fast-deep-equal set size:48634 disposed:false
1194 silly fetch manifest json-schema-traverse@^0.4.1
1195 silly packumentCache full:https://registry.npmjs.org/json-schema-traverse cache-miss
1196 http fetch GET 200 https://registry.npmjs.org/levn 45ms (cache miss)
1197 silly packumentCache full:https://registry.npmjs.org/levn set size:undefined disposed:false
1198 silly fetch manifest fast-json-stable-stringify@^2.0.0
1199 silly packumentCache full:https://registry.npmjs.org/fast-json-stable-stringify cache-miss
1200 http fetch GET 200 https://registry.npmjs.org/strip-json-comments 66ms (cache miss)
1201 silly packumentCache full:https://registry.npmjs.org/strip-json-comments set size:undefined disposed:false
1202 silly fetch manifest ansi-styles@^4.1.0
1203 silly packumentCache full:https://registry.npmjs.org/ansi-styles cache-miss
1204 http fetch GET 200 https://registry.npmjs.org/@types%2fjson-schema 68ms (cache miss)
1205 silly packumentCache full:https://registry.npmjs.org/@types%2fjson-schema set size:undefined disposed:false
1206 silly fetch manifest supports-color@^7.1.0
1207 silly packumentCache full:https://registry.npmjs.org/supports-color cache-miss
1208 http fetch GET 200 https://registry.npmjs.org/js-yaml 67ms (cache miss)
1209 silly packumentCache full:https://registry.npmjs.org/js-yaml set size:undefined disposed:false
1210 silly fetch manifest which@^2.0.1
1211 silly packumentCache full:https://registry.npmjs.org/which cache-miss
1212 http fetch GET 200 https://registry.npmjs.org/uri-js 57ms (cache miss)
1213 silly packumentCache full:https://registry.npmjs.org/uri-js set size:undefined disposed:false
1214 silly fetch manifest path-key@^3.1.0
1215 silly packumentCache full:https://registry.npmjs.org/path-key cache-miss
1216 http fetch GET 200 https://registry.npmjs.org/@eslint%2fobject-schema 83ms (cache miss)
1217 silly packumentCache full:https://registry.npmjs.org/@eslint%2fobject-schema set size:undefined disposed:false
1218 silly fetch manifest shebang-command@^2.0.0
1219 silly packumentCache full:https://registry.npmjs.org/shebang-command cache-miss
1220 http fetch GET 200 https://registry.npmjs.org/json-schema-traverse 82ms (cache miss)
1221 silly packumentCache full:https://registry.npmjs.org/json-schema-traverse set size:undefined disposed:false
1222 silly fetch manifest ms@^2.1.3
1223 silly packumentCache full:https://registry.npmjs.org/ms cache-miss
1224 http fetch GET 200 https://registry.npmjs.org/import-fresh 107ms (cache miss)
1225 silly packumentCache full:https://registry.npmjs.org/import-fresh set size:undefined disposed:false
1226 silly fetch manifest esrecurse@^4.3.0
1227 silly packumentCache full:https://registry.npmjs.org/esrecurse cache-miss
1228 http fetch GET 200 https://registry.npmjs.org/ansi-styles 52ms (cache miss)
1229 silly packumentCache full:https://registry.npmjs.org/ansi-styles set size:undefined disposed:false
1230 silly fetch manifest estraverse@^5.2.0
1231 silly packumentCache full:https://registry.npmjs.org/estraverse cache-miss
1232 http fetch GET 200 https://registry.npmjs.org/fast-json-stable-stringify 70ms (cache miss)
1233 silly packumentCache full:https://registry.npmjs.org/fast-json-stable-stringify set size:undefined disposed:false
1234 silly fetch manifest acorn@^8.15.0
1235 silly packumentCache full:https://registry.npmjs.org/acorn cache-miss
1236 http fetch GET 200 https://registry.npmjs.org/@humanfs%2fcore 112ms (cache miss)
1237 silly packumentCache full:https://registry.npmjs.org/@humanfs%2fcore set size:undefined disposed:false
1238 silly fetch manifest acorn-jsx@^5.3.2
1239 silly packumentCache full:https://registry.npmjs.org/acorn-jsx cache-miss
1240 http fetch GET 200 https://registry.npmjs.org/shebang-command 51ms (cache miss)
1241 silly packumentCache full:https://registry.npmjs.org/shebang-command set size:undefined disposed:false
1242 silly fetch manifest estraverse@^5.1.0
1243 silly packumentCache full:https://registry.npmjs.org/estraverse cache-miss
1244 http fetch GET 200 https://registry.npmjs.org/path-key 67ms (cache miss)
1245 silly packumentCache full:https://registry.npmjs.org/path-key set size:undefined disposed:false
1246 silly fetch manifest flat-cache@^4.0.0
1247 silly packumentCache full:https://registry.npmjs.org/flat-cache cache-miss
1248 http fetch GET 200 https://registry.npmjs.org/which 90ms (cache miss)
1249 silly packumentCache full:https://registry.npmjs.org/which set size:undefined disposed:false
1250 silly fetch manifest locate-path@^6.0.0
1251 silly packumentCache full:https://registry.npmjs.org/locate-path cache-miss
1252 http fetch GET 200 https://registry.npmjs.org/ms 61ms (cache miss)
1253 silly packumentCache full:https://registry.npmjs.org/ms set size:undefined disposed:false
1254 silly fetch manifest path-exists@^4.0.0
1255 silly packumentCache full:https://registry.npmjs.org/path-exists cache-miss
1256 http fetch GET 200 https://registry.npmjs.org/esrecurse 55ms (cache miss)
1257 silly packumentCache full:https://registry.npmjs.org/esrecurse set size:undefined disposed:false
1258 silly fetch manifest is-glob@^4.0.3
1259 silly packumentCache full:https://registry.npmjs.org/is-glob cache-miss
1260 http cache https://registry.npmjs.org/is-glob 1ms (cache hit)
1261 silly packumentCache full:https://registry.npmjs.org/is-glob set size:40530 disposed:false
1262 silly fetch manifest is-extglob@^2.1.1
1263 silly packumentCache full:https://registry.npmjs.org/is-extglob cache-miss
1264 http fetch GET 200 https://registry.npmjs.org/estraverse 47ms (cache miss)
1265 silly packumentCache full:https://registry.npmjs.org/estraverse set size:undefined disposed:false
1266 silly fetch manifest brace-expansion@^1.1.7
1267 silly packumentCache full:https://registry.npmjs.org/brace-expansion cache-miss
1268 http fetch GET 200 https://registry.npmjs.org/supports-color 106ms (cache miss)
1269 silly packumentCache full:https://registry.npmjs.org/supports-color set size:undefined disposed:false
1270 silly fetch manifest prelude-ls@^1.2.1
1271 silly packumentCache full:https://registry.npmjs.org/prelude-ls cache-miss
1272 http fetch GET 200 https://registry.npmjs.org/flat-cache 48ms (cache miss)
1273 silly packumentCache full:https://registry.npmjs.org/flat-cache set size:undefined disposed:false
1274 silly fetch manifest deep-is@^0.1.3
1275 silly packumentCache full:https://registry.npmjs.org/deep-is cache-miss
1276 http fetch GET 200 https://registry.npmjs.org/acorn-jsx 62ms (cache miss)
1277 silly packumentCache full:https://registry.npmjs.org/acorn-jsx set size:undefined disposed:false
1278 silly fetch manifest word-wrap@^1.2.5
1279 silly packumentCache full:https://registry.npmjs.org/word-wrap cache-miss
1280 http fetch GET 200 https://registry.npmjs.org/acorn 69ms (cache miss)
1281 silly packumentCache full:https://registry.npmjs.org/acorn set size:undefined disposed:false
1282 silly fetch manifest type-check@^0.4.0
1283 silly packumentCache full:https://registry.npmjs.org/type-check cache-miss
1284 http fetch GET 200 https://registry.npmjs.org/estraverse 63ms (cache miss)
1285 silly packumentCache full:https://registry.npmjs.org/estraverse set size:undefined disposed:false
1286 silly fetch manifest fast-levenshtein@^2.0.6
1287 silly packumentCache full:https://registry.npmjs.org/fast-levenshtein cache-miss
1288 http fetch GET 200 https://registry.npmjs.org/brace-expansion 42ms (cache miss)
1289 silly packumentCache full:https://registry.npmjs.org/brace-expansion set size:undefined disposed:false
1290 http fetch GET 200 https://registry.npmjs.org/path-exists 49ms (cache miss)
1291 silly packumentCache full:https://registry.npmjs.org/path-exists set size:undefined disposed:false
1292 http fetch GET 200 https://registry.npmjs.org/locate-path 51ms (cache miss)
1293 silly packumentCache full:https://registry.npmjs.org/locate-path set size:undefined disposed:false
1294 http fetch GET 200 https://registry.npmjs.org/is-extglob 58ms (cache miss)
1295 silly packumentCache full:https://registry.npmjs.org/is-extglob set size:undefined disposed:false
1296 http fetch GET 200 https://registry.npmjs.org/type-check 35ms (cache miss)
1297 silly packumentCache full:https://registry.npmjs.org/type-check set size:undefined disposed:false
1298 http fetch GET 200 https://registry.npmjs.org/deep-is 48ms (cache miss)
1299 silly packumentCache full:https://registry.npmjs.org/deep-is set size:undefined disposed:false
1300 http fetch GET 200 https://registry.npmjs.org/fast-levenshtein 53ms (cache miss)
1301 silly packumentCache full:https://registry.npmjs.org/fast-levenshtein set size:undefined disposed:false
1302 http fetch GET 200 https://registry.npmjs.org/word-wrap 74ms (cache miss)
1303 silly packumentCache full:https://registry.npmjs.org/word-wrap set size:undefined disposed:false
1304 http fetch GET 200 https://registry.npmjs.org/prelude-ls 92ms (cache miss)
1305 silly packumentCache full:https://registry.npmjs.org/prelude-ls set size:undefined disposed:false
1306 silly placeDep node_modules/@eslint-community/eslint-utils eslint-visitor-keys@3.4.3 OK for: @eslint-community/eslint-utils@4.9.1 want: ^3.4.3
1307 silly placeDep ROOT @eslint/object-schema@2.1.7 OK for: @eslint/config-array@0.21.1 want: ^2.1.7
1308 silly placeDep ROOT @types/json-schema@7.0.15 OK for: @eslint/core@0.17.0 want: ^7.0.15
1309 silly placeDep ROOT globals@14.0.0 OK for: @eslint/eslintrc@3.3.3 want: ^14.0.0
1310 silly placeDep ROOT import-fresh@3.3.1 OK for: @eslint/eslintrc@3.3.3 want: ^3.2.1
1311 silly placeDep ROOT js-yaml@4.1.1 OK for: @eslint/eslintrc@3.3.3 want: ^4.1.1
1312 silly placeDep ROOT strip-json-comments@3.1.1 OK for: @eslint/eslintrc@3.3.3 want: ^3.1.1
1313 silly fetch manifest parent-module@^1.0.0
1314 silly packumentCache full:https://registry.npmjs.org/parent-module cache-miss
1315 silly fetch manifest resolve-from@^4.0.0
1316 silly packumentCache full:https://registry.npmjs.org/resolve-from cache-miss
1317 silly fetch manifest argparse@^2.0.1
1318 silly packumentCache full:https://registry.npmjs.org/argparse cache-miss
1319 http fetch GET 200 https://registry.npmjs.org/resolve-from 55ms (cache miss)
1320 silly packumentCache full:https://registry.npmjs.org/resolve-from set size:undefined disposed:false
1321 http fetch GET 200 https://registry.npmjs.org/argparse 65ms (cache miss)
1322 silly packumentCache full:https://registry.npmjs.org/argparse set size:undefined disposed:false
1323 http fetch GET 200 https://registry.npmjs.org/parent-module 74ms (cache miss)
1324 silly packumentCache full:https://registry.npmjs.org/parent-module set size:undefined disposed:false
1325 silly placeDep ROOT levn@0.4.1 OK for: @eslint/plugin-kit@0.4.1 want: ^0.4.1
1326 silly fetch manifest type-check@~0.4.0
1327 silly packumentCache full:https://registry.npmjs.org/type-check cache-miss
1328 http cache https://registry.npmjs.org/type-check 1ms (cache hit)
1329 silly packumentCache full:https://registry.npmjs.org/type-check set size:21221 disposed:false
1330 silly placeDep ROOT @humanfs/core@0.19.1 OK for: @humanfs/node@0.16.7 want: ^0.19.1
1331 silly placeDep ROOT fast-json-stable-stringify@2.1.0 OK for: ajv@6.12.6 want: ^2.0.0
1332 silly placeDep ROOT json-schema-traverse@0.4.1 OK for: ajv@6.12.6 want: ^0.4.1
1333 silly placeDep ROOT uri-js@4.4.1 OK for: ajv@6.12.6 want: ^4.2.2
1334 silly fetch manifest punycode@^2.1.0
1335 silly packumentCache full:https://registry.npmjs.org/punycode cache-miss
1336 http fetch GET 200 https://registry.npmjs.org/punycode 36ms (cache miss)
1337 silly packumentCache full:https://registry.npmjs.org/punycode set size:undefined disposed:false
1338 silly placeDep ROOT ansi-styles@4.3.0 OK for: chalk@4.1.2 want: ^4.1.0
1339 silly placeDep ROOT supports-color@7.2.0 OK for: chalk@4.1.2 want: ^7.1.0
1340 silly fetch manifest color-convert@^2.0.1
1341 silly packumentCache full:https://registry.npmjs.org/color-convert cache-miss
1342 silly fetch manifest has-flag@^4.0.0
1343 silly packumentCache full:https://registry.npmjs.org/has-flag cache-miss
1344 http fetch GET 200 https://registry.npmjs.org/color-convert 49ms (cache miss)
1345 silly packumentCache full:https://registry.npmjs.org/color-convert set size:undefined disposed:false
1346 http fetch GET 200 https://registry.npmjs.org/has-flag 54ms (cache miss)
1347 silly packumentCache full:https://registry.npmjs.org/has-flag set size:undefined disposed:false
1348 silly placeDep ROOT color-convert@2.0.1 OK for: ansi-styles@4.3.0 want: ^2.0.1
1349 silly fetch manifest color-name@~1.1.4
1350 silly packumentCache full:https://registry.npmjs.org/color-name cache-miss
1351 http fetch GET 200 https://registry.npmjs.org/color-name 62ms (cache miss)
1352 silly packumentCache full:https://registry.npmjs.org/color-name set size:undefined disposed:false
1353 silly placeDep ROOT color-name@1.1.4 OK for: color-convert@2.0.1 want: ~1.1.4
1354 silly placeDep ROOT path-key@3.1.1 OK for: cross-spawn@7.0.6 want: ^3.1.0
1355 silly placeDep ROOT shebang-command@2.0.0 OK for: cross-spawn@7.0.6 want: ^2.0.0
1356 silly placeDep ROOT which@2.0.2 OK for: cross-spawn@7.0.6 want: ^2.0.1
1357 silly fetch manifest shebang-regex@^3.0.0
1358 silly packumentCache full:https://registry.npmjs.org/shebang-regex cache-miss
1359 silly fetch manifest isexe@^2.0.0
1360 silly packumentCache full:https://registry.npmjs.org/isexe cache-miss
1361 http fetch GET 200 https://registry.npmjs.org/shebang-regex 62ms (cache miss)
1362 silly packumentCache full:https://registry.npmjs.org/shebang-regex set size:undefined disposed:false
1363 http fetch GET 200 https://registry.npmjs.org/isexe 68ms (cache miss)
1364 silly packumentCache full:https://registry.npmjs.org/isexe set size:undefined disposed:false
1365 silly placeDep ROOT ms@2.1.3 OK for: debug@4.4.3 want: ^2.1.3
1366 silly fetch manifest eslint@>=9.0.0
1367 silly packumentCache full:https://registry.npmjs.org/eslint cache-miss
1368 http cache https://registry.npmjs.org/eslint 4ms (cache hit)
1369 silly packumentCache full:https://registry.npmjs.org/eslint set size:1900626 disposed:false
1370 silly fetch manifest typescript@>=3.3.1
1371 silly packumentCache full:https://registry.npmjs.org/typescript cache-miss
1372 http cache https://registry.npmjs.org/typescript 18ms (cache hit)
1373 silly packumentCache full:https://registry.npmjs.org/typescript set size:15212314 disposed:false
1374 silly fetch manifest eslint-plugin-import-x@*
1375 silly packumentCache full:https://registry.npmjs.org/eslint-plugin-import-x cache-miss
1376 http fetch GET 200 https://registry.npmjs.org/eslint-plugin-import-x 45ms (cache miss)
1377 silly packumentCache full:https://registry.npmjs.org/eslint-plugin-import-x set size:undefined disposed:false
1378 silly fetch manifest @typescript-eslint/utils@^8.0.0
1379 silly packumentCache full:https://registry.npmjs.org/@typescript-eslint%2futils cache-miss
1380 http fetch GET 200 https://registry.npmjs.org/@typescript-eslint%2futils 1238ms (cache miss)
1381 silly packumentCache full:https://registry.npmjs.org/@typescript-eslint%2futils set size:undefined disposed:false
1382 silly placeDep ROOT @next/eslint-plugin-next@16.0.10 OK for: eslint-config-next@16.0.10 want: 16.0.10
1383 silly placeDep ROOT eslint-import-resolver-node@0.3.9 OK for: eslint-config-next@16.0.10 want: ^0.3.6
1384 silly placeDep ROOT eslint-import-resolver-typescript@3.10.1 OK for: eslint-config-next@16.0.10 want: ^3.5.2
1385 silly placeDep ROOT eslint-plugin-import@2.32.0 OK for: eslint-config-next@16.0.10 want: ^2.32.0
1386 silly placeDep ROOT eslint-plugin-jsx-a11y@6.10.2 OK for: eslint-config-next@16.0.10 want: ^6.10.0
1387 silly placeDep ROOT eslint-plugin-react@7.37.5 OK for: eslint-config-next@16.0.10 want: ^7.37.0
1388 silly placeDep ROOT eslint-plugin-react-hooks@7.0.1 OK for: eslint-config-next@16.0.10 want: ^7.0.0
1389 silly placeDep node_modules/eslint-config-next globals@16.4.0 OK for: eslint-config-next@16.0.10 want: 16.4.0
1390 silly placeDep ROOT typescript-eslint@8.54.0 OK for: eslint-config-next@16.0.10 want: ^8.46.0
1391 silly fetch manifest fast-glob@3.3.1
1392 silly packumentCache full:https://registry.npmjs.org/fast-glob cache-miss
1393 silly fetch manifest debug@^3.2.7
1394 silly packumentCache full:https://registry.npmjs.org/debug cache-hit
1395 silly fetch manifest is-core-module@^2.13.0
1396 silly packumentCache full:https://registry.npmjs.org/is-core-module cache-miss
1397 silly fetch manifest resolve@^1.22.4
1398 silly packumentCache full:https://registry.npmjs.org/resolve cache-miss
1399 silly fetch manifest tinyglobby@^0.2.13
1400 silly packumentCache full:https://registry.npmjs.org/tinyglobby cache-miss
1401 silly fetch manifest stable-hash@^0.0.5
1402 silly packumentCache full:https://registry.npmjs.org/stable-hash cache-miss
1403 silly fetch manifest get-tsconfig@^4.10.0
1404 silly packumentCache full:https://registry.npmjs.org/get-tsconfig cache-miss
1405 silly fetch manifest is-bun-module@^2.0.0
1406 silly packumentCache full:https://registry.npmjs.org/is-bun-module cache-miss
1407 silly fetch manifest unrs-resolver@^1.6.2
1408 silly packumentCache full:https://registry.npmjs.org/unrs-resolver cache-miss
1409 silly fetch manifest @nolyfill/is-core-module@1.0.39
1410 silly packumentCache full:https://registry.npmjs.org/@nolyfill%2fis-core-module cache-miss
1411 http fetch GET 200 https://registry.npmjs.org/unrs-resolver 54ms (cache miss)
1412 silly packumentCache full:https://registry.npmjs.org/unrs-resolver set size:undefined disposed:false
1413 silly fetch manifest @rtsao/scc@^1.1.0
1414 silly packumentCache full:https://registry.npmjs.org/@rtsao%2fscc cache-miss
1415 http fetch GET 200 https://registry.npmjs.org/fast-glob 58ms (cache miss)
1416 silly packumentCache full:https://registry.npmjs.org/fast-glob set size:undefined disposed:false
1417 silly fetch manifest array-includes@^3.1.9
1418 silly packumentCache full:https://registry.npmjs.org/array-includes cache-miss
1419 http fetch GET 200 https://registry.npmjs.org/tinyglobby 60ms (cache miss)
1420 silly packumentCache full:https://registry.npmjs.org/tinyglobby set size:undefined disposed:false
1421 silly fetch manifest array.prototype.findlastindex@^1.2.6
1422 silly packumentCache full:https://registry.npmjs.org/array.prototype.findlastindex cache-miss
1423 http fetch GET 200 https://registry.npmjs.org/is-core-module 63ms (cache miss)
1424 silly packumentCache full:https://registry.npmjs.org/is-core-module set size:undefined disposed:false
1425 silly fetch manifest array.prototype.flat@^1.3.3
1426 silly packumentCache full:https://registry.npmjs.org/array.prototype.flat cache-miss
1427 http fetch GET 200 https://registry.npmjs.org/stable-hash 65ms (cache miss)
1428 silly packumentCache full:https://registry.npmjs.org/stable-hash set size:undefined disposed:false
1429 silly fetch manifest array.prototype.flatmap@^1.3.3
1430 silly packumentCache full:https://registry.npmjs.org/array.prototype.flatmap cache-miss
1431 http fetch GET 200 https://registry.npmjs.org/resolve 66ms (cache miss)
1432 silly packumentCache full:https://registry.npmjs.org/resolve set size:undefined disposed:false
1433 silly fetch manifest doctrine@^2.1.0
1434 silly packumentCache full:https://registry.npmjs.org/doctrine cache-miss
1435 http fetch GET 200 https://registry.npmjs.org/@nolyfill%2fis-core-module 77ms (cache miss)
1436 silly packumentCache full:https://registry.npmjs.org/@nolyfill%2fis-core-module set size:undefined disposed:false
1437 silly fetch manifest eslint-module-utils@^2.12.1
1438 silly packumentCache full:https://registry.npmjs.org/eslint-module-utils cache-miss
1439 http fetch GET 200 https://registry.npmjs.org/is-bun-module 89ms (cache miss)
1440 silly packumentCache full:https://registry.npmjs.org/is-bun-module set size:undefined disposed:false
1441 silly fetch manifest hasown@^2.0.2
1442 silly packumentCache full:https://registry.npmjs.org/hasown cache-miss
1443 http fetch GET 200 https://registry.npmjs.org/get-tsconfig 96ms (cache miss)
1444 silly packumentCache full:https://registry.npmjs.org/get-tsconfig set size:undefined disposed:false
1445 silly fetch manifest is-core-module@^2.16.1
1446 silly packumentCache full:https://registry.npmjs.org/is-core-module cache-miss
1447 http cache https://registry.npmjs.org/is-core-module 1ms (cache hit)
1448 silly packumentCache full:https://registry.npmjs.org/is-core-module set size:71788 disposed:false
1449 silly fetch manifest object.fromentries@^2.0.8
1450 silly packumentCache full:https://registry.npmjs.org/object.fromentries cache-miss
1451 http fetch GET 200 https://registry.npmjs.org/doctrine 54ms (cache miss)
1452 silly packumentCache full:https://registry.npmjs.org/doctrine set size:undefined disposed:false
1453 silly fetch manifest object.groupby@^1.0.3
1454 silly packumentCache full:https://registry.npmjs.org/object.groupby cache-miss
1455 http fetch GET 200 https://registry.npmjs.org/@rtsao%2fscc 68ms (cache miss)
1456 silly packumentCache full:https://registry.npmjs.org/@rtsao%2fscc set size:undefined disposed:false
1457 silly fetch manifest object.values@^1.2.1
1458 silly packumentCache full:https://registry.npmjs.org/object.values cache-miss
1459 http fetch GET 200 https://registry.npmjs.org/array.prototype.flat 60ms (cache miss)
1460 silly packumentCache full:https://registry.npmjs.org/array.prototype.flat set size:undefined disposed:false
1461 silly fetch manifest semver@^6.3.1
1462 silly packumentCache full:https://registry.npmjs.org/semver cache-miss
1463 http fetch GET 200 https://registry.npmjs.org/array.prototype.flatmap 59ms (cache miss)
1464 silly packumentCache full:https://registry.npmjs.org/array.prototype.flatmap set size:undefined disposed:false
1465 silly fetch manifest string.prototype.trimend@^1.0.9
1466 silly packumentCache full:https://registry.npmjs.org/string.prototype.trimend cache-miss
1467 http cache https://registry.npmjs.org/semver 3ms (cache hit)
1468 silly packumentCache full:https://registry.npmjs.org/semver set size:229678 disposed:false
1469 silly fetch manifest tsconfig-paths@^3.15.0
1470 silly packumentCache full:https://registry.npmjs.org/tsconfig-paths cache-miss
1471 http fetch GET 200 https://registry.npmjs.org/array.prototype.findlastindex 68ms (cache miss)
1472 silly packumentCache full:https://registry.npmjs.org/array.prototype.findlastindex set size:undefined disposed:false
1473 silly fetch manifest aria-query@^5.3.2
1474 silly packumentCache full:https://registry.npmjs.org/aria-query cache-miss
1475 http fetch GET 200 https://registry.npmjs.org/hasown 44ms (cache miss)
1476 silly packumentCache full:https://registry.npmjs.org/hasown set size:undefined disposed:false
1477 silly fetch manifest array-includes@^3.1.8
1478 silly packumentCache full:https://registry.npmjs.org/array-includes cache-miss
1479 http fetch GET 200 https://registry.npmjs.org/array-includes 83ms (cache miss)
1480 silly packumentCache full:https://registry.npmjs.org/array-includes set size:undefined disposed:false
1481 silly fetch manifest array.prototype.flatmap@^1.3.2
1482 silly packumentCache full:https://registry.npmjs.org/array.prototype.flatmap cache-miss
1483 http cache https://registry.npmjs.org/array.prototype.flatmap 1ms (cache hit)
1484 silly packumentCache full:https://registry.npmjs.org/array.prototype.flatmap set size:51458 disposed:false
1485 silly fetch manifest ast-types-flow@^0.0.8
1486 silly packumentCache full:https://registry.npmjs.org/ast-types-flow cache-miss
1487 http fetch GET 200 https://registry.npmjs.org/eslint-module-utils 75ms (cache miss)
1488 silly packumentCache full:https://registry.npmjs.org/eslint-module-utils set size:undefined disposed:false
1489 silly fetch manifest axe-core@^4.10.0
1490 silly packumentCache full:https://registry.npmjs.org/axe-core cache-miss
1491 http fetch GET 200 https://registry.npmjs.org/object.values 53ms (cache miss)
1492 silly packumentCache full:https://registry.npmjs.org/object.values set size:undefined disposed:false
1493 silly fetch manifest axobject-query@^4.1.0
1494 silly packumentCache full:https://registry.npmjs.org/axobject-query cache-miss
1495 http fetch GET 200 https://registry.npmjs.org/object.groupby 56ms (cache miss)
1496 silly packumentCache full:https://registry.npmjs.org/object.groupby set size:undefined disposed:false
1497 silly fetch manifest damerau-levenshtein@^1.0.8
1498 silly packumentCache full:https://registry.npmjs.org/damerau-levenshtein cache-miss
1499 http fetch GET 200 https://registry.npmjs.org/string.prototype.trimend 57ms (cache miss)
1500 silly packumentCache full:https://registry.npmjs.org/string.prototype.trimend set size:undefined disposed:false
1501 silly fetch manifest emoji-regex@^9.2.2
1502 silly packumentCache full:https://registry.npmjs.org/emoji-regex cache-miss
1503 http fetch GET 200 https://registry.npmjs.org/ast-types-flow 39ms (cache miss)
1504 silly packumentCache full:https://registry.npmjs.org/ast-types-flow set size:undefined disposed:false
1505 silly fetch manifest jsx-ast-utils@^3.3.5
1506 silly packumentCache full:https://registry.npmjs.org/jsx-ast-utils cache-miss
1507 http fetch GET 200 https://registry.npmjs.org/aria-query 58ms (cache miss)
1508 silly packumentCache full:https://registry.npmjs.org/aria-query set size:undefined disposed:false
1509 silly fetch manifest language-tags@^1.0.9
1510 silly packumentCache full:https://registry.npmjs.org/language-tags cache-miss
1511 http fetch GET 200 https://registry.npmjs.org/object.fromentries 93ms (cache miss)
1512 silly packumentCache full:https://registry.npmjs.org/object.fromentries set size:undefined disposed:false
1513 silly fetch manifest safe-regex-test@^1.0.3
1514 silly packumentCache full:https://registry.npmjs.org/safe-regex-test cache-miss
1515 http fetch GET 200 https://registry.npmjs.org/tsconfig-paths 74ms (cache miss)
1516 silly packumentCache full:https://registry.npmjs.org/tsconfig-paths set size:undefined disposed:false
1517 silly fetch manifest string.prototype.includes@^2.0.1
1518 silly packumentCache full:https://registry.npmjs.org/string.prototype.includes cache-miss
1519 http fetch GET 200 https://registry.npmjs.org/axobject-query 53ms (cache miss)
1520 silly packumentCache full:https://registry.npmjs.org/axobject-query set size:undefined disposed:false
1521 silly fetch manifest array-includes@^3.1.8
1522 silly packumentCache full:https://registry.npmjs.org/array-includes cache-miss
1523 http fetch GET 200 https://registry.npmjs.org/damerau-levenshtein 52ms (cache miss)
1524 silly packumentCache full:https://registry.npmjs.org/damerau-levenshtein set size:undefined disposed:false
1525 silly fetch manifest array.prototype.findlast@^1.2.5
1526 silly packumentCache full:https://registry.npmjs.org/array.prototype.findlast cache-miss
1527 http cache https://registry.npmjs.org/array-includes 2ms (cache hit)
1528 silly packumentCache full:https://registry.npmjs.org/array-includes set size:77143 disposed:false
1529 silly fetch manifest array.prototype.tosorted@^1.1.4
1530 silly packumentCache full:https://registry.npmjs.org/array.prototype.tosorted cache-miss
1531 http fetch GET 200 https://registry.npmjs.org/array-includes 100ms (cache miss)
1532 silly packumentCache full:https://registry.npmjs.org/array-includes set size:undefined disposed:false
1533 silly packumentCache full:https://registry.npmjs.org/array-includes dispose
1534 silly fetch manifest es-iterator-helpers@^1.2.1
1535 silly packumentCache full:https://registry.npmjs.org/es-iterator-helpers cache-miss
1536 http fetch GET 200 https://registry.npmjs.org/emoji-regex 53ms (cache miss)
1537 silly packumentCache full:https://registry.npmjs.org/emoji-regex set size:undefined disposed:false
1538 silly fetch manifest estraverse@^5.3.0
1539 silly packumentCache full:https://registry.npmjs.org/estraverse cache-miss
1540 http cache https://registry.npmjs.org/estraverse 5ms (cache hit)
1541 silly packumentCache full:https://registry.npmjs.org/estraverse set size:62412 disposed:false
1542 silly fetch manifest jsx-ast-utils@^2.4.1 || ^3.0.0
1543 silly packumentCache full:https://registry.npmjs.org/jsx-ast-utils cache-miss
1544 http fetch GET 200 https://registry.npmjs.org/jsx-ast-utils 59ms (cache miss)
1545 silly packumentCache full:https://registry.npmjs.org/jsx-ast-utils set size:undefined disposed:false
1546 silly fetch manifest object.entries@^1.1.9
1547 silly packumentCache full:https://registry.npmjs.org/object.entries cache-miss
1548 http fetch GET 200 https://registry.npmjs.org/language-tags 60ms (cache miss)
1549 silly packumentCache full:https://registry.npmjs.org/language-tags set size:undefined disposed:false
1550 silly fetch manifest prop-types@^15.8.1
1551 silly packumentCache full:https://registry.npmjs.org/prop-types cache-miss
1552 http fetch GET 200 https://registry.npmjs.org/string.prototype.includes 47ms (cache miss)
1553 silly packumentCache full:https://registry.npmjs.org/string.prototype.includes set size:undefined disposed:false
1554 silly fetch manifest resolve@^2.0.0-next.5
1555 silly packumentCache full:https://registry.npmjs.org/resolve cache-miss
1556 http cache https://registry.npmjs.org/resolve 2ms (cache hit)
1557 silly packumentCache full:https://registry.npmjs.org/resolve set size:246681 disposed:false
1558 silly fetch manifest string.prototype.matchall@^4.0.12
1559 silly packumentCache full:https://registry.npmjs.org/string.prototype.matchall cache-miss
1560 http fetch GET 200 https://registry.npmjs.org/safe-regex-test 85ms (cache miss)
1561 silly packumentCache full:https://registry.npmjs.org/safe-regex-test set size:undefined disposed:false
1562 silly fetch manifest string.prototype.repeat@^1.0.0
1563 silly packumentCache full:https://registry.npmjs.org/string.prototype.repeat cache-miss
1564 http fetch GET 200 https://registry.npmjs.org/array.prototype.tosorted 46ms (cache miss)
1565 silly packumentCache full:https://registry.npmjs.org/array.prototype.tosorted set size:undefined disposed:false
1566 silly fetch manifest zod@^3.25.0 || ^4.0.0
1567 silly packumentCache full:https://registry.npmjs.org/zod cache-miss
1568 http fetch GET 200 https://registry.npmjs.org/jsx-ast-utils 45ms (cache miss)
1569 silly packumentCache full:https://registry.npmjs.org/jsx-ast-utils set size:undefined disposed:false
1570 silly fetch manifest @babel/core@^7.24.4
1571 silly packumentCache full:https://registry.npmjs.org/@babel%2fcore cache-miss
1572 http fetch GET 200 https://registry.npmjs.org/es-iterator-helpers 55ms (cache miss)
1573 silly packumentCache full:https://registry.npmjs.org/es-iterator-helpers set size:undefined disposed:false
1574 silly fetch manifest @babel/parser@^7.24.4
1575 silly packumentCache full:https://registry.npmjs.org/@babel%2fparser cache-miss
1576 http fetch GET 200 https://registry.npmjs.org/array.prototype.findlast 68ms (cache miss)
1577 silly packumentCache full:https://registry.npmjs.org/array.prototype.findlast set size:undefined disposed:false
1578 silly fetch manifest hermes-parser@^0.25.1
1579 silly packumentCache full:https://registry.npmjs.org/hermes-parser cache-miss
1580 http fetch GET 200 https://registry.npmjs.org/string.prototype.matchall 51ms (cache miss)
1581 silly packumentCache full:https://registry.npmjs.org/string.prototype.matchall set size:undefined disposed:false
1582 silly fetch manifest zod-validation-error@^3.5.0 || ^4.0.0
1583 silly packumentCache full:https://registry.npmjs.org/zod-validation-error cache-miss
1584 http fetch GET 200 https://registry.npmjs.org/object.entries 70ms (cache miss)
1585 silly packumentCache full:https://registry.npmjs.org/object.entries set size:undefined disposed:false
1586 silly fetch manifest @typescript-eslint/utils@8.54.0
1587 silly packumentCache full:https://registry.npmjs.org/@typescript-eslint%2futils cache-miss
1588 http cache https://registry.npmjs.org/@typescript-eslint%2futils 10ms (cache hit)
1589 silly packumentCache full:https://registry.npmjs.org/@typescript-eslint%2futils set size:9681731 disposed:false
1590 silly fetch manifest @typescript-eslint/parser@8.54.0
1591 silly packumentCache full:https://registry.npmjs.org/@typescript-eslint%2fparser cache-miss
1592 http fetch GET 200 https://registry.npmjs.org/string.prototype.repeat 84ms (cache miss)
1593 silly packumentCache full:https://registry.npmjs.org/string.prototype.repeat set size:undefined disposed:false
1594 silly fetch manifest @typescript-eslint/eslint-plugin@8.54.0
1595 silly packumentCache full:https://registry.npmjs.org/@typescript-eslint%2feslint-plugin cache-miss
1596 http fetch GET 200 https://registry.npmjs.org/prop-types 114ms (cache miss)
1597 silly packumentCache full:https://registry.npmjs.org/prop-types set size:undefined disposed:false
1598 silly fetch manifest @typescript-eslint/typescript-estree@8.54.0
1599 silly packumentCache full:https://registry.npmjs.org/@typescript-eslint%2ftypescript-estree cache-miss
1600 http fetch GET 200 https://registry.npmjs.org/zod-validation-error 60ms (cache miss)
1601 silly packumentCache full:https://registry.npmjs.org/zod-validation-error set size:undefined disposed:false
1602 http fetch GET 200 https://registry.npmjs.org/hermes-parser 68ms (cache miss)
1603 silly packumentCache full:https://registry.npmjs.org/hermes-parser set size:undefined disposed:false
1604 http fetch GET 200 https://registry.npmjs.org/@babel%2fcore 82ms (cache miss)
1605 silly packumentCache full:https://registry.npmjs.org/@babel%2fcore set size:undefined disposed:false
1606 http fetch GET 200 https://registry.npmjs.org/@babel%2fparser 82ms (cache miss)
1607 silly packumentCache full:https://registry.npmjs.org/@babel%2fparser set size:undefined disposed:false
1608 http fetch GET 200 https://registry.npmjs.org/zod 103ms (cache miss)
1609 silly packumentCache full:https://registry.npmjs.org/zod set size:undefined disposed:false
1610 http fetch GET 200 https://registry.npmjs.org/axe-core 437ms (cache miss)
1611 silly packumentCache full:https://registry.npmjs.org/axe-core set size:undefined disposed:false
1612 http fetch GET 200 https://registry.npmjs.org/@typescript-eslint%2fparser 382ms (cache miss)
1613 silly packumentCache full:https://registry.npmjs.org/@typescript-eslint%2fparser set size:undefined disposed:false
1614 http fetch GET 200 https://registry.npmjs.org/@typescript-eslint%2feslint-plugin 518ms (cache miss)
1615 silly packumentCache full:https://registry.npmjs.org/@typescript-eslint%2feslint-plugin set size:undefined disposed:false
1616 http fetch GET 200 https://registry.npmjs.org/@typescript-eslint%2ftypescript-estree 618ms (cache miss)
1617 silly packumentCache full:https://registry.npmjs.org/@typescript-eslint%2ftypescript-estree set size:undefined disposed:false
1618 silly placeDep ROOT fast-glob@3.3.1 OK for: @next/eslint-plugin-next@16.0.10 want: 3.3.1
1619 silly fetch manifest merge2@^1.3.0
1620 silly packumentCache full:https://registry.npmjs.org/merge2 cache-miss
1621 silly fetch manifest micromatch@^4.0.4
1622 silly packumentCache full:https://registry.npmjs.org/micromatch cache-miss
1623 silly fetch manifest glob-parent@^5.1.2
1624 silly packumentCache full:https://registry.npmjs.org/glob-parent cache-miss
1625 silly fetch manifest @nodelib/fs.stat@^2.0.2
1626 silly packumentCache full:https://registry.npmjs.org/@nodelib%2ffs.stat cache-miss
1627 silly fetch manifest @nodelib/fs.walk@^1.2.3
1628 silly packumentCache full:https://registry.npmjs.org/@nodelib%2ffs.walk cache-miss
1629 http cache https://registry.npmjs.org/glob-parent 4ms (cache hit)
1630 silly packumentCache full:https://registry.npmjs.org/glob-parent set size:42445 disposed:false
1631 http fetch GET 200 https://registry.npmjs.org/merge2 61ms (cache miss)
1632 silly packumentCache full:https://registry.npmjs.org/merge2 set size:undefined disposed:false
1633 http fetch GET 200 https://registry.npmjs.org/micromatch 81ms (cache miss)
1634 silly packumentCache full:https://registry.npmjs.org/micromatch set size:undefined disposed:false
1635 http fetch GET 200 https://registry.npmjs.org/@nodelib%2ffs.walk 94ms (cache miss)
1636 silly packumentCache full:https://registry.npmjs.org/@nodelib%2ffs.walk set size:undefined disposed:false
1637 http fetch GET 200 https://registry.npmjs.org/@nodelib%2ffs.stat 134ms (cache miss)
1638 silly packumentCache full:https://registry.npmjs.org/@nodelib%2ffs.stat set size:undefined disposed:false
1639 silly placeDep node_modules/eslint-import-resolver-node debug@3.2.7 OK for: eslint-import-resolver-node@0.3.9 want: ^3.2.7
1640 silly placeDep ROOT is-core-module@2.16.1 OK for: eslint-import-resolver-node@0.3.9 want: ^2.13.0
1641 silly placeDep ROOT resolve@1.22.11 OK for: eslint-import-resolver-node@0.3.9 want: ^1.22.4
1642 silly fetch manifest path-parse@^1.0.7
1643 silly packumentCache full:https://registry.npmjs.org/path-parse cache-miss
1644 silly fetch manifest supports-preserve-symlinks-flag@^1.0.0
1645 silly packumentCache full:https://registry.npmjs.org/supports-preserve-symlinks-flag cache-miss
1646 http fetch GET 200 https://registry.npmjs.org/path-parse 39ms (cache miss)
1647 silly packumentCache full:https://registry.npmjs.org/path-parse set size:undefined disposed:false
1648 http fetch GET 200 https://registry.npmjs.org/supports-preserve-symlinks-flag 52ms (cache miss)
1649 silly packumentCache full:https://registry.npmjs.org/supports-preserve-symlinks-flag set size:undefined disposed:false
1650 silly placeDep ROOT @nolyfill/is-core-module@1.0.39 OK for: eslint-import-resolver-typescript@3.10.1 want: 1.0.39
1651 silly placeDep ROOT get-tsconfig@4.13.6 OK for: eslint-import-resolver-typescript@3.10.1 want: ^4.10.0
1652 silly placeDep ROOT is-bun-module@2.0.0 OK for: eslint-import-resolver-typescript@3.10.1 want: ^2.0.0
1653 silly placeDep ROOT stable-hash@0.0.5 OK for: eslint-import-resolver-typescript@3.10.1 want: ^0.0.5
1654 silly placeDep ROOT tinyglobby@0.2.15 OK for: eslint-import-resolver-typescript@3.10.1 want: ^0.2.13
1655 silly placeDep ROOT unrs-resolver@1.11.1 OK for: eslint-import-resolver-typescript@3.10.1 want: ^1.6.2
1656 silly fetch manifest resolve-pkg-maps@^1.0.0
1657 silly packumentCache full:https://registry.npmjs.org/resolve-pkg-maps cache-miss
1658 silly fetch manifest semver@^7.7.1
1659 silly packumentCache full:https://registry.npmjs.org/semver cache-hit
1660 silly fetch manifest fdir@^6.5.0
1661 silly packumentCache full:https://registry.npmjs.org/fdir cache-miss
1662 silly fetch manifest picomatch@^4.0.3
1663 silly packumentCache full:https://registry.npmjs.org/picomatch cache-miss
1664 silly fetch manifest napi-postinstall@^0.3.0
1665 silly packumentCache full:https://registry.npmjs.org/napi-postinstall cache-miss
1666 silly fetch manifest @unrs/resolver-binding-win32-x64-msvc@1.11.1
1667 silly packumentCache full:https://registry.npmjs.org/@unrs%2fresolver-binding-win32-x64-msvc cache-miss
1668 silly fetch manifest @unrs/resolver-binding-win32-arm64-msvc@1.11.1
1669 silly packumentCache full:https://registry.npmjs.org/@unrs%2fresolver-binding-win32-arm64-msvc cache-miss
1670 silly fetch manifest @unrs/resolver-binding-win32-ia32-msvc@1.11.1
1671 silly packumentCache full:https://registry.npmjs.org/@unrs%2fresolver-binding-win32-ia32-msvc cache-miss
1672 silly fetch manifest @unrs/resolver-binding-linux-x64-gnu@1.11.1
1673 silly packumentCache full:https://registry.npmjs.org/@unrs%2fresolver-binding-linux-x64-gnu cache-miss
1674 silly fetch manifest @unrs/resolver-binding-linux-x64-musl@1.11.1
1675 silly packumentCache full:https://registry.npmjs.org/@unrs%2fresolver-binding-linux-x64-musl cache-miss
1676 http fetch GET 200 https://registry.npmjs.org/napi-postinstall 51ms (cache miss)
1677 silly packumentCache full:https://registry.npmjs.org/napi-postinstall set size:undefined disposed:false
1678 silly fetch manifest @unrs/resolver-binding-freebsd-x64@1.11.1
1679 silly packumentCache full:https://registry.npmjs.org/@unrs%2fresolver-binding-freebsd-x64 cache-miss
1680 http fetch GET 200 https://registry.npmjs.org/resolve-pkg-maps 59ms (cache miss)
1681 silly packumentCache full:https://registry.npmjs.org/resolve-pkg-maps set size:undefined disposed:false
1682 silly fetch manifest @unrs/resolver-binding-android-arm64@1.11.1
1683 silly packumentCache full:https://registry.npmjs.org/@unrs%2fresolver-binding-android-arm64 cache-miss
1684 http fetch GET 200 https://registry.npmjs.org/@unrs%2fresolver-binding-win32-ia32-msvc 71ms (cache miss)
1685 silly packumentCache full:https://registry.npmjs.org/@unrs%2fresolver-binding-win32-ia32-msvc set size:undefined disposed:false
1686 silly fetch manifest @unrs/resolver-binding-linux-arm64-gnu@1.11.1
1687 silly packumentCache full:https://registry.npmjs.org/@unrs%2fresolver-binding-linux-arm64-gnu cache-miss
1688 http fetch GET 200 https://registry.npmjs.org/picomatch 76ms (cache miss)
1689 silly packumentCache full:https://registry.npmjs.org/picomatch set size:undefined disposed:false
1690 silly fetch manifest @unrs/resolver-binding-linux-arm64-musl@1.11.1
1691 silly packumentCache full:https://registry.npmjs.org/@unrs%2fresolver-binding-linux-arm64-musl cache-miss
1692 http fetch GET 200 https://registry.npmjs.org/@unrs%2fresolver-binding-win32-x64-msvc 86ms (cache miss)
1693 silly packumentCache full:https://registry.npmjs.org/@unrs%2fresolver-binding-win32-x64-msvc set size:undefined disposed:false
1694 silly fetch manifest @unrs/resolver-binding-android-arm-eabi@1.11.1
1695 silly packumentCache full:https://registry.npmjs.org/@unrs%2fresolver-binding-android-arm-eabi cache-miss
1696 http fetch GET 200 https://registry.npmjs.org/fdir 87ms (cache miss)
1697 silly packumentCache full:https://registry.npmjs.org/fdir set size:undefined disposed:false
1698 silly fetch manifest @unrs/resolver-binding-linux-arm-gnueabihf@1.11.1
1699 silly packumentCache full:https://registry.npmjs.org/@unrs%2fresolver-binding-linux-arm-gnueabihf cache-miss
1700 http fetch GET 200 https://registry.npmjs.org/@unrs%2fresolver-binding-linux-x64-musl 88ms (cache miss)
1701 silly packumentCache full:https://registry.npmjs.org/@unrs%2fresolver-binding-linux-x64-musl set size:undefined disposed:false
1702 silly fetch manifest @unrs/resolver-binding-linux-arm-musleabihf@1.11.1
1703 silly packumentCache full:https://registry.npmjs.org/@unrs%2fresolver-binding-linux-arm-musleabihf cache-miss
1704 http fetch GET 200 https://registry.npmjs.org/@unrs%2fresolver-binding-win32-arm64-msvc 101ms (cache miss)
1705 silly packumentCache full:https://registry.npmjs.org/@unrs%2fresolver-binding-win32-arm64-msvc set size:undefined disposed:false
1706 silly fetch manifest @unrs/resolver-binding-linux-ppc64-gnu@1.11.1
1707 silly packumentCache full:https://registry.npmjs.org/@unrs%2fresolver-binding-linux-ppc64-gnu cache-miss
1708 http fetch GET 200 https://registry.npmjs.org/@unrs%2fresolver-binding-linux-x64-gnu 108ms (cache miss)
1709 silly packumentCache full:https://registry.npmjs.org/@unrs%2fresolver-binding-linux-x64-gnu set size:undefined disposed:false
1710 silly fetch manifest @unrs/resolver-binding-linux-riscv64-gnu@1.11.1
1711 silly packumentCache full:https://registry.npmjs.org/@unrs%2fresolver-binding-linux-riscv64-gnu cache-miss
1712 http fetch GET 200 https://registry.npmjs.org/@unrs%2fresolver-binding-freebsd-x64 59ms (cache miss)
1713 silly packumentCache full:https://registry.npmjs.org/@unrs%2fresolver-binding-freebsd-x64 set size:undefined disposed:false
1714 silly fetch manifest @unrs/resolver-binding-linux-riscv64-musl@1.11.1
1715 silly packumentCache full:https://registry.npmjs.org/@unrs%2fresolver-binding-linux-riscv64-musl cache-miss
1716 http fetch GET 200 https://registry.npmjs.org/@unrs%2fresolver-binding-linux-arm64-gnu 63ms (cache miss)
1717 silly packumentCache full:https://registry.npmjs.org/@unrs%2fresolver-binding-linux-arm64-gnu set size:undefined disposed:false
1718 silly fetch manifest @unrs/resolver-binding-linux-s390x-gnu@1.11.1
1719 silly packumentCache full:https://registry.npmjs.org/@unrs%2fresolver-binding-linux-s390x-gnu cache-miss
1720 http fetch GET 200 https://registry.npmjs.org/@unrs%2fresolver-binding-android-arm64 76ms (cache miss)
1721 silly packumentCache full:https://registry.npmjs.org/@unrs%2fresolver-binding-android-arm64 set size:undefined disposed:false
1722 silly fetch manifest @unrs/resolver-binding-darwin-x64@1.11.1
1723 silly packumentCache full:https://registry.npmjs.org/@unrs%2fresolver-binding-darwin-x64 cache-miss
1724 http fetch GET 200 https://registry.npmjs.org/@unrs%2fresolver-binding-linux-arm-gnueabihf 59ms (cache miss)
1725 silly packumentCache full:https://registry.npmjs.org/@unrs%2fresolver-binding-linux-arm-gnueabihf set size:undefined disposed:false
1726 silly fetch manifest @unrs/resolver-binding-darwin-arm64@1.11.1
1727 silly packumentCache full:https://registry.npmjs.org/@unrs%2fresolver-binding-darwin-arm64 cache-miss
1728 http fetch GET 200 https://registry.npmjs.org/@unrs%2fresolver-binding-linux-arm64-musl 83ms (cache miss)
1729 silly packumentCache full:https://registry.npmjs.org/@unrs%2fresolver-binding-linux-arm64-musl set size:undefined disposed:false
1730 silly fetch manifest @unrs/resolver-binding-wasm32-wasi@1.11.1
1731 silly packumentCache full:https://registry.npmjs.org/@unrs%2fresolver-binding-wasm32-wasi cache-miss
1732 http fetch GET 200 https://registry.npmjs.org/@unrs%2fresolver-binding-linux-riscv64-musl 57ms (cache miss)
1733 silly packumentCache full:https://registry.npmjs.org/@unrs%2fresolver-binding-linux-riscv64-musl set size:undefined disposed:false
1734 http fetch GET 200 https://registry.npmjs.org/@unrs%2fresolver-binding-linux-arm-musleabihf 80ms (cache miss)
1735 silly packumentCache full:https://registry.npmjs.org/@unrs%2fresolver-binding-linux-arm-musleabihf set size:undefined disposed:false
1736 http fetch GET 200 https://registry.npmjs.org/@unrs%2fresolver-binding-android-arm-eabi 84ms (cache miss)
1737 silly packumentCache full:https://registry.npmjs.org/@unrs%2fresolver-binding-android-arm-eabi set size:undefined disposed:false
1738 http fetch GET 200 https://registry.npmjs.org/@unrs%2fresolver-binding-linux-s390x-gnu 51ms (cache miss)
1739 silly packumentCache full:https://registry.npmjs.org/@unrs%2fresolver-binding-linux-s390x-gnu set size:undefined disposed:false
1740 http fetch GET 200 https://registry.npmjs.org/@unrs%2fresolver-binding-linux-ppc64-gnu 88ms (cache miss)
1741 silly packumentCache full:https://registry.npmjs.org/@unrs%2fresolver-binding-linux-ppc64-gnu set size:undefined disposed:false
1742 http fetch GET 200 https://registry.npmjs.org/@unrs%2fresolver-binding-darwin-x64 83ms (cache miss)
1743 silly packumentCache full:https://registry.npmjs.org/@unrs%2fresolver-binding-darwin-x64 set size:undefined disposed:false
1744 http fetch GET 200 https://registry.npmjs.org/@unrs%2fresolver-binding-linux-riscv64-gnu 111ms (cache miss)
1745 silly packumentCache full:https://registry.npmjs.org/@unrs%2fresolver-binding-linux-riscv64-gnu set size:undefined disposed:false
1746 http fetch GET 200 https://registry.npmjs.org/@unrs%2fresolver-binding-darwin-arm64 83ms (cache miss)
1747 silly packumentCache full:https://registry.npmjs.org/@unrs%2fresolver-binding-darwin-arm64 set size:undefined disposed:false
1748 http fetch GET 200 https://registry.npmjs.org/@unrs%2fresolver-binding-wasm32-wasi 94ms (cache miss)
1749 silly packumentCache full:https://registry.npmjs.org/@unrs%2fresolver-binding-wasm32-wasi set size:undefined disposed:false
1750 silly placeDep ROOT @rtsao/scc@1.1.0 OK for: eslint-plugin-import@2.32.0 want: ^1.1.0
1751 silly placeDep ROOT array-includes@3.1.9 OK for: eslint-plugin-import@2.32.0 want: ^3.1.9
1752 silly placeDep ROOT array.prototype.findlastindex@1.2.6 OK for: eslint-plugin-import@2.32.0 want: ^1.2.6
1753 silly placeDep ROOT array.prototype.flat@1.3.3 OK for: eslint-plugin-import@2.32.0 want: ^1.3.3
1754 silly placeDep ROOT array.prototype.flatmap@1.3.3 OK for: eslint-plugin-import@2.32.0 want: ^1.3.3
1755 silly placeDep node_modules/eslint-plugin-import debug@3.2.7 OK for: eslint-plugin-import@2.32.0 want: ^3.2.7
1756 silly placeDep ROOT doctrine@2.1.0 OK for: eslint-plugin-import@2.32.0 want: ^2.1.0
1757 silly placeDep ROOT eslint-module-utils@2.12.1 OK for: eslint-plugin-import@2.32.0 want: ^2.12.1
1758 silly placeDep ROOT hasown@2.0.2 OK for: eslint-plugin-import@2.32.0 want: ^2.0.2
1759 silly placeDep ROOT object.fromentries@2.0.8 OK for: eslint-plugin-import@2.32.0 want: ^2.0.8
1760 silly placeDep ROOT object.groupby@1.0.3 OK for: eslint-plugin-import@2.32.0 want: ^1.0.3
1761 silly placeDep ROOT object.values@1.2.1 OK for: eslint-plugin-import@2.32.0 want: ^1.2.1
1762 silly placeDep ROOT semver@6.3.1 OK for: eslint-plugin-import@2.32.0 want: ^6.3.1
1763 silly placeDep ROOT string.prototype.trimend@1.0.9 OK for: eslint-plugin-import@2.32.0 want: ^1.0.9
1764 silly placeDep ROOT tsconfig-paths@3.15.0 OK for: eslint-plugin-import@2.32.0 want: ^3.15.0
1765 silly fetch manifest call-bind@^1.0.8
1766 silly packumentCache full:https://registry.npmjs.org/call-bind cache-miss
1767 silly fetch manifest call-bound@^1.0.4
1768 silly packumentCache full:https://registry.npmjs.org/call-bound cache-miss
1769 silly fetch manifest define-properties@^1.2.1
1770 silly packumentCache full:https://registry.npmjs.org/define-properties cache-miss
1771 silly fetch manifest es-abstract@^1.24.0
1772 silly packumentCache full:https://registry.npmjs.org/es-abstract cache-miss
1773 silly fetch manifest es-object-atoms@^1.1.1
1774 silly packumentCache full:https://registry.npmjs.org/es-object-atoms cache-miss
1775 silly fetch manifest get-intrinsic@^1.3.0
1776 silly packumentCache full:https://registry.npmjs.org/get-intrinsic cache-miss
1777 silly fetch manifest is-string@^1.1.1
1778 silly packumentCache full:https://registry.npmjs.org/is-string cache-miss
1779 silly fetch manifest math-intrinsics@^1.1.0
1780 silly packumentCache full:https://registry.npmjs.org/math-intrinsics cache-miss
1781 silly fetch manifest call-bind@^1.0.8
1782 silly packumentCache full:https://registry.npmjs.org/call-bind cache-miss
1783 http fetch GET 200 https://registry.npmjs.org/call-bind 38ms (cache miss)
1784 silly packumentCache full:https://registry.npmjs.org/call-bind set size:undefined disposed:false
1785 silly fetch manifest call-bound@^1.0.4
1786 silly packumentCache full:https://registry.npmjs.org/call-bound cache-miss
1787 http fetch GET 200 https://registry.npmjs.org/math-intrinsics 49ms (cache miss)
1788 silly packumentCache full:https://registry.npmjs.org/math-intrinsics set size:undefined disposed:false
1789 silly fetch manifest define-properties@^1.2.1
1790 silly packumentCache full:https://registry.npmjs.org/define-properties cache-miss
1791 http fetch GET 200 https://registry.npmjs.org/call-bound 55ms (cache miss)
1792 silly packumentCache full:https://registry.npmjs.org/call-bound set size:undefined disposed:false
1793 silly fetch manifest es-abstract@^1.23.9
1794 silly packumentCache full:https://registry.npmjs.org/es-abstract cache-miss
1795 http fetch GET 200 https://registry.npmjs.org/es-object-atoms 57ms (cache miss)
1796 silly packumentCache full:https://registry.npmjs.org/es-object-atoms set size:undefined disposed:false
1797 silly fetch manifest es-errors@^1.3.0
1798 silly packumentCache full:https://registry.npmjs.org/es-errors cache-miss
1799 http fetch GET 200 https://registry.npmjs.org/call-bind 60ms (cache miss)
1800 silly packumentCache full:https://registry.npmjs.org/call-bind set size:undefined disposed:false
1801 silly fetch manifest es-shim-unscopables@^1.1.0
1802 silly packumentCache full:https://registry.npmjs.org/es-shim-unscopables cache-miss
1803 http fetch GET 200 https://registry.npmjs.org/define-properties 60ms (cache miss)
1804 silly packumentCache full:https://registry.npmjs.org/define-properties set size:undefined disposed:false
1805 silly fetch manifest es-abstract@^1.23.5
1806 silly packumentCache full:https://registry.npmjs.org/es-abstract cache-miss
1807 http fetch GET 200 https://registry.npmjs.org/es-abstract 62ms (cache miss)
1808 silly packumentCache full:https://registry.npmjs.org/es-abstract set size:undefined disposed:false
1809 silly fetch manifest es-shim-unscopables@^1.0.2
1810 silly packumentCache full:https://registry.npmjs.org/es-shim-unscopables cache-miss
1811 http fetch GET 200 https://registry.npmjs.org/is-string 67ms (cache miss)
1812 silly packumentCache full:https://registry.npmjs.org/is-string set size:undefined disposed:false
1813 silly fetch manifest es-abstract@^1.23.5
1814 silly packumentCache full:https://registry.npmjs.org/es-abstract cache-miss
1815 http fetch GET 200 https://registry.npmjs.org/get-intrinsic 68ms (cache miss)
1816 silly packumentCache full:https://registry.npmjs.org/get-intrinsic set size:undefined disposed:false
1817 silly fetch manifest es-shim-unscopables@^1.0.2
1818 silly packumentCache full:https://registry.npmjs.org/es-shim-unscopables cache-miss
1819 http cache https://registry.npmjs.org/es-abstract 5ms (cache hit)
1820 silly packumentCache full:https://registry.npmjs.org/es-abstract set size:378584 disposed:false
1821 silly fetch manifest function-bind@^1.1.2
1822 silly packumentCache full:https://registry.npmjs.org/function-bind cache-miss
1823 http fetch GET 200 https://registry.npmjs.org/call-bound 45ms (cache miss)
1824 silly packumentCache full:https://registry.npmjs.org/call-bound set size:undefined disposed:false
1825 silly fetch manifest call-bind@^1.0.7
1826 silly packumentCache full:https://registry.npmjs.org/call-bind cache-miss
1827 http cache https://registry.npmjs.org/call-bind 1ms (cache hit)
1828 silly packumentCache full:https://registry.npmjs.org/call-bind set size:30096 disposed:false
1829 silly fetch manifest es-abstract@^1.23.2
1830 silly packumentCache full:https://registry.npmjs.org/es-abstract cache-hit
1831 silly fetch manifest es-object-atoms@^1.0.0
1832 silly packumentCache full:https://registry.npmjs.org/es-object-atoms cache-miss
1833 http cache https://registry.npmjs.org/es-object-atoms 0ms (cache hit)
1834 silly packumentCache full:https://registry.npmjs.org/es-object-atoms set size:15304 disposed:false
1835 silly fetch manifest call-bound@^1.0.3
1836 silly packumentCache full:https://registry.npmjs.org/call-bound cache-miss
1837 http cache https://registry.npmjs.org/call-bound 1ms (cache hit)
1838 silly packumentCache full:https://registry.npmjs.org/call-bound set size:15317 disposed:false
1839 silly fetch manifest call-bound@^1.0.2
1840 silly packumentCache full:https://registry.npmjs.org/call-bound cache-hit
1841 silly fetch manifest json5@^1.0.2
1842 silly packumentCache full:https://registry.npmjs.org/json5 cache-miss
1843 http fetch GET 200 https://registry.npmjs.org/define-properties 42ms (cache miss)
1844 silly packumentCache full:https://registry.npmjs.org/define-properties set size:undefined disposed:false
1845 silly fetch manifest minimist@^1.2.6
1846 silly packumentCache full:https://registry.npmjs.org/minimist cache-miss
1847 http fetch GET 200 https://registry.npmjs.org/es-errors 47ms (cache miss)
1848 silly packumentCache full:https://registry.npmjs.org/es-errors set size:undefined disposed:false
1849 silly fetch manifest strip-bom@^3.0.0
1850 silly packumentCache full:https://registry.npmjs.org/strip-bom cache-miss
1851 http fetch GET 200 https://registry.npmjs.org/es-shim-unscopables 48ms (cache miss)
1852 silly packumentCache full:https://registry.npmjs.org/es-shim-unscopables set size:undefined disposed:false
1853 silly fetch manifest @types/json5@^0.0.29
1854 silly packumentCache full:https://registry.npmjs.org/@types%2fjson5 cache-miss
1855 http fetch GET 200 https://registry.npmjs.org/es-shim-unscopables 57ms (cache miss)
1856 silly packumentCache full:https://registry.npmjs.org/es-shim-unscopables set size:undefined disposed:false
1857 http fetch GET 200 https://registry.npmjs.org/function-bind 56ms (cache miss)
1858 silly packumentCache full:https://registry.npmjs.org/function-bind set size:undefined disposed:false
1859 http fetch GET 200 https://registry.npmjs.org/minimist 40ms (cache miss)
1860 silly packumentCache full:https://registry.npmjs.org/minimist set size:undefined disposed:false
1861 http fetch GET 200 https://registry.npmjs.org/es-abstract 71ms (cache miss)
1862 silly packumentCache full:https://registry.npmjs.org/es-abstract set size:undefined disposed:false
1863 silly packumentCache full:https://registry.npmjs.org/es-abstract dispose
1864 http fetch GET 200 https://registry.npmjs.org/es-shim-unscopables 72ms (cache miss)
1865 silly packumentCache full:https://registry.npmjs.org/es-shim-unscopables set size:undefined disposed:false
1866 http fetch GET 200 https://registry.npmjs.org/json5 52ms (cache miss)
1867 silly packumentCache full:https://registry.npmjs.org/json5 set size:undefined disposed:false
1868 http fetch GET 200 https://registry.npmjs.org/es-abstract 88ms (cache miss)
1869 silly packumentCache full:https://registry.npmjs.org/es-abstract set size:undefined disposed:true
1870 http fetch GET 200 https://registry.npmjs.org/strip-bom 55ms (cache miss)
1871 silly packumentCache full:https://registry.npmjs.org/strip-bom set size:undefined disposed:false
1872 http fetch GET 200 https://registry.npmjs.org/@types%2fjson5 63ms (cache miss)
1873 silly packumentCache full:https://registry.npmjs.org/@types%2fjson5 set size:undefined disposed:false
1874 silly placeDep ROOT call-bind@1.0.8 OK for: array-includes@3.1.9 want: ^1.0.8
1875 silly placeDep ROOT call-bound@1.0.4 OK for: array-includes@3.1.9 want: ^1.0.4
1876 silly placeDep ROOT define-properties@1.2.1 OK for: array-includes@3.1.9 want: ^1.2.1
1877 silly placeDep ROOT es-abstract@1.24.1 OK for: array-includes@3.1.9 want: ^1.24.0
1878 silly placeDep ROOT es-object-atoms@1.1.1 OK for: array-includes@3.1.9 want: ^1.1.1
1879 silly placeDep ROOT get-intrinsic@1.3.0 OK for: array-includes@3.1.9 want: ^1.3.0
1880 silly placeDep ROOT is-string@1.1.1 OK for: array-includes@3.1.9 want: ^1.1.1
1881 silly placeDep ROOT math-intrinsics@1.1.0 OK for: array-includes@3.1.9 want: ^1.1.0
1882 silly fetch manifest call-bind-apply-helpers@^1.0.0
1883 silly packumentCache full:https://registry.npmjs.org/call-bind-apply-helpers cache-miss
1884 silly fetch manifest es-define-property@^1.0.0
1885 silly packumentCache full:https://registry.npmjs.org/es-define-property cache-miss
1886 silly fetch manifest get-intrinsic@^1.2.4
1887 silly packumentCache full:https://registry.npmjs.org/get-intrinsic cache-miss
1888 silly fetch manifest set-function-length@^1.2.2
1889 silly packumentCache full:https://registry.npmjs.org/set-function-length cache-miss
1890 silly fetch manifest call-bind-apply-helpers@^1.0.2
1891 silly packumentCache full:https://registry.npmjs.org/call-bind-apply-helpers cache-miss
1892 silly fetch manifest define-data-property@^1.0.1
1893 silly packumentCache full:https://registry.npmjs.org/define-data-property cache-miss
1894 silly fetch manifest has-property-descriptors@^1.0.0
1895 silly packumentCache full:https://registry.npmjs.org/has-property-descriptors cache-miss
1896 silly fetch manifest object-keys@^1.1.1
1897 silly packumentCache full:https://registry.npmjs.org/object-keys cache-miss
1898 silly fetch manifest array-buffer-byte-length@^1.0.2
1899 silly packumentCache full:https://registry.npmjs.org/array-buffer-byte-length cache-miss
1900 http cache https://registry.npmjs.org/get-intrinsic 3ms (cache hit)
1901 silly packumentCache full:https://registry.npmjs.org/get-intrinsic set size:60985 disposed:false
1902 silly fetch manifest arraybuffer.prototype.slice@^1.0.4
1903 silly packumentCache full:https://registry.npmjs.org/arraybuffer.prototype.slice cache-miss
1904 http fetch GET 200 https://registry.npmjs.org/es-define-property 51ms (cache miss)
1905 silly packumentCache full:https://registry.npmjs.org/es-define-property set size:undefined disposed:false
1906 silly fetch manifest available-typed-arrays@^1.0.7
1907 silly packumentCache full:https://registry.npmjs.org/available-typed-arrays cache-miss
1908 http fetch GET 200 https://registry.npmjs.org/set-function-length 54ms (cache miss)
1909 silly packumentCache full:https://registry.npmjs.org/set-function-length set size:undefined disposed:false
1910 silly fetch manifest data-view-buffer@^1.0.2
1911 silly packumentCache full:https://registry.npmjs.org/data-view-buffer cache-miss
1912 http fetch GET 200 https://registry.npmjs.org/object-keys 54ms (cache miss)
1913 silly packumentCache full:https://registry.npmjs.org/object-keys set size:undefined disposed:false
1914 silly fetch manifest data-view-byte-length@^1.0.2
1915 silly packumentCache full:https://registry.npmjs.org/data-view-byte-length cache-miss
1916 http fetch GET 200 https://registry.npmjs.org/has-property-descriptors 57ms (cache miss)
1917 silly packumentCache full:https://registry.npmjs.org/has-property-descriptors set size:undefined disposed:false
1918 silly fetch manifest data-view-byte-offset@^1.0.1
1919 silly packumentCache full:https://registry.npmjs.org/data-view-byte-offset cache-miss
1920 http fetch GET 200 https://registry.npmjs.org/call-bind-apply-helpers 59ms (cache miss)
1921 silly packumentCache full:https://registry.npmjs.org/call-bind-apply-helpers set size:undefined disposed:false
1922 silly fetch manifest es-define-property@^1.0.1
1923 silly packumentCache full:https://registry.npmjs.org/es-define-property cache-miss
1924 http cache https://registry.npmjs.org/es-define-property 1ms (cache hit)
1925 silly packumentCache full:https://registry.npmjs.org/es-define-property set size:8542 disposed:false
1926 silly fetch manifest es-set-tostringtag@^2.1.0
1927 silly packumentCache full:https://registry.npmjs.org/es-set-tostringtag cache-miss
1928 http fetch GET 200 https://registry.npmjs.org/array-buffer-byte-length 62ms (cache miss)
1929 silly packumentCache full:https://registry.npmjs.org/array-buffer-byte-length set size:undefined disposed:false
1930 silly fetch manifest es-to-primitive@^1.3.0
1931 silly packumentCache full:https://registry.npmjs.org/es-to-primitive cache-miss
1932 http fetch GET 200 https://registry.npmjs.org/define-data-property 63ms (cache miss)
1933 silly packumentCache full:https://registry.npmjs.org/define-data-property set size:undefined disposed:false
1934 silly fetch manifest function.prototype.name@^1.1.8
1935 silly packumentCache full:https://registry.npmjs.org/function.prototype.name cache-miss
1936 http fetch GET 200 https://registry.npmjs.org/call-bind-apply-helpers 73ms (cache miss)
1937 silly packumentCache full:https://registry.npmjs.org/call-bind-apply-helpers set size:undefined disposed:false
1938 silly fetch manifest get-proto@^1.0.1
1939 silly packumentCache full:https://registry.npmjs.org/get-proto cache-miss
1940 http fetch GET 200 https://registry.npmjs.org/arraybuffer.prototype.slice 71ms (cache miss)
1941 silly packumentCache full:https://registry.npmjs.org/arraybuffer.prototype.slice set size:undefined disposed:false
1942 silly fetch manifest get-symbol-description@^1.1.0
1943 silly packumentCache full:https://registry.npmjs.org/get-symbol-description cache-miss
1944 http fetch GET 200 https://registry.npmjs.org/data-view-byte-length 40ms (cache miss)
1945 silly packumentCache full:https://registry.npmjs.org/data-view-byte-length set size:undefined disposed:false
1946 silly fetch manifest globalthis@^1.0.4
1947 silly packumentCache full:https://registry.npmjs.org/globalthis cache-miss
1948 http fetch GET 200 https://registry.npmjs.org/available-typed-arrays 48ms (cache miss)
1949 silly packumentCache full:https://registry.npmjs.org/available-typed-arrays set size:undefined disposed:false
1950 silly fetch manifest gopd@^1.2.0
1951 silly packumentCache full:https://registry.npmjs.org/gopd cache-miss
1952 http fetch GET 200 https://registry.npmjs.org/es-to-primitive 51ms (cache miss)
1953 silly packumentCache full:https://registry.npmjs.org/es-to-primitive set size:undefined disposed:false
1954 silly fetch manifest has-property-descriptors@^1.0.2
1955 silly packumentCache full:https://registry.npmjs.org/has-property-descriptors cache-miss
1956 http cache https://registry.npmjs.org/has-property-descriptors 1ms (cache hit)
1957 silly packumentCache full:https://registry.npmjs.org/has-property-descriptors set size:12452 disposed:false
1958 silly fetch manifest has-proto@^1.2.0
1959 silly packumentCache full:https://registry.npmjs.org/has-proto cache-miss
1960 http fetch GET 200 https://registry.npmjs.org/es-set-tostringtag 55ms (cache miss)
1961 silly packumentCache full:https://registry.npmjs.org/es-set-tostringtag set size:undefined disposed:false
1962 silly fetch manifest has-symbols@^1.1.0
1963 silly packumentCache full:https://registry.npmjs.org/has-symbols cache-miss
1964 http fetch GET 200 https://registry.npmjs.org/data-view-buffer 62ms (cache miss)
1965 silly packumentCache full:https://registry.npmjs.org/data-view-buffer set size:undefined disposed:false
1966 silly fetch manifest internal-slot@^1.1.0
1967 silly packumentCache full:https://registry.npmjs.org/internal-slot cache-miss
1968 http fetch GET 200 https://registry.npmjs.org/function.prototype.name 73ms (cache miss)
1969 silly packumentCache full:https://registry.npmjs.org/function.prototype.name set size:undefined disposed:false
1970 silly fetch manifest is-array-buffer@^3.0.5
1971 silly packumentCache full:https://registry.npmjs.org/is-array-buffer cache-miss
1972 http fetch GET 200 https://registry.npmjs.org/get-symbol-description 65ms (cache miss)
1973 silly packumentCache full:https://registry.npmjs.org/get-symbol-description set size:undefined disposed:false
1974 silly fetch manifest is-callable@^1.2.7
1975 silly packumentCache full:https://registry.npmjs.org/is-callable cache-miss
1976 http fetch GET 200 https://registry.npmjs.org/get-proto 67ms (cache miss)
1977 silly packumentCache full:https://registry.npmjs.org/get-proto set size:undefined disposed:false
1978 silly fetch manifest is-data-view@^1.0.2
1979 silly packumentCache full:https://registry.npmjs.org/is-data-view cache-miss
1980 http fetch GET 200 https://registry.npmjs.org/globalthis 47ms (cache miss)
1981 silly packumentCache full:https://registry.npmjs.org/globalthis set size:undefined disposed:false
1982 silly fetch manifest is-negative-zero@^2.0.3
1983 silly packumentCache full:https://registry.npmjs.org/is-negative-zero cache-miss
1984 http fetch GET 200 https://registry.npmjs.org/gopd 43ms (cache miss)
1985 silly packumentCache full:https://registry.npmjs.org/gopd set size:undefined disposed:false
1986 silly fetch manifest is-regex@^1.2.1
1987 silly packumentCache full:https://registry.npmjs.org/is-regex cache-miss
1988 http fetch GET 200 https://registry.npmjs.org/has-proto 47ms (cache miss)
1989 silly packumentCache full:https://registry.npmjs.org/has-proto set size:undefined disposed:false
1990 silly fetch manifest is-set@^2.0.3
1991 silly packumentCache full:https://registry.npmjs.org/is-set cache-miss
1992 http fetch GET 200 https://registry.npmjs.org/has-symbols 48ms (cache miss)
1993 silly packumentCache full:https://registry.npmjs.org/has-symbols set size:undefined disposed:false
1994 silly fetch manifest is-shared-array-buffer@^1.0.4
1995 silly packumentCache full:https://registry.npmjs.org/is-shared-array-buffer cache-miss
1996 http fetch GET 200 https://registry.npmjs.org/internal-slot 70ms (cache miss)
1997 silly packumentCache full:https://registry.npmjs.org/internal-slot set size:undefined disposed:false
1998 silly fetch manifest is-typed-array@^1.1.15
1999 silly packumentCache full:https://registry.npmjs.org/is-typed-array cache-miss
2000 http fetch GET 200 https://registry.npmjs.org/is-regex 50ms (cache miss)
2001 silly packumentCache full:https://registry.npmjs.org/is-regex set size:undefined disposed:false
2002 silly fetch manifest is-weakref@^1.1.1
2003 silly packumentCache full:https://registry.npmjs.org/is-weakref cache-miss
2004 http fetch GET 200 https://registry.npmjs.org/is-negative-zero 54ms (cache miss)
2005 silly packumentCache full:https://registry.npmjs.org/is-negative-zero set size:undefined disposed:false
2006 silly fetch manifest object-inspect@^1.13.4
2007 silly packumentCache full:https://registry.npmjs.org/object-inspect cache-miss
2008 http fetch GET 200 https://registry.npmjs.org/is-data-view 68ms (cache miss)
2009 silly packumentCache full:https://registry.npmjs.org/is-data-view set size:undefined disposed:false
2010 silly fetch manifest object.assign@^4.1.7
2011 silly packumentCache full:https://registry.npmjs.org/object.assign cache-miss
2012 http fetch GET 200 https://registry.npmjs.org/is-callable 69ms (cache miss)
2013 silly packumentCache full:https://registry.npmjs.org/is-callable set size:undefined disposed:false
2014 silly fetch manifest own-keys@^1.0.1
2015 silly packumentCache full:https://registry.npmjs.org/own-keys cache-miss
2016 http fetch GET 200 https://registry.npmjs.org/is-set 48ms (cache miss)
2017 silly packumentCache full:https://registry.npmjs.org/is-set set size:undefined disposed:false
2018 silly fetch manifest regexp.prototype.flags@^1.5.4
2019 silly packumentCache full:https://registry.npmjs.org/regexp.prototype.flags cache-miss
2020 http fetch GET 200 https://registry.npmjs.org/data-view-byte-offset 156ms (cache miss)
2021 silly packumentCache full:https://registry.npmjs.org/data-view-byte-offset set size:undefined disposed:false
2022 silly fetch manifest safe-array-concat@^1.1.3
2023 silly packumentCache full:https://registry.npmjs.org/safe-array-concat cache-miss
2024 http fetch GET 200 https://registry.npmjs.org/is-array-buffer 99ms (cache miss)
2025 silly packumentCache full:https://registry.npmjs.org/is-array-buffer set size:undefined disposed:false
2026 silly fetch manifest safe-push-apply@^1.0.0
2027 silly packumentCache full:https://registry.npmjs.org/safe-push-apply cache-miss
2028 http fetch GET 200 https://registry.npmjs.org/is-weakref 44ms (cache miss)
2029 silly packumentCache full:https://registry.npmjs.org/is-weakref set size:undefined disposed:false
2030 silly fetch manifest safe-regex-test@^1.1.0
2031 silly packumentCache full:https://registry.npmjs.org/safe-regex-test cache-miss
2032 http cache https://registry.npmjs.org/safe-regex-test 0ms (cache hit)
2033 silly packumentCache full:https://registry.npmjs.org/safe-regex-test set size:17412 disposed:false
2034 silly fetch manifest set-proto@^1.0.0
2035 silly packumentCache full:https://registry.npmjs.org/set-proto cache-miss
2036 http fetch GET 200 https://registry.npmjs.org/is-shared-array-buffer 81ms (cache miss)
2037 silly packumentCache full:https://registry.npmjs.org/is-shared-array-buffer set size:undefined disposed:false
2038 silly fetch manifest stop-iteration-iterator@^1.1.0
2039 silly packumentCache full:https://registry.npmjs.org/stop-iteration-iterator cache-miss
2040 http fetch GET 200 https://registry.npmjs.org/is-typed-array 67ms (cache miss)
2041 silly packumentCache full:https://registry.npmjs.org/is-typed-array set size:undefined disposed:false
2042 silly fetch manifest string.prototype.trim@^1.2.10
2043 silly packumentCache full:https://registry.npmjs.org/string.prototype.trim cache-miss
2044 http fetch GET 200 https://registry.npmjs.org/object-inspect 64ms (cache miss)
2045 silly packumentCache full:https://registry.npmjs.org/object-inspect set size:undefined disposed:false
2046 silly fetch manifest string.prototype.trimstart@^1.0.8
2047 silly packumentCache full:https://registry.npmjs.org/string.prototype.trimstart cache-miss
2048 http fetch GET 200 https://registry.npmjs.org/object.assign 53ms (cache miss)
2049 silly packumentCache full:https://registry.npmjs.org/object.assign set size:undefined disposed:false
2050 silly fetch manifest typed-array-buffer@^1.0.3
2051 silly packumentCache full:https://registry.npmjs.org/typed-array-buffer cache-miss
2052 http fetch GET 200 https://registry.npmjs.org/regexp.prototype.flags 55ms (cache miss)
2053 silly packumentCache full:https://registry.npmjs.org/regexp.prototype.flags set size:undefined disposed:false
2054 silly fetch manifest typed-array-byte-length@^1.0.3
2055 silly packumentCache full:https://registry.npmjs.org/typed-array-byte-length cache-miss
2056 http fetch GET 200 https://registry.npmjs.org/own-keys 65ms (cache miss)
2057 silly packumentCache full:https://registry.npmjs.org/own-keys set size:undefined disposed:false
2058 silly fetch manifest typed-array-byte-offset@^1.0.4
2059 silly packumentCache full:https://registry.npmjs.org/typed-array-byte-offset cache-miss
2060 http fetch GET 200 https://registry.npmjs.org/safe-push-apply 49ms (cache miss)
2061 silly packumentCache full:https://registry.npmjs.org/safe-push-apply set size:undefined disposed:false
2062 silly fetch manifest typed-array-length@^1.0.7
2063 silly packumentCache full:https://registry.npmjs.org/typed-array-length cache-miss
2064 http fetch GET 200 https://registry.npmjs.org/set-proto 47ms (cache miss)
2065 silly packumentCache full:https://registry.npmjs.org/set-proto set size:undefined disposed:false
2066 silly fetch manifest unbox-primitive@^1.1.0
2067 silly packumentCache full:https://registry.npmjs.org/unbox-primitive cache-miss
2068 http fetch GET 200 https://registry.npmjs.org/safe-array-concat 77ms (cache miss)
2069 silly packumentCache full:https://registry.npmjs.org/safe-array-concat set size:undefined disposed:false
2070 silly fetch manifest which-typed-array@^1.1.19
2071 silly packumentCache full:https://registry.npmjs.org/which-typed-array cache-miss
2072 http fetch GET 200 https://registry.npmjs.org/stop-iteration-iterator 50ms (cache miss)
2073 silly packumentCache full:https://registry.npmjs.org/stop-iteration-iterator set size:undefined disposed:false
2074 silly fetch manifest has-tostringtag@^1.0.2
2075 silly packumentCache full:https://registry.npmjs.org/has-tostringtag cache-miss
2076 http fetch GET 200 https://registry.npmjs.org/typed-array-buffer 56ms (cache miss)
2077 silly packumentCache full:https://registry.npmjs.org/typed-array-buffer set size:undefined disposed:false
2078 http fetch GET 200 https://registry.npmjs.org/typed-array-byte-length 53ms (cache miss)
2079 silly packumentCache full:https://registry.npmjs.org/typed-array-byte-length set size:undefined disposed:false
2080 http fetch GET 200 https://registry.npmjs.org/string.prototype.trim 71ms (cache miss)
2081 silly packumentCache full:https://registry.npmjs.org/string.prototype.trim set size:undefined disposed:false
2082 http fetch GET 200 https://registry.npmjs.org/string.prototype.trimstart 63ms (cache miss)
2083 silly packumentCache full:https://registry.npmjs.org/string.prototype.trimstart set size:undefined disposed:false
2084 http fetch GET 200 https://registry.npmjs.org/typed-array-length 46ms (cache miss)
2085 silly packumentCache full:https://registry.npmjs.org/typed-array-length set size:undefined disposed:false
2086 http fetch GET 200 https://registry.npmjs.org/typed-array-byte-offset 67ms (cache miss)
2087 silly packumentCache full:https://registry.npmjs.org/typed-array-byte-offset set size:undefined disposed:false
2088 http fetch GET 200 https://registry.npmjs.org/has-tostringtag 48ms (cache miss)
2089 silly packumentCache full:https://registry.npmjs.org/has-tostringtag set size:undefined disposed:false
2090 http fetch GET 200 https://registry.npmjs.org/unbox-primitive 67ms (cache miss)
2091 silly packumentCache full:https://registry.npmjs.org/unbox-primitive set size:undefined disposed:false
2092 http fetch GET 200 https://registry.npmjs.org/which-typed-array 65ms (cache miss)
2093 silly packumentCache full:https://registry.npmjs.org/which-typed-array set size:undefined disposed:false
2094 silly placeDep ROOT es-errors@1.3.0 OK for: array.prototype.findlastindex@1.2.6 want: ^1.3.0
2095 silly placeDep ROOT es-shim-unscopables@1.1.0 OK for: array.prototype.findlastindex@1.2.6 want: ^1.1.0
2096 silly placeDep ROOT call-bind-apply-helpers@1.0.2 OK for: call-bind@1.0.8 want: ^1.0.0
2097 silly placeDep ROOT es-define-property@1.0.1 OK for: call-bind@1.0.8 want: ^1.0.0
2098 silly placeDep ROOT set-function-length@1.2.2 OK for: call-bind@1.0.8 want: ^1.2.2
2099 silly fetch manifest define-data-property@^1.1.4
2100 silly packumentCache full:https://registry.npmjs.org/define-data-property cache-miss
2101 silly fetch manifest gopd@^1.0.1
2102 silly packumentCache full:https://registry.npmjs.org/gopd cache-miss
2103 http cache https://registry.npmjs.org/gopd 1ms (cache hit)
2104 silly packumentCache full:https://registry.npmjs.org/gopd set size:11458 disposed:false
2105 http cache https://registry.npmjs.org/define-data-property 1ms (cache hit)
2106 silly packumentCache full:https://registry.npmjs.org/define-data-property set size:28048 disposed:false
2107 silly placeDep ROOT function-bind@1.1.2 OK for: call-bind-apply-helpers@1.0.2 want: ^1.1.2
2108 silly placeDep ROOT define-data-property@1.1.4 OK for: define-properties@1.2.1 want: ^1.0.1
2109 silly placeDep ROOT has-property-descriptors@1.0.2 OK for: define-properties@1.2.1 want: ^1.0.0
2110 silly placeDep ROOT object-keys@1.1.1 OK for: define-properties@1.2.1 want: ^1.1.1
2111 silly placeDep ROOT gopd@1.2.0 OK for: define-data-property@1.1.4 want: ^1.0.1
2112 silly placeDep ROOT array-buffer-byte-length@1.0.2 OK for: es-abstract@1.24.1 want: ^1.0.2
2113 silly placeDep ROOT arraybuffer.prototype.slice@1.0.4 OK for: es-abstract@1.24.1 want: ^1.0.4
2114 silly placeDep ROOT available-typed-arrays@1.0.7 OK for: es-abstract@1.24.1 want: ^1.0.7
2115 silly placeDep ROOT data-view-buffer@1.0.2 OK for: es-abstract@1.24.1 want: ^1.0.2
2116 silly placeDep ROOT data-view-byte-length@1.0.2 OK for: es-abstract@1.24.1 want: ^1.0.2
2117 silly placeDep ROOT data-view-byte-offset@1.0.1 OK for: es-abstract@1.24.1 want: ^1.0.1
2118 silly placeDep ROOT es-set-tostringtag@2.1.0 OK for: es-abstract@1.24.1 want: ^2.1.0
2119 silly placeDep ROOT es-to-primitive@1.3.0 OK for: es-abstract@1.24.1 want: ^1.3.0
2120 silly placeDep ROOT function.prototype.name@1.1.8 OK for: es-abstract@1.24.1 want: ^1.1.8
2121 silly placeDep ROOT get-proto@1.0.1 OK for: es-abstract@1.24.1 want: ^1.0.1
2122 silly placeDep ROOT get-symbol-description@1.1.0 OK for: es-abstract@1.24.1 want: ^1.1.0
2123 silly placeDep ROOT globalthis@1.0.4 OK for: es-abstract@1.24.1 want: ^1.0.4
2124 silly placeDep ROOT has-proto@1.2.0 OK for: es-abstract@1.24.1 want: ^1.2.0
2125 silly placeDep ROOT has-symbols@1.1.0 OK for: es-abstract@1.24.1 want: ^1.1.0
2126 silly placeDep ROOT internal-slot@1.1.0 OK for: es-abstract@1.24.1 want: ^1.1.0
2127 silly placeDep ROOT is-array-buffer@3.0.5 OK for: es-abstract@1.24.1 want: ^3.0.5
2128 silly placeDep ROOT is-callable@1.2.7 OK for: es-abstract@1.24.1 want: ^1.2.7
2129 silly placeDep ROOT is-data-view@1.0.2 OK for: es-abstract@1.24.1 want: ^1.0.2
2130 silly placeDep ROOT is-negative-zero@2.0.3 OK for: es-abstract@1.24.1 want: ^2.0.3
2131 silly placeDep ROOT is-regex@1.2.1 OK for: es-abstract@1.24.1 want: ^1.2.1
2132 silly placeDep ROOT is-set@2.0.3 OK for: es-abstract@1.24.1 want: ^2.0.3
2133 silly placeDep ROOT is-shared-array-buffer@1.0.4 OK for: es-abstract@1.24.1 want: ^1.0.4
2134 silly placeDep ROOT is-typed-array@1.1.15 OK for: es-abstract@1.24.1 want: ^1.1.15
2135 silly placeDep ROOT is-weakref@1.1.1 OK for: es-abstract@1.24.1 want: ^1.1.1
2136 silly placeDep ROOT object-inspect@1.13.4 OK for: es-abstract@1.24.1 want: ^1.13.4
2137 silly placeDep ROOT object.assign@4.1.7 OK for: es-abstract@1.24.1 want: ^4.1.7
2138 silly placeDep ROOT own-keys@1.0.1 OK for: es-abstract@1.24.1 want: ^1.0.1
2139 silly placeDep ROOT regexp.prototype.flags@1.5.4 OK for: es-abstract@1.24.1 want: ^1.5.4
2140 silly placeDep ROOT safe-array-concat@1.1.3 OK for: es-abstract@1.24.1 want: ^1.1.3
2141 silly placeDep ROOT safe-push-apply@1.0.0 OK for: es-abstract@1.24.1 want: ^1.0.0
2142 silly placeDep ROOT safe-regex-test@1.1.0 OK for: es-abstract@1.24.1 want: ^1.1.0
2143 silly placeDep ROOT set-proto@1.0.0 OK for: es-abstract@1.24.1 want: ^1.0.0
2144 silly placeDep ROOT stop-iteration-iterator@1.1.0 OK for: es-abstract@1.24.1 want: ^1.1.0
2145 silly placeDep ROOT string.prototype.trim@1.2.10 OK for: es-abstract@1.24.1 want: ^1.2.10
2146 silly placeDep ROOT string.prototype.trimstart@1.0.8 OK for: es-abstract@1.24.1 want: ^1.0.8
2147 silly placeDep ROOT typed-array-buffer@1.0.3 OK for: es-abstract@1.24.1 want: ^1.0.3
2148 silly placeDep ROOT typed-array-byte-length@1.0.3 OK for: es-abstract@1.24.1 want: ^1.0.3
2149 silly placeDep ROOT typed-array-byte-offset@1.0.4 OK for: es-abstract@1.24.1 want: ^1.0.4
2150 silly placeDep ROOT typed-array-length@1.0.7 OK for: es-abstract@1.24.1 want: ^1.0.7
2151 silly placeDep ROOT unbox-primitive@1.1.0 OK for: es-abstract@1.24.1 want: ^1.1.0
2152 silly placeDep ROOT which-typed-array@1.1.20 OK for: es-abstract@1.24.1 want: ^1.1.19
2153 silly fetch manifest is-array-buffer@^3.0.4
2154 silly packumentCache full:https://registry.npmjs.org/is-array-buffer cache-miss
2155 silly fetch manifest possible-typed-array-names@^1.0.0
2156 silly packumentCache full:https://registry.npmjs.org/possible-typed-array-names cache-miss
2157 silly fetch manifest is-data-view@^1.0.1
2158 silly packumentCache full:https://registry.npmjs.org/is-data-view cache-miss
2159 silly fetch manifest is-date-object@^1.0.5
2160 silly packumentCache full:https://registry.npmjs.org/is-date-object cache-miss
2161 silly fetch manifest is-symbol@^1.0.4
2162 silly packumentCache full:https://registry.npmjs.org/is-symbol cache-miss
2163 silly fetch manifest functions-have-names@^1.2.3
2164 silly packumentCache full:https://registry.npmjs.org/functions-have-names cache-miss
2165 silly fetch manifest dunder-proto@^1.0.1
2166 silly packumentCache full:https://registry.npmjs.org/dunder-proto cache-miss
2167 silly fetch manifest dunder-proto@^1.0.0
2168 silly packumentCache full:https://registry.npmjs.org/dunder-proto cache-miss
2169 silly fetch manifest side-channel@^1.1.0
2170 silly packumentCache full:https://registry.npmjs.org/side-channel cache-miss
2171 http cache https://registry.npmjs.org/is-array-buffer 3ms (cache hit)
2172 silly packumentCache full:https://registry.npmjs.org/is-array-buffer set size:33562 disposed:false
2173 silly fetch manifest is-typed-array@^1.1.13
2174 silly packumentCache full:https://registry.npmjs.org/is-typed-array cache-miss
2175 http cache https://registry.npmjs.org/is-data-view 3ms (cache hit)
2176 silly packumentCache full:https://registry.npmjs.org/is-data-view set size:13756 disposed:false
2177 silly fetch manifest which-typed-array@^1.1.16
2178 silly packumentCache full:https://registry.npmjs.org/which-typed-array cache-miss
2179 http cache https://registry.npmjs.org/is-typed-array 1ms (cache hit)
2180 silly packumentCache full:https://registry.npmjs.org/is-typed-array set size:79965 disposed:false
2181 silly fetch manifest set-function-name@^2.0.2
2182 silly packumentCache full:https://registry.npmjs.org/set-function-name cache-miss
2183 http cache https://registry.npmjs.org/which-typed-array 2ms (cache hit)
2184 silly packumentCache full:https://registry.npmjs.org/which-typed-array set size:93605 disposed:false
2185 silly fetch manifest isarray@^2.0.5
2186 silly packumentCache full:https://registry.npmjs.org/isarray cache-miss
2187 http fetch GET 200 https://registry.npmjs.org/possible-typed-array-names 35ms (cache miss)
2188 silly packumentCache full:https://registry.npmjs.org/possible-typed-array-names set size:undefined disposed:false
2189 silly fetch manifest isarray@^2.0.5
2190 silly packumentCache full:https://registry.npmjs.org/isarray cache-miss
2191 http fetch GET 200 https://registry.npmjs.org/is-symbol 45ms (cache miss)
2192 silly packumentCache full:https://registry.npmjs.org/is-symbol set size:undefined disposed:false
2193 silly fetch manifest dunder-proto@^1.0.1
2194 silly packumentCache full:https://registry.npmjs.org/dunder-proto cache-miss
2195 http fetch GET 200 https://registry.npmjs.org/set-function-name 44ms (cache miss)
2196 silly packumentCache full:https://registry.npmjs.org/set-function-name set size:undefined disposed:false
2197 silly fetch manifest for-each@^0.3.3
2198 silly packumentCache full:https://registry.npmjs.org/for-each cache-miss
2199 http fetch GET 200 https://registry.npmjs.org/dunder-proto 49ms (cache miss)
2200 silly packumentCache full:https://registry.npmjs.org/dunder-proto set size:undefined disposed:false
2201 silly fetch manifest for-each@^0.3.3
2202 silly packumentCache full:https://registry.npmjs.org/for-each cache-miss
2203 http fetch GET 200 https://registry.npmjs.org/side-channel 52ms (cache miss)
2204 silly packumentCache full:https://registry.npmjs.org/side-channel set size:undefined disposed:false
2205 silly fetch manifest reflect.getprototypeof@^1.0.9
2206 silly packumentCache full:https://registry.npmjs.org/reflect.getprototypeof cache-miss
2207 http fetch GET 200 https://registry.npmjs.org/dunder-proto 60ms (cache miss)
2208 silly packumentCache full:https://registry.npmjs.org/dunder-proto set size:undefined disposed:false
2209 silly fetch manifest for-each@^0.3.3
2210 silly packumentCache full:https://registry.npmjs.org/for-each cache-miss
2211 http fetch GET 200 https://registry.npmjs.org/is-date-object 60ms (cache miss)
2212 silly packumentCache full:https://registry.npmjs.org/is-date-object set size:undefined disposed:false
2213 silly fetch manifest reflect.getprototypeof@^1.0.6
2214 silly packumentCache full:https://registry.npmjs.org/reflect.getprototypeof cache-miss
2215 http fetch GET 200 https://registry.npmjs.org/functions-have-names 66ms (cache miss)
2216 silly packumentCache full:https://registry.npmjs.org/functions-have-names set size:undefined disposed:false
2217 silly fetch manifest has-bigints@^1.0.2
2218 silly packumentCache full:https://registry.npmjs.org/has-bigints cache-miss
2219 http fetch GET 200 https://registry.npmjs.org/isarray 35ms (cache miss)
2220 silly packumentCache full:https://registry.npmjs.org/isarray set size:undefined disposed:false
2221 silly fetch manifest which-boxed-primitive@^1.1.1
2222 silly packumentCache full:https://registry.npmjs.org/which-boxed-primitive cache-miss
2223 http fetch GET 200 https://registry.npmjs.org/isarray 77ms (cache miss)
2224 silly packumentCache full:https://registry.npmjs.org/isarray set size:undefined disposed:false
2225 silly fetch manifest for-each@^0.3.5
2226 silly packumentCache full:https://registry.npmjs.org/for-each cache-miss
2227 http fetch GET 200 https://registry.npmjs.org/for-each 43ms (cache miss)
2228 silly packumentCache full:https://registry.npmjs.org/for-each set size:undefined disposed:false
2229 http fetch GET 200 https://registry.npmjs.org/dunder-proto 48ms (cache miss)
2230 silly packumentCache full:https://registry.npmjs.org/dunder-proto set size:undefined disposed:false
2231 http fetch GET 200 https://registry.npmjs.org/for-each 49ms (cache miss)
2232 silly packumentCache full:https://registry.npmjs.org/for-each set size:undefined disposed:false
2233 http fetch GET 200 https://registry.npmjs.org/reflect.getprototypeof 58ms (cache miss)
2234 silly packumentCache full:https://registry.npmjs.org/reflect.getprototypeof set size:undefined disposed:false
2235 http fetch GET 200 https://registry.npmjs.org/reflect.getprototypeof 64ms (cache miss)
2236 silly packumentCache full:https://registry.npmjs.org/reflect.getprototypeof set size:undefined disposed:false
2237 http fetch GET 200 https://registry.npmjs.org/has-bigints 63ms (cache miss)
2238 silly packumentCache full:https://registry.npmjs.org/has-bigints set size:undefined disposed:false
2239 http fetch GET 200 https://registry.npmjs.org/which-boxed-primitive 60ms (cache miss)
2240 silly packumentCache full:https://registry.npmjs.org/which-boxed-primitive set size:undefined disposed:false
2241 http fetch GET 200 https://registry.npmjs.org/for-each 72ms (cache miss)
2242 silly packumentCache full:https://registry.npmjs.org/for-each set size:undefined disposed:false
2243 http fetch GET 200 https://registry.npmjs.org/for-each 126ms (cache miss)
2244 silly packumentCache full:https://registry.npmjs.org/for-each set size:undefined disposed:false
2245 silly placeDep ROOT possible-typed-array-names@1.1.0 OK for: available-typed-arrays@1.0.7 want: ^1.0.0
2246 silly placeDep ROOT has-tostringtag@1.0.2 OK for: es-set-tostringtag@2.1.0 want: ^1.0.2
2247 silly placeDep ROOT is-date-object@1.1.0 OK for: es-to-primitive@1.3.0 want: ^1.0.5
2248 silly placeDep ROOT is-symbol@1.1.1 OK for: es-to-primitive@1.3.0 want: ^1.0.4
2249 silly placeDep node_modules/eslint-module-utils debug@3.2.7 OK for: eslint-module-utils@2.12.1 want: ^3.2.7
2250 silly placeDep ROOT aria-query@5.3.2 OK for: eslint-plugin-jsx-a11y@6.10.2 want: ^5.3.2
2251 silly placeDep ROOT ast-types-flow@0.0.8 OK for: eslint-plugin-jsx-a11y@6.10.2 want: ^0.0.8
2252 silly placeDep ROOT axe-core@4.11.1 OK for: eslint-plugin-jsx-a11y@6.10.2 want: ^4.10.0
2253 silly placeDep ROOT axobject-query@4.1.0 OK for: eslint-plugin-jsx-a11y@6.10.2 want: ^4.1.0
2254 silly placeDep ROOT damerau-levenshtein@1.0.8 OK for: eslint-plugin-jsx-a11y@6.10.2 want: ^1.0.8
2255 silly placeDep ROOT emoji-regex@9.2.2 OK for: eslint-plugin-jsx-a11y@6.10.2 want: ^9.2.2
2256 silly placeDep ROOT jsx-ast-utils@3.3.5 OK for: eslint-plugin-jsx-a11y@6.10.2 want: ^3.3.5
2257 silly placeDep ROOT language-tags@1.0.9 OK for: eslint-plugin-jsx-a11y@6.10.2 want: ^1.0.9
2258 silly placeDep ROOT string.prototype.includes@2.0.1 OK for: eslint-plugin-jsx-a11y@6.10.2 want: ^2.0.1
2259 silly fetch manifest language-subtag-registry@^0.3.20
2260 silly packumentCache full:https://registry.npmjs.org/language-subtag-registry cache-miss
2261 http fetch GET 200 https://registry.npmjs.org/language-subtag-registry 71ms (cache miss)
2262 silly packumentCache full:https://registry.npmjs.org/language-subtag-registry set size:undefined disposed:false
2263 silly placeDep ROOT array.prototype.findlast@1.2.5 OK for: eslint-plugin-react@7.37.5 want: ^1.2.5
2264 silly placeDep ROOT array.prototype.tosorted@1.1.4 OK for: eslint-plugin-react@7.37.5 want: ^1.1.4
2265 silly placeDep ROOT es-iterator-helpers@1.2.2 OK for: eslint-plugin-react@7.37.5 want: ^1.2.1
2266 silly placeDep ROOT estraverse@5.3.0 OK for: eslint-plugin-react@7.37.5 want: ^5.3.0
2267 silly placeDep ROOT object.entries@1.1.9 OK for: eslint-plugin-react@7.37.5 want: ^1.1.9
2268 silly placeDep ROOT prop-types@15.8.1 OK for: eslint-plugin-react@7.37.5 want: ^15.8.1
2269 silly placeDep node_modules/eslint-plugin-react resolve@2.0.0-next.5 OK for: eslint-plugin-react@7.37.5 want: ^2.0.0-next.5
2270 silly placeDep ROOT string.prototype.matchall@4.0.12 OK for: eslint-plugin-react@7.37.5 want: ^4.0.12
2271 silly placeDep ROOT string.prototype.repeat@1.0.0 OK for: eslint-plugin-react@7.37.5 want: ^1.0.0
2272 silly fetch manifest iterator.prototype@^1.1.5
2273 silly packumentCache full:https://registry.npmjs.org/iterator.prototype cache-miss
2274 silly fetch manifest loose-envify@^1.4.0
2275 silly packumentCache full:https://registry.npmjs.org/loose-envify cache-miss
2276 silly fetch manifest object-assign@^4.1.1
2277 silly packumentCache full:https://registry.npmjs.org/object-assign cache-miss
2278 silly fetch manifest react-is@^16.13.1
2279 silly packumentCache full:https://registry.npmjs.org/react-is cache-miss
2280 http fetch GET 200 https://registry.npmjs.org/iterator.prototype 43ms (cache miss)
2281 silly packumentCache full:https://registry.npmjs.org/iterator.prototype set size:undefined disposed:false
2282 http fetch GET 200 https://registry.npmjs.org/object-assign 46ms (cache miss)
2283 silly packumentCache full:https://registry.npmjs.org/object-assign set size:undefined disposed:false
2284 http fetch GET 200 https://registry.npmjs.org/loose-envify 60ms (cache miss)
2285 silly packumentCache full:https://registry.npmjs.org/loose-envify set size:undefined disposed:false
2286 http fetch GET 200 https://registry.npmjs.org/react-is 336ms (cache miss)
2287 silly packumentCache full:https://registry.npmjs.org/react-is set size:undefined disposed:false
2288 silly placeDep ROOT iterator.prototype@1.1.5 OK for: es-iterator-helpers@1.2.2 want: ^1.1.5
2289 silly placeDep ROOT @babel/core@7.29.0 OK for: eslint-plugin-react-hooks@7.0.1 want: ^7.24.4
2290 silly placeDep ROOT @babel/parser@7.29.0 OK for: eslint-plugin-react-hooks@7.0.1 want: ^7.24.4
2291 silly placeDep ROOT hermes-parser@0.25.1 OK for: eslint-plugin-react-hooks@7.0.1 want: ^0.25.1
2292 silly placeDep ROOT zod@4.3.6 OK for: eslint-plugin-react-hooks@7.0.1 want: ^3.25.0 || ^4.0.0
2293 silly placeDep ROOT zod-validation-error@4.0.2 OK for: eslint-plugin-react-hooks@7.0.1 want: ^3.5.0 || ^4.0.0
2294 silly fetch manifest json5@^2.2.3
2295 silly packumentCache full:https://registry.npmjs.org/json5 cache-miss
2296 silly fetch manifest gensync@^1.0.0-beta.2
2297 silly packumentCache full:https://registry.npmjs.org/gensync cache-miss
2298 silly fetch manifest @babel/types@^7.29.0
2299 silly packumentCache full:https://registry.npmjs.org/@babel%2ftypes cache-miss
2300 silly fetch manifest @babel/parser@^7.29.0
2301 silly packumentCache full:https://registry.npmjs.org/@babel%2fparser cache-miss
2302 silly fetch manifest @babel/helpers@^7.28.6
2303 silly packumentCache full:https://registry.npmjs.org/@babel%2fhelpers cache-miss
2304 silly fetch manifest @babel/template@^7.28.6
2305 silly packumentCache full:https://registry.npmjs.org/@babel%2ftemplate cache-miss
2306 silly fetch manifest @babel/traverse@^7.29.0
2307 silly packumentCache full:https://registry.npmjs.org/@babel%2ftraverse cache-miss
2308 silly fetch manifest @babel/generator@^7.29.0
2309 silly packumentCache full:https://registry.npmjs.org/@babel%2fgenerator cache-miss
2310 silly fetch manifest @babel/code-frame@^7.29.0
2311 silly packumentCache full:https://registry.npmjs.org/@babel%2fcode-frame cache-miss
2312 http cache https://registry.npmjs.org/json5 5ms (cache hit)
2313 silly packumentCache full:https://registry.npmjs.org/json5 set size:86136 disposed:false
2314 silly fetch manifest convert-source-map@^2.0.0
2315 silly packumentCache full:https://registry.npmjs.org/convert-source-map cache-miss
2316 http cache https://registry.npmjs.org/@babel%2fparser 6ms (cache hit)
2317 silly packumentCache full:https://registry.npmjs.org/@babel%2fparser set size:711883 disposed:false
2318 silly fetch manifest @babel/helper-module-transforms@^7.28.6
2319 silly packumentCache full:https://registry.npmjs.org/@babel%2fhelper-module-transforms cache-miss
2320 http fetch GET 200 https://registry.npmjs.org/gensync 51ms (cache miss)
2321 silly packumentCache full:https://registry.npmjs.org/gensync set size:undefined disposed:false
2322 silly fetch manifest @babel/helper-compilation-targets@^7.28.6
2323 silly packumentCache full:https://registry.npmjs.org/@babel%2fhelper-compilation-targets cache-miss
2324 http fetch GET 200 https://registry.npmjs.org/convert-source-map 52ms (cache miss)
2325 silly packumentCache full:https://registry.npmjs.org/convert-source-map set size:undefined disposed:false
2326 silly fetch manifest @babel/types@^7.29.0
2327 silly packumentCache full:https://registry.npmjs.org/@babel%2ftypes cache-miss
2328 http fetch GET 200 https://registry.npmjs.org/@babel%2ftemplate 67ms (cache miss)
2329 silly packumentCache full:https://registry.npmjs.org/@babel%2ftemplate set size:undefined disposed:false
2330 silly fetch manifest hermes-estree@0.25.1
2331 silly packumentCache full:https://registry.npmjs.org/hermes-estree cache-miss
2332 http fetch GET 200 https://registry.npmjs.org/@babel%2ftraverse 77ms (cache miss)
2333 silly packumentCache full:https://registry.npmjs.org/@babel%2ftraverse set size:undefined disposed:false
2334 http fetch GET 200 https://registry.npmjs.org/@babel%2fcode-frame 80ms (cache miss)
2335 silly packumentCache full:https://registry.npmjs.org/@babel%2fcode-frame set size:undefined disposed:false
2336 http fetch GET 200 https://registry.npmjs.org/@babel%2fgenerator 81ms (cache miss)
2337 silly packumentCache full:https://registry.npmjs.org/@babel%2fgenerator set size:undefined disposed:false
2338 http fetch GET 200 https://registry.npmjs.org/@babel%2ftypes 84ms (cache miss)
2339 silly packumentCache full:https://registry.npmjs.org/@babel%2ftypes set size:undefined disposed:false
2340 http fetch GET 200 https://registry.npmjs.org/@babel%2ftypes 75ms (cache miss)
2341 silly packumentCache full:https://registry.npmjs.org/@babel%2ftypes set size:undefined disposed:false
2342 http fetch GET 200 https://registry.npmjs.org/@babel%2fhelper-compilation-targets 84ms (cache miss)
2343 silly packumentCache full:https://registry.npmjs.org/@babel%2fhelper-compilation-targets set size:undefined disposed:false
2344 http fetch GET 200 https://registry.npmjs.org/hermes-estree 70ms (cache miss)
2345 silly packumentCache full:https://registry.npmjs.org/hermes-estree set size:undefined disposed:false
2346 http fetch GET 200 https://registry.npmjs.org/@babel%2fhelpers 162ms (cache miss)
2347 silly packumentCache full:https://registry.npmjs.org/@babel%2fhelpers set size:undefined disposed:false
2348 http fetch GET 200 https://registry.npmjs.org/@babel%2fhelper-module-transforms 302ms (cache miss)
2349 silly packumentCache full:https://registry.npmjs.org/@babel%2fhelper-module-transforms set size:undefined disposed:false
2350 silly fetch manifest @babel/core@^7.0.0
2351 silly packumentCache full:https://registry.npmjs.org/@babel%2fcore cache-miss
2352 http cache https://registry.npmjs.org/@babel%2fcore 3ms (cache hit)
2353 silly packumentCache full:https://registry.npmjs.org/@babel%2fcore set size:752167 disposed:false
2354 silly placeDep ROOT @babel/code-frame@7.29.0 OK for: @babel/core@7.29.0 want: ^7.29.0
2355 silly placeDep ROOT @babel/generator@7.29.1 OK for: @babel/core@7.29.0 want: ^7.29.0
2356 silly placeDep ROOT @babel/helper-compilation-targets@7.28.6 OK for: @babel/core@7.29.0 want: ^7.28.6
2357 silly placeDep ROOT @babel/helper-module-transforms@7.28.6 OK for: @babel/core@7.29.0 want: ^7.28.6
2358 silly placeDep ROOT @babel/helpers@7.28.6 OK for: @babel/core@7.29.0 want: ^7.28.6
2359 silly placeDep ROOT @babel/template@7.28.6 OK for: @babel/core@7.29.0 want: ^7.28.6
2360 silly placeDep ROOT @babel/traverse@7.29.0 OK for: @babel/core@7.29.0 want: ^7.29.0
2361 silly placeDep ROOT @babel/types@7.29.0 OK for: @babel/core@7.29.0 want: ^7.29.0
2362 silly placeDep ROOT convert-source-map@2.0.0 OK for: @babel/core@7.29.0 want: ^2.0.0
2363 silly placeDep ROOT gensync@1.0.0-beta.2 OK for: @babel/core@7.29.0 want: ^1.0.0-beta.2
2364 silly placeDep ROOT json5@2.2.3 OK for: @babel/core@7.29.0 want: ^2.2.3
2365 silly fetch manifest js-tokens@^4.0.0
2366 silly packumentCache full:https://registry.npmjs.org/js-tokens cache-miss
2367 silly fetch manifest @babel/helper-validator-identifier@^7.28.5
2368 silly packumentCache full:https://registry.npmjs.org/@babel%2fhelper-validator-identifier cache-miss
2369 silly fetch manifest jsesc@^3.0.2
2370 silly packumentCache full:https://registry.npmjs.org/jsesc cache-miss
2371 silly fetch manifest lru-cache@^5.1.1
2372 silly packumentCache full:https://registry.npmjs.org/lru-cache cache-miss
2373 silly fetch manifest browserslist@^4.24.0
2374 silly packumentCache full:https://registry.npmjs.org/browserslist cache-miss
2375 silly fetch manifest @babel/compat-data@^7.28.6
2376 silly packumentCache full:https://registry.npmjs.org/@babel%2fcompat-data cache-miss
2377 silly fetch manifest @babel/helper-validator-option@^7.27.1
2378 silly packumentCache full:https://registry.npmjs.org/@babel%2fhelper-validator-option cache-miss
2379 silly fetch manifest @babel/traverse@^7.28.6
2380 silly packumentCache full:https://registry.npmjs.org/@babel%2ftraverse cache-miss
2381 silly fetch manifest @babel/helper-module-imports@^7.28.6
2382 silly packumentCache full:https://registry.npmjs.org/@babel%2fhelper-module-imports cache-miss
2383 http cache https://registry.npmjs.org/@babel%2ftraverse 3ms (cache hit)
2384 silly packumentCache full:https://registry.npmjs.org/@babel%2ftraverse set size:544276 disposed:false
2385 silly fetch manifest @babel/helper-validator-identifier@^7.28.5
2386 silly packumentCache full:https://registry.npmjs.org/@babel%2fhelper-validator-identifier cache-miss
2387 http fetch GET 200 https://registry.npmjs.org/jsesc 56ms (cache miss)
2388 silly packumentCache full:https://registry.npmjs.org/jsesc set size:undefined disposed:false
2389 silly fetch manifest @babel/types@^7.28.6
2390 silly packumentCache full:https://registry.npmjs.org/@babel%2ftypes cache-miss
2391 http cache https://registry.npmjs.org/@babel%2ftypes 2ms (cache hit)
2392 silly packumentCache full:https://registry.npmjs.org/@babel%2ftypes set size:483793 disposed:false
2393 silly fetch manifest @babel/helper-globals@^7.28.0
2394 silly packumentCache full:https://registry.npmjs.org/@babel%2fhelper-globals cache-miss
2395 http fetch GET 200 https://registry.npmjs.org/@babel%2fhelper-validator-option 65ms (cache miss)
2396 silly packumentCache full:https://registry.npmjs.org/@babel%2fhelper-validator-option set size:undefined disposed:false
2397 silly fetch manifest @babel/helper-string-parser@^7.27.1
2398 silly packumentCache full:https://registry.npmjs.org/@babel%2fhelper-string-parser cache-miss
2399 http fetch GET 200 https://registry.npmjs.org/js-tokens 68ms (cache miss)
2400 silly packumentCache full:https://registry.npmjs.org/js-tokens set size:undefined disposed:false
2401 silly fetch manifest @babel/helper-validator-identifier@^7.28.5
2402 silly packumentCache full:https://registry.npmjs.org/@babel%2fhelper-validator-identifier cache-miss
2403 http fetch GET 200 https://registry.npmjs.org/lru-cache 71ms (cache miss)
2404 silly packumentCache full:https://registry.npmjs.org/lru-cache set size:undefined disposed:false
2405 http fetch GET 200 https://registry.npmjs.org/@babel%2fcompat-data 75ms (cache miss)
2406 silly packumentCache full:https://registry.npmjs.org/@babel%2fcompat-data set size:undefined disposed:false
2407 http fetch GET 200 https://registry.npmjs.org/@babel%2fhelper-validator-identifier 77ms (cache miss)
2408 silly packumentCache full:https://registry.npmjs.org/@babel%2fhelper-validator-identifier set size:undefined disposed:false
2409 http fetch GET 200 https://registry.npmjs.org/@babel%2fhelper-module-imports 87ms (cache miss)
2410 silly packumentCache full:https://registry.npmjs.org/@babel%2fhelper-module-imports set size:undefined disposed:false
2411 http fetch GET 200 https://registry.npmjs.org/browserslist 93ms (cache miss)
2412 silly packumentCache full:https://registry.npmjs.org/browserslist set size:undefined disposed:false
2413 http fetch GET 200 https://registry.npmjs.org/@babel%2fhelper-globals 42ms (cache miss)
2414 silly packumentCache full:https://registry.npmjs.org/@babel%2fhelper-globals set size:undefined disposed:false
2415 http fetch GET 200 https://registry.npmjs.org/@babel%2fhelper-validator-identifier 98ms (cache miss)
2416 silly packumentCache full:https://registry.npmjs.org/@babel%2fhelper-validator-identifier set size:undefined disposed:false
2417 http fetch GET 200 https://registry.npmjs.org/@babel%2fhelper-string-parser 55ms (cache miss)
2418 silly packumentCache full:https://registry.npmjs.org/@babel%2fhelper-string-parser set size:undefined disposed:false
2419 http fetch GET 200 https://registry.npmjs.org/@babel%2fhelper-validator-identifier 58ms (cache miss)
2420 silly packumentCache full:https://registry.npmjs.org/@babel%2fhelper-validator-identifier set size:undefined disposed:false
2421 silly placeDep ROOT @babel/helper-validator-identifier@7.28.5 OK for: @babel/code-frame@7.29.0 want: ^7.28.5
2422 silly placeDep ROOT js-tokens@4.0.0 OK for: @babel/code-frame@7.29.0 want: ^4.0.0
2423 silly placeDep ROOT picocolors@1.1.1 OK for: @babel/code-frame@7.29.0 want: ^1.1.1
2424 silly placeDep ROOT jsesc@3.1.0 OK for: @babel/generator@7.29.1 want: ^3.0.2
2425 silly placeDep ROOT @babel/compat-data@7.29.0 OK for: @babel/helper-compilation-targets@7.28.6 want: ^7.28.6
2426 silly placeDep ROOT @babel/helper-validator-option@7.27.1 OK for: @babel/helper-compilation-targets@7.28.6 want: ^7.27.1
2427 silly placeDep ROOT browserslist@4.28.1 OK for: @babel/helper-compilation-targets@7.28.6 want: ^4.24.0
2428 silly placeDep ROOT lru-cache@5.1.1 OK for: @babel/helper-compilation-targets@7.28.6 want: ^5.1.1
2429 silly fetch manifest baseline-browser-mapping@^2.9.0
2430 silly packumentCache full:https://registry.npmjs.org/baseline-browser-mapping cache-miss
2431 silly fetch manifest caniuse-lite@^1.0.30001759
2432 silly packumentCache full:https://registry.npmjs.org/caniuse-lite cache-miss
2433 silly fetch manifest electron-to-chromium@^1.5.263
2434 silly packumentCache full:https://registry.npmjs.org/electron-to-chromium cache-miss
2435 silly fetch manifest node-releases@^2.0.27
2436 silly packumentCache full:https://registry.npmjs.org/node-releases cache-miss
2437 silly fetch manifest update-browserslist-db@^1.2.0
2438 silly packumentCache full:https://registry.npmjs.org/update-browserslist-db cache-miss
2439 silly fetch manifest yallist@^3.0.2
2440 silly packumentCache full:https://registry.npmjs.org/yallist cache-miss
2441 http cache https://registry.npmjs.org/caniuse-lite 3ms (cache hit)
2442 silly packumentCache full:https://registry.npmjs.org/caniuse-lite set size:2252610 disposed:false
2443 http fetch GET 200 https://registry.npmjs.org/baseline-browser-mapping 49ms (cache miss)
2444 silly packumentCache full:https://registry.npmjs.org/baseline-browser-mapping set size:undefined disposed:false
2445 http fetch GET 200 https://registry.npmjs.org/update-browserslist-db 61ms (cache miss)
2446 silly packumentCache full:https://registry.npmjs.org/update-browserslist-db set size:undefined disposed:false
2447 http fetch GET 200 https://registry.npmjs.org/yallist 66ms (cache miss)
2448 silly packumentCache full:https://registry.npmjs.org/yallist set size:undefined disposed:false
2449 http fetch GET 200 https://registry.npmjs.org/node-releases 92ms (cache miss)
2450 silly packumentCache full:https://registry.npmjs.org/node-releases set size:undefined disposed:false
2451 http fetch GET 200 https://registry.npmjs.org/electron-to-chromium 145ms (cache miss)
2452 silly packumentCache full:https://registry.npmjs.org/electron-to-chromium set size:undefined disposed:false
2453 silly placeDep ROOT @babel/helper-module-imports@7.28.6 OK for: @babel/helper-module-transforms@7.28.6 want: ^7.28.6
2454 silly placeDep ROOT @babel/helper-globals@7.28.0 OK for: @babel/traverse@7.29.0 want: ^7.28.0
2455 silly placeDep ROOT @babel/helper-string-parser@7.27.1 OK for: @babel/types@7.29.0 want: ^7.27.1
2456 silly fetch manifest browserslist@>= 4.21.0
2457 silly packumentCache full:https://registry.npmjs.org/browserslist cache-miss
2458 http cache https://registry.npmjs.org/browserslist 1ms (cache hit)
2459 silly packumentCache full:https://registry.npmjs.org/browserslist set size:502989 disposed:false
2460 silly placeDep ROOT baseline-browser-mapping@2.9.19 OK for: browserslist@4.28.1 want: ^2.9.0
2461 silly placeDep ROOT caniuse-lite@1.0.30001769 OK for: browserslist@4.28.1 want: ^1.0.30001759
2462 silly placeDep ROOT electron-to-chromium@1.5.286 OK for: browserslist@4.28.1 want: ^1.5.263
2463 silly placeDep ROOT node-releases@2.0.27 OK for: browserslist@4.28.1 want: ^2.0.27
2464 silly placeDep ROOT update-browserslist-db@1.2.3 OK for: browserslist@4.28.1 want: ^1.2.0
2465 silly fetch manifest escalade@^3.2.0
2466 silly packumentCache full:https://registry.npmjs.org/escalade cache-miss
2467 http fetch GET 200 https://registry.npmjs.org/escalade 44ms (cache miss)
2468 silly packumentCache full:https://registry.npmjs.org/escalade set size:undefined disposed:false
2469 silly placeDep ROOT esrecurse@4.3.0 OK for: eslint-scope@8.4.0 want: ^4.3.0
2470 silly placeDep ROOT acorn@8.15.0 OK for: espree@10.4.0 want: ^8.15.0
2471 silly placeDep ROOT acorn-jsx@5.3.2 OK for: espree@10.4.0 want: ^5.3.2
2472 silly placeDep ROOT @nodelib/fs.stat@2.0.5 OK for: fast-glob@3.3.1 want: ^2.0.2
2473 silly placeDep ROOT @nodelib/fs.walk@1.2.8 OK for: fast-glob@3.3.1 want: ^1.2.3
2474 silly placeDep node_modules/fast-glob glob-parent@5.1.2 OK for: fast-glob@3.3.1 want: ^5.1.2
2475 silly placeDep ROOT merge2@1.4.1 OK for: fast-glob@3.3.1 want: ^1.3.0
2476 silly placeDep ROOT micromatch@4.0.8 OK for: fast-glob@3.3.1 want: ^4.0.4
2477 silly fetch manifest fastq@^1.6.0
2478 silly packumentCache full:https://registry.npmjs.org/fastq cache-miss
2479 silly fetch manifest @nodelib/fs.scandir@2.1.5
2480 silly packumentCache full:https://registry.npmjs.org/@nodelib%2ffs.scandir cache-miss
2481 silly fetch manifest braces@^3.0.3
2482 silly packumentCache full:https://registry.npmjs.org/braces cache-miss
2483 silly fetch manifest picomatch@^2.3.1
2484 silly packumentCache full:https://registry.npmjs.org/picomatch cache-miss
2485 http cache https://registry.npmjs.org/picomatch 1ms (cache hit)
2486 silly packumentCache full:https://registry.npmjs.org/picomatch set size:118818 disposed:false
2487 http fetch GET 200 https://registry.npmjs.org/fastq 54ms (cache miss)
2488 silly packumentCache full:https://registry.npmjs.org/fastq set size:undefined disposed:false
2489 http fetch GET 200 https://registry.npmjs.org/braces 64ms (cache miss)
2490 silly packumentCache full:https://registry.npmjs.org/braces set size:undefined disposed:false
2491 http fetch GET 200 https://registry.npmjs.org/@nodelib%2ffs.scandir 85ms (cache miss)
2492 silly packumentCache full:https://registry.npmjs.org/@nodelib%2ffs.scandir set size:undefined disposed:false
2493 silly placeDep ROOT @nodelib/fs.scandir@2.1.5 OK for: @nodelib/fs.walk@1.2.8 want: 2.1.5
2494 silly placeDep ROOT fastq@1.20.1 OK for: @nodelib/fs.walk@1.2.8 want: ^1.6.0
2495 silly fetch manifest run-parallel@^1.1.9
2496 silly packumentCache full:https://registry.npmjs.org/run-parallel cache-miss
2497 silly fetch manifest reusify@^1.0.4
2498 silly packumentCache full:https://registry.npmjs.org/reusify cache-miss
2499 http fetch GET 200 https://registry.npmjs.org/run-parallel 33ms (cache miss)
2500 silly packumentCache full:https://registry.npmjs.org/run-parallel set size:undefined disposed:false
2501 http fetch GET 200 https://registry.npmjs.org/reusify 82ms (cache miss)
2502 silly packumentCache full:https://registry.npmjs.org/reusify set size:undefined disposed:false
2503 silly placeDep ROOT run-parallel@1.2.0 OK for: @nodelib/fs.scandir@2.1.5 want: ^1.1.9
2504 silly fetch manifest queue-microtask@^1.2.2
2505 silly packumentCache full:https://registry.npmjs.org/queue-microtask cache-miss
2506 http fetch GET 200 https://registry.npmjs.org/queue-microtask 79ms (cache miss)
2507 silly packumentCache full:https://registry.npmjs.org/queue-microtask set size:undefined disposed:false
2508 silly placeDep ROOT reusify@1.1.0 OK for: fastq@1.20.1 want: ^1.0.4
2509 silly placeDep ROOT flat-cache@4.0.1 OK for: file-entry-cache@8.0.0 want: ^4.0.0
2510 silly fetch manifest keyv@^4.5.4
2511 silly packumentCache full:https://registry.npmjs.org/keyv cache-miss
2512 silly fetch manifest flatted@^3.2.9
2513 silly packumentCache full:https://registry.npmjs.org/flatted cache-miss
2514 http fetch GET 200 https://registry.npmjs.org/flatted 55ms (cache miss)
2515 silly packumentCache full:https://registry.npmjs.org/flatted set size:undefined disposed:false
2516 http fetch GET 200 https://registry.npmjs.org/keyv 97ms (cache miss)
2517 silly packumentCache full:https://registry.npmjs.org/keyv set size:undefined disposed:false
2518 silly placeDep ROOT locate-path@6.0.0 OK for: find-up@5.0.0 want: ^6.0.0
2519 silly placeDep ROOT path-exists@4.0.0 OK for: find-up@5.0.0 want: ^4.0.0
2520 silly fetch manifest p-locate@^5.0.0
2521 silly packumentCache full:https://registry.npmjs.org/p-locate cache-miss
2522 http fetch GET 200 https://registry.npmjs.org/p-locate 39ms (cache miss)
2523 silly packumentCache full:https://registry.npmjs.org/p-locate set size:undefined disposed:false
2524 silly placeDep ROOT flatted@3.3.3 OK for: flat-cache@4.0.1 want: ^3.2.9
2525 silly placeDep ROOT keyv@4.5.4 OK for: flat-cache@4.0.1 want: ^4.5.4
2526 silly fetch manifest json-buffer@3.0.1
2527 silly packumentCache full:https://registry.npmjs.org/json-buffer cache-miss
2528 http fetch GET 200 https://registry.npmjs.org/json-buffer 45ms (cache miss)
2529 silly packumentCache full:https://registry.npmjs.org/json-buffer set size:undefined disposed:false
2530 silly placeDep ROOT motion-dom@12.33.0 OK for: framer-motion@12.33.0 want: ^12.33.0
2531 silly placeDep ROOT motion-utils@12.29.2 OK for: framer-motion@12.33.0 want: ^12.29.2
2532 silly placeDep ROOT functions-have-names@1.2.3 OK for: function.prototype.name@1.1.8 want: ^1.2.3
2533 silly placeDep ROOT dunder-proto@1.0.1 OK for: get-proto@1.0.1 want: ^1.0.1
2534 silly placeDep ROOT resolve-pkg-maps@1.0.0 OK for: get-tsconfig@4.13.6 want: ^1.0.0
2535 silly placeDep ROOT hermes-estree@0.25.1 OK for: hermes-parser@0.25.1 want: 0.25.1
2536 silly placeDep ROOT parent-module@1.0.1 OK for: import-fresh@3.3.1 want: ^1.0.0
2537 silly placeDep ROOT resolve-from@4.0.0 OK for: import-fresh@3.3.1 want: ^4.0.0
2538 silly fetch manifest callsites@^3.0.0
2539 silly packumentCache full:https://registry.npmjs.org/callsites cache-miss
2540 http fetch GET 200 https://registry.npmjs.org/callsites 53ms (cache miss)
2541 silly packumentCache full:https://registry.npmjs.org/callsites set size:undefined disposed:false
2542 silly placeDep ROOT side-channel@1.1.0 OK for: internal-slot@1.1.0 want: ^1.1.0
2543 silly fetch manifest side-channel-list@^1.0.0
2544 silly packumentCache full:https://registry.npmjs.org/side-channel-list cache-miss
2545 silly fetch manifest side-channel-map@^1.0.1
2546 silly packumentCache full:https://registry.npmjs.org/side-channel-map cache-miss
2547 silly fetch manifest side-channel-weakmap@^1.0.2
2548 silly packumentCache full:https://registry.npmjs.org/side-channel-weakmap cache-miss
2549 http fetch GET 200 https://registry.npmjs.org/side-channel-list 42ms (cache miss)
2550 silly packumentCache full:https://registry.npmjs.org/side-channel-list set size:undefined disposed:false
2551 http fetch GET 200 https://registry.npmjs.org/side-channel-map 58ms (cache miss)
2552 silly packumentCache full:https://registry.npmjs.org/side-channel-map set size:undefined disposed:false
2553 http fetch GET 200 https://registry.npmjs.org/side-channel-weakmap 59ms (cache miss)
2554 silly packumentCache full:https://registry.npmjs.org/side-channel-weakmap set size:undefined disposed:false
2555 silly placeDep node_modules/is-bun-module semver@7.7.4 OK for: is-bun-module@2.0.0 want: ^7.7.1
2556 silly placeDep ROOT is-extglob@2.1.1 OK for: is-glob@4.0.3 want: ^2.1.1
2557 silly placeDep ROOT set-function-name@2.0.2 OK for: iterator.prototype@1.1.5 want: ^2.0.2
2558 silly placeDep ROOT argparse@2.0.1 OK for: js-yaml@4.1.1 want: ^2.0.1
2559 silly placeDep ROOT json-buffer@3.0.1 OK for: keyv@4.5.4 want: 3.0.1
2560 silly placeDep ROOT language-subtag-registry@0.3.23 OK for: language-tags@1.0.9 want: ^0.3.20
2561 silly placeDep ROOT prelude-ls@1.2.1 OK for: levn@0.4.1 want: ^1.2.1
2562 silly placeDep ROOT type-check@0.4.0 OK for: levn@0.4.1 want: ~0.4.0
2563 silly placeDep ROOT detect-libc@2.1.2 OK for: lightningcss@1.30.2 want: ^2.0.3
2564 silly placeDep ROOT lightningcss-android-arm64@1.30.2 OK for: lightningcss@1.30.2 want: 1.30.2
2565 silly placeDep ROOT lightningcss-darwin-arm64@1.30.2 OK for: lightningcss@1.30.2 want: 1.30.2
2566 silly placeDep ROOT lightningcss-darwin-x64@1.30.2 OK for: lightningcss@1.30.2 want: 1.30.2
2567 silly placeDep ROOT lightningcss-freebsd-x64@1.30.2 OK for: lightningcss@1.30.2 want: 1.30.2
2568 silly placeDep ROOT lightningcss-linux-arm-gnueabihf@1.30.2 OK for: lightningcss@1.30.2 want: 1.30.2
2569 silly placeDep ROOT lightningcss-linux-arm64-gnu@1.30.2 OK for: lightningcss@1.30.2 want: 1.30.2
2570 silly placeDep ROOT lightningcss-linux-arm64-musl@1.30.2 OK for: lightningcss@1.30.2 want: 1.30.2
2571 silly placeDep ROOT lightningcss-linux-x64-gnu@1.30.2 OK for: lightningcss@1.30.2 want: 1.30.2
2572 silly placeDep ROOT lightningcss-linux-x64-musl@1.30.2 OK for: lightningcss@1.30.2 want: 1.30.2
2573 silly placeDep ROOT lightningcss-win32-arm64-msvc@1.30.2 OK for: lightningcss@1.30.2 want: 1.30.2
2574 silly placeDep ROOT lightningcss-win32-x64-msvc@1.30.2 OK for: lightningcss@1.30.2 want: 1.30.2
2575 silly placeDep ROOT p-locate@5.0.0 OK for: locate-path@6.0.0 want: ^5.0.0
2576 silly fetch manifest p-limit@^3.0.2
2577 silly packumentCache full:https://registry.npmjs.org/p-limit cache-miss
2578 http fetch GET 200 https://registry.npmjs.org/p-limit 84ms (cache miss)
2579 silly packumentCache full:https://registry.npmjs.org/p-limit set size:undefined disposed:false
2580 silly placeDep ROOT yallist@3.1.1 OK for: lru-cache@5.1.1 want: ^3.0.2
2581 silly placeDep ROOT braces@3.0.3 OK for: micromatch@4.0.8 want: ^3.0.3
2582 silly placeDep ROOT picomatch@2.3.1 OK for: micromatch@4.0.8 want: ^2.3.1
2583 silly fetch manifest fill-range@^7.1.1
2584 silly packumentCache full:https://registry.npmjs.org/fill-range cache-miss
2585 http fetch GET 200 https://registry.npmjs.org/fill-range 57ms (cache miss)
2586 silly packumentCache full:https://registry.npmjs.org/fill-range set size:undefined disposed:false
2587 silly placeDep ROOT fill-range@7.1.1 OK for: braces@3.0.3 want: ^7.1.1
2588 silly fetch manifest to-regex-range@^5.0.1
2589 silly packumentCache full:https://registry.npmjs.org/to-regex-range cache-miss
2590 http fetch GET 200 https://registry.npmjs.org/to-regex-range 64ms (cache miss)
2591 silly packumentCache full:https://registry.npmjs.org/to-regex-range set size:undefined disposed:false
2592 silly placeDep ROOT to-regex-range@5.0.1 OK for: fill-range@7.1.1 want: ^5.0.1
2593 silly fetch manifest is-number@^7.0.0
2594 silly packumentCache full:https://registry.npmjs.org/is-number cache-miss
2595 http fetch GET 200 https://registry.npmjs.org/is-number 52ms (cache miss)
2596 silly packumentCache full:https://registry.npmjs.org/is-number set size:undefined disposed:false
2597 silly placeDep ROOT brace-expansion@1.1.12 OK for: minimatch@3.1.2 want: ^1.1.7
2598 silly fetch manifest balanced-match@^1.0.0
2599 silly packumentCache full:https://registry.npmjs.org/balanced-match cache-miss
2600 silly fetch manifest concat-map@0.0.1
2601 silly packumentCache full:https://registry.npmjs.org/concat-map cache-miss
2602 http fetch GET 200 https://registry.npmjs.org/balanced-match 46ms (cache miss)
2603 silly packumentCache full:https://registry.npmjs.org/balanced-match set size:undefined disposed:false
2604 http fetch GET 200 https://registry.npmjs.org/concat-map 56ms (cache miss)
2605 silly packumentCache full:https://registry.npmjs.org/concat-map set size:undefined disposed:false
2606 silly placeDep ROOT balanced-match@1.0.2 OK for: brace-expansion@1.1.12 want: ^1.0.0
2607 silly placeDep ROOT concat-map@0.0.1 OK for: brace-expansion@1.1.12 want: 0.0.1
2608 silly fetch manifest react@^18.2.0 || 19.0.0-rc-de68d2f4-20241204 || ^19.0.0
2609 silly packumentCache full:https://registry.npmjs.org/react cache-miss
2610 http cache https://registry.npmjs.org/react 9ms (cache hit)
2611 silly packumentCache full:https://registry.npmjs.org/react set size:6466562 disposed:false
2612 silly placeDep ROOT @next/env@16.0.10 OK for: next@16.0.10 want: 16.0.10
2613 silly placeDep ROOT @next/swc-darwin-arm64@16.0.10 OK for: next@16.0.10 want: 16.0.10
2614 silly placeDep ROOT @next/swc-darwin-x64@16.0.10 OK for: next@16.0.10 want: 16.0.10
2615 silly placeDep ROOT @next/swc-linux-arm64-gnu@16.0.10 OK for: next@16.0.10 want: 16.0.10
2616 silly placeDep ROOT @next/swc-linux-arm64-musl@16.0.10 OK for: next@16.0.10 want: 16.0.10
2617 silly placeDep ROOT @next/swc-linux-x64-gnu@16.0.10 OK for: next@16.0.10 want: 16.0.10
2618 silly placeDep ROOT @next/swc-linux-x64-musl@16.0.10 OK for: next@16.0.10 want: 16.0.10
2619 silly placeDep ROOT @next/swc-win32-arm64-msvc@16.0.10 OK for: next@16.0.10 want: 16.0.10
2620 silly placeDep ROOT @next/swc-win32-x64-msvc@16.0.10 OK for: next@16.0.10 want: 16.0.10
2621 silly placeDep ROOT @swc/helpers@0.5.15 OK for: next@16.0.10 want: 0.5.15
2622 silly placeDep node_modules/next postcss@8.4.31 OK for: next@16.0.10 want: 8.4.31
2623 silly placeDep ROOT styled-jsx@5.1.6 OK for: next@16.0.10 want: 5.1.6
2624 silly fetch manifest nanoid@^3.3.6
2625 silly packumentCache full:https://registry.npmjs.org/nanoid cache-miss
2626 silly fetch manifest client-only@0.0.1
2627 silly packumentCache full:https://registry.npmjs.org/client-only cache-miss
2628 http cache https://registry.npmjs.org/nanoid 3ms (cache hit)
2629 silly packumentCache full:https://registry.npmjs.org/nanoid set size:298419 disposed:false
2630 http fetch GET 200 https://registry.npmjs.org/client-only 35ms (cache miss)
2631 silly packumentCache full:https://registry.npmjs.org/client-only set size:undefined disposed:false
2632 silly placeDep ROOT deep-is@0.1.4 OK for: optionator@0.9.4 want: ^0.1.3
2633 silly placeDep ROOT fast-levenshtein@2.0.6 OK for: optionator@0.9.4 want: ^2.0.6
2634 silly placeDep ROOT word-wrap@1.2.5 OK for: optionator@0.9.4 want: ^1.2.5
2635 silly placeDep ROOT p-limit@3.1.0 OK for: p-locate@5.0.0 want: ^3.0.2
2636 silly fetch manifest yocto-queue@^0.1.0
2637 silly packumentCache full:https://registry.npmjs.org/yocto-queue cache-miss
2638 http fetch GET 200 https://registry.npmjs.org/yocto-queue 52ms (cache miss)
2639 silly packumentCache full:https://registry.npmjs.org/yocto-queue set size:undefined disposed:false
2640 silly placeDep ROOT yocto-queue@0.1.0 OK for: p-limit@3.1.0 want: ^0.1.0
2641 silly placeDep ROOT callsites@3.1.0 OK for: parent-module@1.0.1 want: ^3.0.0
2642 silly fetch manifest pg@>=8.0
2643 silly packumentCache full:https://registry.npmjs.org/pg cache-miss
2644 http cache https://registry.npmjs.org/pg 2ms (cache hit)
2645 silly packumentCache full:https://registry.npmjs.org/pg set size:470757 disposed:false
2646 silly placeDep ROOT pg-cloudflare@1.3.0 OK for: pg@8.18.0 want: ^1.3.0
2647 silly placeDep ROOT pg-connection-string@2.11.0 OK for: pg@8.18.0 want: ^2.11.0
2648 silly placeDep ROOT pg-pool@3.11.0 OK for: pg@8.18.0 want: ^3.11.0
2649 silly placeDep ROOT pgpass@1.0.5 OK for: pg@8.18.0 want: 1.0.5
2650 silly fetch manifest split2@^4.1.0
2651 silly packumentCache full:https://registry.npmjs.org/split2 cache-miss
2652 http fetch GET 200 https://registry.npmjs.org/split2 63ms (cache miss)
2653 silly packumentCache full:https://registry.npmjs.org/split2 set size:undefined disposed:false
2654 silly placeDep ROOT pg-int8@1.0.1 OK for: pg-types@2.2.0 want: 1.0.1
2655 silly placeDep ROOT postgres-array@2.0.0 OK for: pg-types@2.2.0 want: ~2.0.0
2656 silly placeDep ROOT postgres-bytea@1.0.1 OK for: pg-types@2.2.0 want: ~1.0.0
2657 silly placeDep ROOT postgres-date@1.0.7 OK for: pg-types@2.2.0 want: ~1.0.4
2658 silly placeDep ROOT postgres-interval@1.2.0 OK for: pg-types@2.2.0 want: ^1.1.0
2659 silly fetch manifest xtend@^4.0.0
2660 silly packumentCache full:https://registry.npmjs.org/xtend cache-miss
2661 http fetch GET 200 https://registry.npmjs.org/xtend 78ms (cache miss)
2662 silly packumentCache full:https://registry.npmjs.org/xtend set size:undefined disposed:false
2663 silly placeDep ROOT split2@4.2.0 OK for: pgpass@1.0.5 want: ^4.1.0
2664 silly placeDep ROOT fsevents@2.3.2 OK for: playwright@1.58.2 want: 2.3.2
2665 silly placeDep ROOT playwright-core@1.58.2 OK for: playwright@1.58.2 want: 1.58.2
2666 silly placeDep ROOT @types/liftoff@4.0.3 OK for: plop@4.0.5 want: ^4.0.3
2667 silly placeDep ROOT interpret@3.1.1 OK for: plop@4.0.5 want: ^3.1.1
2668 silly placeDep ROOT liftoff@5.0.1 OK for: plop@4.0.5 want: ^5.0.1
2669 silly placeDep ROOT nanospinner@1.2.2 OK for: plop@4.0.5 want: ^1.2.2
2670 silly placeDep ROOT node-plop@0.32.3 OK for: plop@4.0.5 want: ^0.32.3
2671 silly placeDep ROOT v8flags@4.0.1 OK for: plop@4.0.5 want: ^4.0.1
2672 silly fetch manifest @types/fined@*
2673 silly packumentCache full:https://registry.npmjs.org/@types%2ffined cache-miss
2674 silly fetch manifest extend@^3.0.2
2675 silly packumentCache full:https://registry.npmjs.org/extend cache-miss
2676 silly fetch manifest findup-sync@^5.0.0
2677 silly packumentCache full:https://registry.npmjs.org/findup-sync cache-miss
2678 silly fetch manifest fined@^2.0.0
2679 silly packumentCache full:https://registry.npmjs.org/fined cache-miss
2680 silly fetch manifest flagged-respawn@^2.0.0
2681 silly packumentCache full:https://registry.npmjs.org/flagged-respawn cache-miss
2682 silly fetch manifest is-plain-object@^5.0.0
2683 silly packumentCache full:https://registry.npmjs.org/is-plain-object cache-miss
2684 silly fetch manifest rechoir@^0.8.0
2685 silly packumentCache full:https://registry.npmjs.org/rechoir cache-miss
2686 silly fetch manifest @types/inquirer@^9.0.9
2687 silly packumentCache full:https://registry.npmjs.org/@types%2finquirer cache-miss
2688 silly fetch manifest @types/picomatch@^4.0.2
2689 silly packumentCache full:https://registry.npmjs.org/@types%2fpicomatch cache-miss
2690 http fetch GET 200 https://registry.npmjs.org/flagged-respawn 53ms (cache miss)
2691 silly packumentCache full:https://registry.npmjs.org/flagged-respawn set size:undefined disposed:false
2692 silly fetch manifest change-case@^5.4.4
2693 silly packumentCache full:https://registry.npmjs.org/change-case cache-miss
2694 http fetch GET 200 https://registry.npmjs.org/is-plain-object 54ms (cache miss)
2695 silly packumentCache full:https://registry.npmjs.org/is-plain-object set size:undefined disposed:false
2696 silly fetch manifest dlv@^1.1.3
2697 silly packumentCache full:https://registry.npmjs.org/dlv cache-miss
2698 http fetch GET 200 https://registry.npmjs.org/findup-sync 56ms (cache miss)
2699 silly packumentCache full:https://registry.npmjs.org/findup-sync set size:undefined disposed:false
2700 silly fetch manifest handlebars@^4.7.8
2701 silly packumentCache full:https://registry.npmjs.org/handlebars cache-miss
2702 http fetch GET 200 https://registry.npmjs.org/rechoir 62ms (cache miss)
2703 silly packumentCache full:https://registry.npmjs.org/rechoir set size:undefined disposed:false
2704 silly fetch manifest inquirer@^9.3.8
2705 silly packumentCache full:https://registry.npmjs.org/inquirer cache-miss
2706 http fetch GET 200 https://registry.npmjs.org/@types%2ffined 77ms (cache miss)
2707 silly packumentCache full:https://registry.npmjs.org/@types%2ffined set size:undefined disposed:false
2708 silly fetch manifest isbinaryfile@^5.0.6
2709 silly packumentCache full:https://registry.npmjs.org/isbinaryfile cache-miss
2710 http fetch GET 200 https://registry.npmjs.org/@types%2finquirer 77ms (cache miss)
2711 silly packumentCache full:https://registry.npmjs.org/@types%2finquirer set size:undefined disposed:false
2712 silly fetch manifest title-case@^4.3.2
2713 silly packumentCache full:https://registry.npmjs.org/title-case cache-miss
2714 http fetch GET 200 https://registry.npmjs.org/@types%2fpicomatch 80ms (cache miss)
2715 silly packumentCache full:https://registry.npmjs.org/@types%2fpicomatch set size:undefined disposed:false
2716 http fetch GET 200 https://registry.npmjs.org/fined 80ms (cache miss)
2717 silly packumentCache full:https://registry.npmjs.org/fined set size:undefined disposed:false
2718 http fetch GET 200 https://registry.npmjs.org/change-case 31ms (cache miss)
2719 silly packumentCache full:https://registry.npmjs.org/change-case set size:undefined disposed:false
2720 http fetch GET 200 https://registry.npmjs.org/dlv 40ms (cache miss)
2721 silly packumentCache full:https://registry.npmjs.org/dlv set size:undefined disposed:false
2722 http fetch GET 200 https://registry.npmjs.org/inquirer 55ms (cache miss)
2723 silly packumentCache full:https://registry.npmjs.org/inquirer set size:undefined disposed:false
2724 http fetch GET 200 https://registry.npmjs.org/handlebars 64ms (cache miss)
2725 silly packumentCache full:https://registry.npmjs.org/handlebars set size:undefined disposed:false
2726 http fetch GET 200 https://registry.npmjs.org/title-case 63ms (cache miss)
2727 silly packumentCache full:https://registry.npmjs.org/title-case set size:undefined disposed:false
2728 http fetch GET 200 https://registry.npmjs.org/isbinaryfile 71ms (cache miss)
2729 silly packumentCache full:https://registry.npmjs.org/isbinaryfile set size:undefined disposed:false
2730 http fetch GET 200 https://registry.npmjs.org/extend 194ms (cache miss)
2731 silly packumentCache full:https://registry.npmjs.org/extend set size:undefined disposed:false
2732 silly placeDep ROOT @types/fined@1.1.5 OK for: @types/liftoff@4.0.3 want: *
2733 silly placeDep ROOT extend@3.0.2 OK for: liftoff@5.0.1 want: ^3.0.2
2734 silly placeDep ROOT findup-sync@5.0.0 OK for: liftoff@5.0.1 want: ^5.0.0
2735 silly placeDep ROOT fined@2.0.0 OK for: liftoff@5.0.1 want: ^2.0.0
2736 silly placeDep ROOT flagged-respawn@2.0.0 OK for: liftoff@5.0.1 want: ^2.0.0
2737 silly placeDep ROOT is-plain-object@5.0.0 OK for: liftoff@5.0.1 want: ^5.0.0
2738 silly placeDep ROOT rechoir@0.8.0 OK for: liftoff@5.0.1 want: ^0.8.0
2739 silly fetch manifest detect-file@^1.0.0
2740 silly packumentCache full:https://registry.npmjs.org/detect-file cache-miss
2741 silly fetch manifest resolve-dir@^1.0.1
2742 silly packumentCache full:https://registry.npmjs.org/resolve-dir cache-miss
2743 silly fetch manifest expand-tilde@^2.0.2
2744 silly packumentCache full:https://registry.npmjs.org/expand-tilde cache-miss
2745 silly fetch manifest object.defaults@^1.1.0
2746 silly packumentCache full:https://registry.npmjs.org/object.defaults cache-miss
2747 silly fetch manifest object.pick@^1.3.0
2748 silly packumentCache full:https://registry.npmjs.org/object.pick cache-miss
2749 silly fetch manifest parse-filepath@^1.0.2
2750 silly packumentCache full:https://registry.npmjs.org/parse-filepath cache-miss
2751 http fetch GET 200 https://registry.npmjs.org/object.defaults 40ms (cache miss)
2752 silly packumentCache full:https://registry.npmjs.org/object.defaults set size:undefined disposed:false
2753 http fetch GET 200 https://registry.npmjs.org/object.pick 50ms (cache miss)
2754 silly packumentCache full:https://registry.npmjs.org/object.pick set size:undefined disposed:false
2755 http fetch GET 200 https://registry.npmjs.org/parse-filepath 54ms (cache miss)
2756 silly packumentCache full:https://registry.npmjs.org/parse-filepath set size:undefined disposed:false
2757 http fetch GET 200 https://registry.npmjs.org/expand-tilde 64ms (cache miss)
2758 silly packumentCache full:https://registry.npmjs.org/expand-tilde set size:undefined disposed:false
2759 http fetch GET 200 https://registry.npmjs.org/resolve-dir 74ms (cache miss)
2760 silly packumentCache full:https://registry.npmjs.org/resolve-dir set size:undefined disposed:false
2761 http fetch GET 200 https://registry.npmjs.org/detect-file 157ms (cache miss)
2762 silly packumentCache full:https://registry.npmjs.org/detect-file set size:undefined disposed:false
2763 silly placeDep ROOT detect-file@1.0.0 OK for: findup-sync@5.0.0 want: ^1.0.0
2764 silly placeDep ROOT resolve-dir@1.0.1 OK for: findup-sync@5.0.0 want: ^1.0.1
2765 silly fetch manifest expand-tilde@^2.0.0
2766 silly packumentCache full:https://registry.npmjs.org/expand-tilde cache-miss
2767 silly fetch manifest global-modules@^1.0.0
2768 silly packumentCache full:https://registry.npmjs.org/global-modules cache-miss
2769 http cache https://registry.npmjs.org/expand-tilde 3ms (cache hit)
2770 silly packumentCache full:https://registry.npmjs.org/expand-tilde set size:21222 disposed:false
2771 http fetch GET 200 https://registry.npmjs.org/global-modules 74ms (cache miss)
2772 silly packumentCache full:https://registry.npmjs.org/global-modules set size:undefined disposed:false
2773 silly placeDep ROOT expand-tilde@2.0.2 OK for: fined@2.0.0 want: ^2.0.2
2774 silly placeDep ROOT object.defaults@1.1.0 OK for: fined@2.0.0 want: ^1.1.0
2775 silly placeDep ROOT object.pick@1.3.0 OK for: fined@2.0.0 want: ^1.3.0
2776 silly placeDep ROOT parse-filepath@1.0.2 OK for: fined@2.0.0 want: ^1.0.2
2777 silly fetch manifest homedir-polyfill@^1.0.1
2778 silly packumentCache full:https://registry.npmjs.org/homedir-polyfill cache-miss
2779 silly fetch manifest array-each@^1.0.1
2780 silly packumentCache full:https://registry.npmjs.org/array-each cache-miss
2781 silly fetch manifest array-slice@^1.0.0
2782 silly packumentCache full:https://registry.npmjs.org/array-slice cache-miss
2783 silly fetch manifest for-own@^1.0.0
2784 silly packumentCache full:https://registry.npmjs.org/for-own cache-miss
2785 silly fetch manifest isobject@^3.0.0
2786 silly packumentCache full:https://registry.npmjs.org/isobject cache-miss
2787 silly fetch manifest isobject@^3.0.1
2788 silly packumentCache full:https://registry.npmjs.org/isobject cache-miss
2789 silly fetch manifest is-absolute@^1.0.0
2790 silly packumentCache full:https://registry.npmjs.org/is-absolute cache-miss
2791 silly fetch manifest map-cache@^0.2.0
2792 silly packumentCache full:https://registry.npmjs.org/map-cache cache-miss
2793 silly fetch manifest path-root@^0.1.1
2794 silly packumentCache full:https://registry.npmjs.org/path-root cache-miss
2795 http fetch GET 200 https://registry.npmjs.org/homedir-polyfill 55ms (cache miss)
2796 silly packumentCache full:https://registry.npmjs.org/homedir-polyfill set size:undefined disposed:false
2797 http fetch GET 200 https://registry.npmjs.org/isobject 58ms (cache miss)
2798 silly packumentCache full:https://registry.npmjs.org/isobject set size:undefined disposed:false
2799 http fetch GET 200 https://registry.npmjs.org/path-root 73ms (cache miss)
2800 silly packumentCache full:https://registry.npmjs.org/path-root set size:undefined disposed:false
2801 http fetch GET 200 https://registry.npmjs.org/array-slice 74ms (cache miss)
2802 silly packumentCache full:https://registry.npmjs.org/array-slice set size:undefined disposed:false
2803 http fetch GET 200 https://registry.npmjs.org/array-each 75ms (cache miss)
2804 silly packumentCache full:https://registry.npmjs.org/array-each set size:undefined disposed:false
2805 http fetch GET 200 https://registry.npmjs.org/for-own 75ms (cache miss)
2806 silly packumentCache full:https://registry.npmjs.org/for-own set size:undefined disposed:false
2807 http fetch GET 200 https://registry.npmjs.org/is-absolute 74ms (cache miss)
2808 silly packumentCache full:https://registry.npmjs.org/is-absolute set size:undefined disposed:false
2809 http fetch GET 200 https://registry.npmjs.org/isobject 80ms (cache miss)
2810 silly packumentCache full:https://registry.npmjs.org/isobject set size:undefined disposed:false
2811 http fetch GET 200 https://registry.npmjs.org/map-cache 102ms (cache miss)
2812 silly packumentCache full:https://registry.npmjs.org/map-cache set size:undefined disposed:false
2813 silly placeDep ROOT homedir-polyfill@1.0.3 OK for: expand-tilde@2.0.2 want: ^1.0.1
2814 silly fetch manifest parse-passwd@^1.0.0
2815 silly packumentCache full:https://registry.npmjs.org/parse-passwd cache-miss
2816 http fetch GET 200 https://registry.npmjs.org/parse-passwd 60ms (cache miss)
2817 silly packumentCache full:https://registry.npmjs.org/parse-passwd set size:undefined disposed:false
2818 silly placeDep ROOT parse-passwd@1.0.0 OK for: homedir-polyfill@1.0.3 want: ^1.0.0
2819 silly placeDep ROOT @types/inquirer@9.0.9 OK for: node-plop@0.32.3 want: ^9.0.9
2820 silly placeDep ROOT @types/picomatch@4.0.2 OK for: node-plop@0.32.3 want: ^4.0.2
2821 silly placeDep ROOT change-case@5.4.4 OK for: node-plop@0.32.3 want: ^5.4.4
2822 silly placeDep ROOT dlv@1.1.3 OK for: node-plop@0.32.3 want: ^1.1.3
2823 silly placeDep ROOT handlebars@4.7.8 OK for: node-plop@0.32.3 want: ^4.7.8
2824 silly placeDep ROOT inquirer@9.3.8 OK for: node-plop@0.32.3 want: ^9.3.8
2825 silly placeDep ROOT isbinaryfile@5.0.7 OK for: node-plop@0.32.3 want: ^5.0.6
2826 silly placeDep ROOT title-case@4.3.2 OK for: node-plop@0.32.3 want: ^4.3.2
2827 silly fetch manifest rxjs@^7.2.0
2828 silly packumentCache full:https://registry.npmjs.org/rxjs cache-miss
2829 silly fetch manifest @types/through@*
2830 silly packumentCache full:https://registry.npmjs.org/@types%2fthrough cache-miss
2831 silly fetch manifest minimist@^1.2.5
2832 silly packumentCache full:https://registry.npmjs.org/minimist cache-miss
2833 silly fetch manifest neo-async@^2.6.2
2834 silly packumentCache full:https://registry.npmjs.org/neo-async cache-miss
2835 silly fetch manifest source-map@^0.6.1
2836 silly packumentCache full:https://registry.npmjs.org/source-map cache-miss
2837 silly fetch manifest wordwrap@^1.0.0
2838 silly packumentCache full:https://registry.npmjs.org/wordwrap cache-miss
2839 silly fetch manifest uglify-js@^3.1.4
2840 silly packumentCache full:https://registry.npmjs.org/uglify-js cache-miss
2841 silly fetch manifest ora@^5.4.1
2842 silly packumentCache full:https://registry.npmjs.org/ora cache-miss
2843 silly fetch manifest rxjs@^7.8.1
2844 silly packumentCache full:https://registry.npmjs.org/rxjs cache-miss
2845 http cache https://registry.npmjs.org/minimist 2ms (cache hit)
2846 silly packumentCache full:https://registry.npmjs.org/minimist set size:77082 disposed:false
2847 silly fetch manifest cli-width@^4.1.0
2848 silly packumentCache full:https://registry.npmjs.org/cli-width cache-miss
2849 http fetch GET 200 https://registry.npmjs.org/rxjs 38ms (cache miss)
2850 silly packumentCache full:https://registry.npmjs.org/rxjs set size:undefined disposed:false
2851 silly fetch manifest run-async@^3.0.0
2852 silly packumentCache full:https://registry.npmjs.org/run-async cache-miss
2853 http fetch GET 200 https://registry.npmjs.org/wordwrap 41ms (cache miss)
2854 silly packumentCache full:https://registry.npmjs.org/wordwrap set size:undefined disposed:false
2855 silly fetch manifest wrap-ansi@^6.2.0
2856 silly packumentCache full:https://registry.npmjs.org/wrap-ansi cache-miss
2857 http fetch GET 200 https://registry.npmjs.org/source-map 49ms (cache miss)
2858 silly packumentCache full:https://registry.npmjs.org/source-map set size:undefined disposed:false
2859 silly fetch manifest strip-ansi@^6.0.1
2860 silly packumentCache full:https://registry.npmjs.org/strip-ansi cache-miss
2861 http fetch GET 200 https://registry.npmjs.org/ora 55ms (cache miss)
2862 silly packumentCache full:https://registry.npmjs.org/ora set size:undefined disposed:false
2863 silly fetch manifest mute-stream@1.0.0
2864 silly packumentCache full:https://registry.npmjs.org/mute-stream cache-miss
2865 http fetch GET 200 https://registry.npmjs.org/rxjs 61ms (cache miss)
2866 silly packumentCache full:https://registry.npmjs.org/rxjs set size:undefined disposed:false
2867 silly fetch manifest ansi-escapes@^4.3.2
2868 silly packumentCache full:https://registry.npmjs.org/ansi-escapes cache-miss
2869 http fetch GET 200 https://registry.npmjs.org/@types%2fthrough 64ms (cache miss)
2870 silly packumentCache full:https://registry.npmjs.org/@types%2fthrough set size:undefined disposed:false
2871 silly fetch manifest string-width@^4.2.3
2872 silly packumentCache full:https://registry.npmjs.org/string-width cache-miss
2873 http fetch GET 200 https://registry.npmjs.org/cli-width 67ms (cache miss)
2874 silly packumentCache full:https://registry.npmjs.org/cli-width set size:undefined disposed:false
2875 silly fetch manifest yoctocolors-cjs@^2.1.2
2876 silly packumentCache full:https://registry.npmjs.org/yoctocolors-cjs cache-miss
2877 http fetch GET 200 https://registry.npmjs.org/run-async 37ms (cache miss)
2878 silly packumentCache full:https://registry.npmjs.org/run-async set size:undefined disposed:false
2879 silly fetch manifest @inquirer/figures@^1.0.3
2880 silly packumentCache full:https://registry.npmjs.org/@inquirer%2ffigures cache-miss
2881 http fetch GET 200 https://registry.npmjs.org/neo-async 77ms (cache miss)
2882 silly packumentCache full:https://registry.npmjs.org/neo-async set size:undefined disposed:false
2883 silly fetch manifest @inquirer/external-editor@^1.0.2
2884 silly packumentCache full:https://registry.npmjs.org/@inquirer%2fexternal-editor cache-miss
2885 http fetch GET 200 https://registry.npmjs.org/strip-ansi 53ms (cache miss)
2886 silly packumentCache full:https://registry.npmjs.org/strip-ansi set size:undefined disposed:false
2887 http fetch GET 200 https://registry.npmjs.org/uglify-js 104ms (cache miss)
2888 silly packumentCache full:https://registry.npmjs.org/uglify-js set size:undefined disposed:false
2889 http fetch GET 200 https://registry.npmjs.org/string-width 56ms (cache miss)
2890 silly packumentCache full:https://registry.npmjs.org/string-width set size:undefined disposed:false
2891 http fetch GET 200 https://registry.npmjs.org/mute-stream 66ms (cache miss)
2892 silly packumentCache full:https://registry.npmjs.org/mute-stream set size:undefined disposed:false
2893 http fetch GET 200 https://registry.npmjs.org/yoctocolors-cjs 52ms (cache miss)
2894 silly packumentCache full:https://registry.npmjs.org/yoctocolors-cjs set size:undefined disposed:false
2895 http fetch GET 200 https://registry.npmjs.org/ansi-escapes 63ms (cache miss)
2896 silly packumentCache full:https://registry.npmjs.org/ansi-escapes set size:undefined disposed:false
2897 http fetch GET 200 https://registry.npmjs.org/@inquirer%2fexternal-editor 64ms (cache miss)
2898 silly packumentCache full:https://registry.npmjs.org/@inquirer%2fexternal-editor set size:undefined disposed:false
2899 http fetch GET 200 https://registry.npmjs.org/wrap-ansi 102ms (cache miss)
2900 silly packumentCache full:https://registry.npmjs.org/wrap-ansi set size:undefined disposed:false
2901 http fetch GET 200 https://registry.npmjs.org/@inquirer%2ffigures 83ms (cache miss)
2902 silly packumentCache full:https://registry.npmjs.org/@inquirer%2ffigures set size:undefined disposed:false
2903 silly placeDep ROOT @types/through@0.0.33 OK for: @types/inquirer@9.0.9 want: *
2904 silly placeDep ROOT rxjs@7.8.2 OK for: @types/inquirer@9.0.9 want: ^7.2.0
2905 silly placeDep ROOT minimist@1.2.8 OK for: handlebars@4.7.8 want: ^1.2.5
2906 silly placeDep ROOT neo-async@2.6.2 OK for: handlebars@4.7.8 want: ^2.6.2
2907 silly placeDep ROOT source-map@0.6.1 OK for: handlebars@4.7.8 want: ^0.6.1
2908 silly placeDep ROOT uglify-js@3.19.3 OK for: handlebars@4.7.8 want: ^3.1.4
2909 silly placeDep ROOT wordwrap@1.0.0 OK for: handlebars@4.7.8 want: ^1.0.0
2910 silly fetch manifest @types/node@>=18
2911 silly packumentCache full:https://registry.npmjs.org/@types%2fnode cache-miss
2912 http cache https://registry.npmjs.org/@types%2fnode 14ms (cache hit)
2913 silly packumentCache full:https://registry.npmjs.org/@types%2fnode set size:10833619 disposed:false
2914 silly placeDep ROOT @inquirer/external-editor@1.0.3 OK for: inquirer@9.3.8 want: ^1.0.2
2915 silly placeDep ROOT @inquirer/figures@1.0.15 OK for: inquirer@9.3.8 want: ^1.0.3
2916 silly placeDep ROOT ansi-escapes@4.3.2 OK for: inquirer@9.3.8 want: ^4.3.2
2917 silly placeDep ROOT cli-width@4.1.0 OK for: inquirer@9.3.8 want: ^4.1.0
2918 silly placeDep ROOT mute-stream@1.0.0 OK for: inquirer@9.3.8 want: 1.0.0
2919 silly placeDep ROOT ora@5.4.1 OK for: inquirer@9.3.8 want: ^5.4.1
2920 silly placeDep ROOT run-async@3.0.0 OK for: inquirer@9.3.8 want: ^3.0.0
2921 silly placeDep ROOT string-width@4.2.3 OK for: inquirer@9.3.8 want: ^4.2.3
2922 silly placeDep ROOT strip-ansi@6.0.1 OK for: inquirer@9.3.8 want: ^6.0.1
2923 silly placeDep ROOT wrap-ansi@6.2.0 OK for: inquirer@9.3.8 want: ^6.2.0
2924 silly placeDep ROOT yoctocolors-cjs@2.1.3 OK for: inquirer@9.3.8 want: ^2.1.2
2925 silly fetch manifest chardet@^2.1.1
2926 silly packumentCache full:https://registry.npmjs.org/chardet cache-miss
2927 silly fetch manifest iconv-lite@^0.7.0
2928 silly packumentCache full:https://registry.npmjs.org/iconv-lite cache-miss
2929 silly fetch manifest type-fest@^0.21.3
2930 silly packumentCache full:https://registry.npmjs.org/type-fest cache-miss
2931 silly fetch manifest bl@^4.1.0
2932 silly packumentCache full:https://registry.npmjs.org/bl cache-miss
2933 silly fetch manifest wcwidth@^1.0.1
2934 silly packumentCache full:https://registry.npmjs.org/wcwidth cache-miss
2935 silly fetch manifest cli-cursor@^3.1.0
2936 silly packumentCache full:https://registry.npmjs.org/cli-cursor cache-miss
2937 silly fetch manifest strip-ansi@^6.0.0
2938 silly packumentCache full:https://registry.npmjs.org/strip-ansi cache-miss
2939 silly fetch manifest log-symbols@^4.1.0
2940 silly packumentCache full:https://registry.npmjs.org/log-symbols cache-miss
2941 silly fetch manifest cli-spinners@^2.5.0
2942 silly packumentCache full:https://registry.npmjs.org/cli-spinners cache-miss
2943 http cache https://registry.npmjs.org/strip-ansi 8ms (cache hit)
2944 silly packumentCache full:https://registry.npmjs.org/strip-ansi set size:41855 disposed:false
2945 silly fetch manifest is-interactive@^1.0.0
2946 silly packumentCache full:https://registry.npmjs.org/is-interactive cache-miss
2947 http fetch GET 200 https://registry.npmjs.org/wcwidth 50ms (cache miss)
2948 silly packumentCache full:https://registry.npmjs.org/wcwidth set size:undefined disposed:false
2949 silly fetch manifest is-unicode-supported@^0.1.0
2950 silly packumentCache full:https://registry.npmjs.org/is-unicode-supported cache-miss
2951 http fetch GET 200 https://registry.npmjs.org/chardet 50ms (cache miss)
2952 silly packumentCache full:https://registry.npmjs.org/chardet set size:undefined disposed:false
2953 silly fetch manifest emoji-regex@^8.0.0
2954 silly packumentCache full:https://registry.npmjs.org/emoji-regex cache-miss
2955 http cache https://registry.npmjs.org/emoji-regex 1ms (cache hit)
2956 silly packumentCache full:https://registry.npmjs.org/emoji-regex set size:89088 disposed:false
2957 silly fetch manifest is-fullwidth-code-point@^3.0.0
2958 silly packumentCache full:https://registry.npmjs.org/is-fullwidth-code-point cache-miss
2959 http fetch GET 200 https://registry.npmjs.org/cli-spinners 54ms (cache miss)
2960 silly packumentCache full:https://registry.npmjs.org/cli-spinners set size:undefined disposed:false
2961 silly fetch manifest ansi-regex@^5.0.1
2962 silly packumentCache full:https://registry.npmjs.org/ansi-regex cache-miss
2963 http fetch GET 200 https://registry.npmjs.org/log-symbols 63ms (cache miss)
2964 silly packumentCache full:https://registry.npmjs.org/log-symbols set size:undefined disposed:false
2965 http fetch GET 200 https://registry.npmjs.org/bl 65ms (cache miss)
2966 silly packumentCache full:https://registry.npmjs.org/bl set size:undefined disposed:false
2967 http fetch GET 200 https://registry.npmjs.org/type-fest 70ms (cache miss)
2968 silly packumentCache full:https://registry.npmjs.org/type-fest set size:undefined disposed:false
2969 http fetch GET 200 https://registry.npmjs.org/iconv-lite 74ms (cache miss)
2970 silly packumentCache full:https://registry.npmjs.org/iconv-lite set size:undefined disposed:false
2971 http fetch GET 200 https://registry.npmjs.org/cli-cursor 90ms (cache miss)
2972 silly packumentCache full:https://registry.npmjs.org/cli-cursor set size:undefined disposed:false
2973 http fetch GET 200 https://registry.npmjs.org/ansi-regex 39ms (cache miss)
2974 silly packumentCache full:https://registry.npmjs.org/ansi-regex set size:undefined disposed:false
2975 http fetch GET 200 https://registry.npmjs.org/is-unicode-supported 44ms (cache miss)
2976 silly packumentCache full:https://registry.npmjs.org/is-unicode-supported set size:undefined disposed:false
2977 http fetch GET 200 https://registry.npmjs.org/is-fullwidth-code-point 48ms (cache miss)
2978 silly packumentCache full:https://registry.npmjs.org/is-fullwidth-code-point set size:undefined disposed:false
2979 http fetch GET 200 https://registry.npmjs.org/is-interactive 100ms (cache miss)
2980 silly packumentCache full:https://registry.npmjs.org/is-interactive set size:undefined disposed:false
2981 silly placeDep ROOT chardet@2.1.1 OK for: @inquirer/external-editor@1.0.3 want: ^2.1.1
2982 silly placeDep ROOT iconv-lite@0.7.2 OK for: @inquirer/external-editor@1.0.3 want: ^0.7.0
2983 silly fetch manifest safer-buffer@>= 2.1.2 < 3.0.0
2984 silly packumentCache full:https://registry.npmjs.org/safer-buffer cache-miss
2985 http fetch GET 200 https://registry.npmjs.org/safer-buffer 53ms (cache miss)
2986 silly packumentCache full:https://registry.npmjs.org/safer-buffer set size:undefined disposed:false
2987 silly placeDep ROOT type-fest@0.21.3 OK for: ansi-escapes@4.3.2 want: ^0.21.3
2988 silly placeDep ROOT safer-buffer@2.1.2 OK for: iconv-lite@0.7.2 want: >= 2.1.2 < 3.0.0
2989 silly placeDep ROOT array-each@1.0.1 OK for: object.defaults@1.1.0 want: ^1.0.1
2990 silly placeDep ROOT array-slice@1.1.0 OK for: object.defaults@1.1.0 want: ^1.0.0
2991 silly placeDep ROOT for-own@1.0.0 OK for: object.defaults@1.1.0 want: ^1.0.0
2992 silly placeDep ROOT isobject@3.0.1 OK for: object.defaults@1.1.0 want: ^3.0.0
2993 silly fetch manifest for-in@^1.0.1
2994 silly packumentCache full:https://registry.npmjs.org/for-in cache-miss
2995 http fetch GET 200 https://registry.npmjs.org/for-in 45ms (cache miss)
2996 silly packumentCache full:https://registry.npmjs.org/for-in set size:undefined disposed:false
2997 silly placeDep ROOT for-in@1.0.2 OK for: for-own@1.0.0 want: ^1.0.1
2998 silly placeDep ROOT bl@4.1.0 OK for: ora@5.4.1 want: ^4.1.0
2999 silly placeDep ROOT cli-cursor@3.1.0 OK for: ora@5.4.1 want: ^3.1.0
3000 silly placeDep ROOT cli-spinners@2.9.2 OK for: ora@5.4.1 want: ^2.5.0
3001 silly placeDep ROOT is-interactive@1.0.0 OK for: ora@5.4.1 want: ^1.0.0
3002 silly placeDep ROOT is-unicode-supported@0.1.0 OK for: ora@5.4.1 want: ^0.1.0
3003 silly placeDep ROOT log-symbols@4.1.0 OK for: ora@5.4.1 want: ^4.1.0
3004 silly placeDep ROOT wcwidth@1.0.1 OK for: ora@5.4.1 want: ^1.0.1
3005 silly fetch manifest buffer@^5.5.0
3006 silly packumentCache full:https://registry.npmjs.org/buffer cache-miss
3007 silly fetch manifest inherits@^2.0.4
3008 silly packumentCache full:https://registry.npmjs.org/inherits cache-miss
3009 silly fetch manifest readable-stream@^3.4.0
3010 silly packumentCache full:https://registry.npmjs.org/readable-stream cache-miss
3011 silly fetch manifest restore-cursor@^3.1.0
3012 silly packumentCache full:https://registry.npmjs.org/restore-cursor cache-miss
3013 silly fetch manifest defaults@^1.0.3
3014 silly packumentCache full:https://registry.npmjs.org/defaults cache-miss
3015 http fetch GET 200 https://registry.npmjs.org/restore-cursor 40ms (cache miss)
3016 silly packumentCache full:https://registry.npmjs.org/restore-cursor set size:undefined disposed:false
3017 http fetch GET 200 https://registry.npmjs.org/defaults 42ms (cache miss)
3018 silly packumentCache full:https://registry.npmjs.org/defaults set size:undefined disposed:false
3019 http fetch GET 200 https://registry.npmjs.org/buffer 50ms (cache miss)
3020 silly packumentCache full:https://registry.npmjs.org/buffer set size:undefined disposed:false
3021 http fetch GET 200 https://registry.npmjs.org/readable-stream 70ms (cache miss)
3022 silly packumentCache full:https://registry.npmjs.org/readable-stream set size:undefined disposed:false
3023 http fetch GET 200 https://registry.npmjs.org/inherits 72ms (cache miss)
3024 silly packumentCache full:https://registry.npmjs.org/inherits set size:undefined disposed:false
3025 silly placeDep ROOT buffer@5.7.1 OK for: bl@4.1.0 want: ^5.5.0
3026 silly placeDep ROOT inherits@2.0.4 OK for: bl@4.1.0 want: ^2.0.4
3027 silly placeDep ROOT readable-stream@3.6.2 OK for: bl@4.1.0 want: ^3.4.0
3028 silly fetch manifest base64-js@^1.3.1
3029 silly packumentCache full:https://registry.npmjs.org/base64-js cache-miss
3030 silly fetch manifest ieee754@^1.1.13
3031 silly packumentCache full:https://registry.npmjs.org/ieee754 cache-miss
3032 silly fetch manifest string_decoder@^1.1.1
3033 silly packumentCache full:https://registry.npmjs.org/string_decoder cache-miss
3034 silly fetch manifest util-deprecate@^1.0.1
3035 silly packumentCache full:https://registry.npmjs.org/util-deprecate cache-miss
3036 http fetch GET 200 https://registry.npmjs.org/string_decoder 50ms (cache miss)
3037 silly packumentCache full:https://registry.npmjs.org/string_decoder set size:undefined disposed:false
3038 http fetch GET 200 https://registry.npmjs.org/ieee754 51ms (cache miss)
3039 silly packumentCache full:https://registry.npmjs.org/ieee754 set size:undefined disposed:false
3040 http fetch GET 200 https://registry.npmjs.org/util-deprecate 53ms (cache miss)
3041 silly packumentCache full:https://registry.npmjs.org/util-deprecate set size:undefined disposed:false
3042 http fetch GET 200 https://registry.npmjs.org/base64-js 54ms (cache miss)
3043 silly packumentCache full:https://registry.npmjs.org/base64-js set size:undefined disposed:false
3044 silly placeDep ROOT base64-js@1.5.1 OK for: buffer@5.7.1 want: ^1.3.1
3045 silly placeDep ROOT ieee754@1.2.1 OK for: buffer@5.7.1 want: ^1.1.13
3046 silly placeDep ROOT restore-cursor@3.1.0 OK for: cli-cursor@3.1.0 want: ^3.1.0
3047 silly fetch manifest onetime@^5.1.0
3048 silly packumentCache full:https://registry.npmjs.org/onetime cache-miss
3049 silly fetch manifest signal-exit@^3.0.2
3050 silly packumentCache full:https://registry.npmjs.org/signal-exit cache-miss
3051 http fetch GET 200 https://registry.npmjs.org/onetime 64ms (cache miss)
3052 silly packumentCache full:https://registry.npmjs.org/onetime set size:undefined disposed:false
3053 http fetch GET 200 https://registry.npmjs.org/signal-exit 82ms (cache miss)
3054 silly packumentCache full:https://registry.npmjs.org/signal-exit set size:undefined disposed:false
3055 silly placeDep ROOT is-absolute@1.0.0 OK for: parse-filepath@1.0.2 want: ^1.0.0
3056 silly placeDep ROOT map-cache@0.2.2 OK for: parse-filepath@1.0.2 want: ^0.2.0
3057 silly placeDep ROOT path-root@0.1.1 OK for: parse-filepath@1.0.2 want: ^0.1.1
3058 silly fetch manifest is-relative@^1.0.0
3059 silly packumentCache full:https://registry.npmjs.org/is-relative cache-miss
3060 silly fetch manifest is-windows@^1.0.1
3061 silly packumentCache full:https://registry.npmjs.org/is-windows cache-miss
3062 silly fetch manifest path-root-regex@^0.1.0
3063 silly packumentCache full:https://registry.npmjs.org/path-root-regex cache-miss
3064 http fetch GET 200 https://registry.npmjs.org/is-relative 53ms (cache miss)
3065 silly packumentCache full:https://registry.npmjs.org/is-relative set size:undefined disposed:false
3066 http fetch GET 200 https://registry.npmjs.org/is-windows 71ms (cache miss)
3067 silly packumentCache full:https://registry.npmjs.org/is-windows set size:undefined disposed:false
3068 http fetch GET 200 https://registry.npmjs.org/path-root-regex 101ms (cache miss)
3069 silly packumentCache full:https://registry.npmjs.org/path-root-regex set size:undefined disposed:false
3070 silly placeDep ROOT is-relative@1.0.0 OK for: is-absolute@1.0.0 want: ^1.0.0
3071 silly placeDep ROOT is-windows@1.0.2 OK for: is-absolute@1.0.0 want: ^1.0.1
3072 silly fetch manifest is-unc-path@^1.0.0
3073 silly packumentCache full:https://registry.npmjs.org/is-unc-path cache-miss
3074 http fetch GET 200 https://registry.npmjs.org/is-unc-path 47ms (cache miss)
3075 silly packumentCache full:https://registry.npmjs.org/is-unc-path set size:undefined disposed:false
3076 silly placeDep ROOT is-unc-path@1.0.0 OK for: is-relative@1.0.0 want: ^1.0.0
3077 silly fetch manifest unc-path-regex@^0.1.2
3078 silly packumentCache full:https://registry.npmjs.org/unc-path-regex cache-miss
3079 http fetch GET 200 https://registry.npmjs.org/unc-path-regex 40ms (cache miss)
3080 silly packumentCache full:https://registry.npmjs.org/unc-path-regex set size:undefined disposed:false
3081 silly placeDep ROOT unc-path-regex@0.1.2 OK for: is-unc-path@1.0.0 want: ^0.1.2
3082 silly placeDep ROOT path-root-regex@0.1.2 OK for: path-root@0.1.1 want: ^0.1.0
3083 silly placeDep ROOT nanoid@3.3.11 OK for: postcss@8.5.6 want: ^3.3.11
3084 silly placeDep ROOT xtend@4.0.2 OK for: postgres-interval@1.2.0 want: ^4.0.0
3085 silly placeDep ROOT loose-envify@1.4.0 OK for: prop-types@15.8.1 want: ^1.4.0
3086 silly placeDep ROOT object-assign@4.1.1 OK for: prop-types@15.8.1 want: ^4.1.1
3087 silly placeDep ROOT react-is@16.13.1 OK for: prop-types@15.8.1 want: ^16.13.1
3088 silly placeDep ROOT scheduler@0.27.0 OK for: react-dom@19.2.1 want: ^0.27.0
3089 silly placeDep ROOT string_decoder@1.3.0 OK for: readable-stream@3.6.2 want: ^1.1.1
3090 silly placeDep ROOT util-deprecate@1.0.2 OK for: readable-stream@3.6.2 want: ^1.0.1
3091 silly fetch manifest safe-buffer@~5.2.0
3092 silly packumentCache full:https://registry.npmjs.org/safe-buffer cache-miss
3093 http fetch GET 200 https://registry.npmjs.org/safe-buffer 72ms (cache miss)
3094 silly packumentCache full:https://registry.npmjs.org/safe-buffer set size:undefined disposed:false
3095 silly placeDep ROOT path-parse@1.0.7 OK for: resolve@1.22.11 want: ^1.0.7
3096 silly placeDep ROOT supports-preserve-symlinks-flag@1.0.0 OK for: resolve@1.22.11 want: ^1.0.0
3097 silly placeDep ROOT global-modules@1.0.0 OK for: resolve-dir@1.0.1 want: ^1.0.0
3098 silly fetch manifest global-prefix@^1.0.1
3099 silly packumentCache full:https://registry.npmjs.org/global-prefix cache-miss
3100 http fetch GET 200 https://registry.npmjs.org/global-prefix 44ms (cache miss)
3101 silly packumentCache full:https://registry.npmjs.org/global-prefix set size:undefined disposed:false
3102 silly placeDep ROOT global-prefix@1.0.2 OK for: global-modules@1.0.0 want: ^1.0.1
3103 silly fetch manifest ini@^1.3.4
3104 silly packumentCache full:https://registry.npmjs.org/ini cache-miss
3105 silly fetch manifest which@^1.2.14
3106 silly packumentCache full:https://registry.npmjs.org/which cache-miss
3107 http cache https://registry.npmjs.org/which 3ms (cache hit)
3108 silly packumentCache full:https://registry.npmjs.org/which set size:65264 disposed:false
3109 http fetch GET 200 https://registry.npmjs.org/ini 57ms (cache miss)
3110 silly packumentCache full:https://registry.npmjs.org/ini set size:undefined disposed:false
3111 silly placeDep ROOT ini@1.3.8 OK for: global-prefix@1.0.2 want: ^1.3.4
3112 silly placeDep node_modules/global-prefix which@1.3.1 OK for: global-prefix@1.0.2 want: ^1.2.14
3113 silly placeDep ROOT onetime@5.1.2 OK for: restore-cursor@3.1.0 want: ^5.1.0
3114 silly placeDep ROOT signal-exit@3.0.7 OK for: restore-cursor@3.1.0 want: ^3.0.2
3115 silly fetch manifest mimic-fn@^2.1.0
3116 silly packumentCache full:https://registry.npmjs.org/mimic-fn cache-miss
3117 http fetch GET 200 https://registry.npmjs.org/mimic-fn 38ms (cache miss)
3118 silly packumentCache full:https://registry.npmjs.org/mimic-fn set size:undefined disposed:false
3119 silly placeDep ROOT mimic-fn@2.1.0 OK for: onetime@5.1.2 want: ^2.1.0
3120 silly placeDep ROOT queue-microtask@1.2.3 OK for: run-parallel@1.2.0 want: ^1.2.2
3121 silly placeDep ROOT isarray@2.0.5 OK for: safe-array-concat@1.1.3 want: ^2.0.5
3122 silly placeDep ROOT @img/colour@1.0.0 OK for: sharp@0.34.5 want: ^1.0.0
3123 silly placeDep ROOT @img/sharp-darwin-arm64@0.34.5 OK for: sharp@0.34.5 want: 0.34.5
3124 silly placeDep ROOT @img/sharp-darwin-x64@0.34.5 OK for: sharp@0.34.5 want: 0.34.5
3125 silly placeDep ROOT @img/sharp-libvips-darwin-arm64@1.2.4 OK for: sharp@0.34.5 want: 1.2.4
3126 silly placeDep ROOT @img/sharp-libvips-darwin-x64@1.2.4 OK for: sharp@0.34.5 want: 1.2.4
3127 silly placeDep ROOT @img/sharp-libvips-linux-arm@1.2.4 OK for: sharp@0.34.5 want: 1.2.4
3128 silly placeDep ROOT @img/sharp-libvips-linux-arm64@1.2.4 OK for: sharp@0.34.5 want: 1.2.4
3129 silly placeDep ROOT @img/sharp-libvips-linux-ppc64@1.2.4 OK for: sharp@0.34.5 want: 1.2.4
3130 silly placeDep ROOT @img/sharp-libvips-linux-riscv64@1.2.4 OK for: sharp@0.34.5 want: 1.2.4
3131 silly placeDep ROOT @img/sharp-libvips-linux-s390x@1.2.4 OK for: sharp@0.34.5 want: 1.2.4
3132 silly placeDep ROOT @img/sharp-libvips-linux-x64@1.2.4 OK for: sharp@0.34.5 want: 1.2.4
3133 silly placeDep ROOT @img/sharp-libvips-linuxmusl-arm64@1.2.4 OK for: sharp@0.34.5 want: 1.2.4
3134 silly placeDep ROOT @img/sharp-libvips-linuxmusl-x64@1.2.4 OK for: sharp@0.34.5 want: 1.2.4
3135 silly placeDep ROOT @img/sharp-linux-arm@0.34.5 OK for: sharp@0.34.5 want: 0.34.5
3136 silly placeDep ROOT @img/sharp-linux-arm64@0.34.5 OK for: sharp@0.34.5 want: 0.34.5
3137 silly placeDep ROOT @img/sharp-linux-ppc64@0.34.5 OK for: sharp@0.34.5 want: 0.34.5
3138 silly placeDep ROOT @img/sharp-linux-riscv64@0.34.5 OK for: sharp@0.34.5 want: 0.34.5
3139 silly placeDep ROOT @img/sharp-linux-s390x@0.34.5 OK for: sharp@0.34.5 want: 0.34.5
3140 silly placeDep ROOT @img/sharp-linux-x64@0.34.5 OK for: sharp@0.34.5 want: 0.34.5
3141 silly placeDep ROOT @img/sharp-linuxmusl-arm64@0.34.5 OK for: sharp@0.34.5 want: 0.34.5
3142 silly placeDep ROOT @img/sharp-linuxmusl-x64@0.34.5 OK for: sharp@0.34.5 want: 0.34.5
3143 silly placeDep ROOT @img/sharp-wasm32@0.34.5 OK for: sharp@0.34.5 want: 0.34.5
3144 silly placeDep ROOT @img/sharp-win32-arm64@0.34.5 OK for: sharp@0.34.5 want: 0.34.5
3145 silly placeDep ROOT @img/sharp-win32-ia32@0.34.5 OK for: sharp@0.34.5 want: 0.34.5
3146 silly placeDep ROOT @img/sharp-win32-x64@0.34.5 OK for: sharp@0.34.5 want: 0.34.5
3147 silly placeDep node_modules/sharp semver@7.7.4 OK for: sharp@0.34.5 want: ^7.7.3
3148 silly fetch manifest @emnapi/runtime@^1.7.0
3149 silly packumentCache full:https://registry.npmjs.org/@emnapi%2fruntime cache-miss
3150 http fetch GET 200 https://registry.npmjs.org/@emnapi%2fruntime 85ms (cache miss)
3151 silly packumentCache full:https://registry.npmjs.org/@emnapi%2fruntime set size:undefined disposed:false
3152 silly placeDep ROOT @emnapi/runtime@1.8.1 OK for: @img/sharp-wasm32@0.34.5 want: ^1.7.0
3153 silly placeDep ROOT shebang-regex@3.0.0 OK for: shebang-command@2.0.0 want: ^3.0.0
3154 silly placeDep ROOT side-channel-list@1.0.0 OK for: side-channel@1.1.0 want: ^1.0.0
3155 silly placeDep ROOT side-channel-map@1.0.1 OK for: side-channel@1.1.0 want: ^1.0.1
3156 silly placeDep ROOT side-channel-weakmap@1.0.2 OK for: side-channel@1.1.0 want: ^1.0.2
3157 silly placeDep ROOT safe-buffer@5.2.1 OK for: string_decoder@1.3.0 want: ~5.2.0
3158 silly placeDep node_modules/string-width emoji-regex@8.0.0 OK for: string-width@4.2.3 want: ^8.0.0
3159 silly placeDep ROOT is-fullwidth-code-point@3.0.0 OK for: string-width@4.2.3 want: ^3.0.0
3160 silly placeDep ROOT ansi-regex@5.0.1 OK for: strip-ansi@6.0.1 want: ^5.0.1
3161 silly placeDep ROOT client-only@0.0.1 OK for: styled-jsx@5.1.6 want: 0.0.1
3162 silly placeDep ROOT has-flag@4.0.0 OK for: supports-color@7.2.0 want: ^4.0.0
3163 silly placeDep node_modules/tinyglobby fdir@6.5.0 OK for: tinyglobby@0.2.15 want: ^6.5.0
3164 silly placeDep node_modules/tinyglobby picomatch@4.0.3 OK for: fdir@6.5.0 want: ^3 || ^4
3165 silly placeDep ROOT is-number@7.0.0 OK for: to-regex-range@5.0.1 want: ^7.0.0
3166 silly placeDep ROOT @types/json5@0.0.29 OK for: tsconfig-paths@3.15.0 want: ^0.0.29
3167 silly placeDep node_modules/tsconfig-paths json5@1.0.2 OK for: tsconfig-paths@3.15.0 want: ^1.0.2
3168 silly placeDep ROOT strip-bom@3.0.0 OK for: tsconfig-paths@3.15.0 want: ^3.0.0
3169 silly placeDep ROOT for-each@0.3.5 OK for: typed-array-byte-length@1.0.3 want: ^0.3.3
3170 silly placeDep ROOT reflect.getprototypeof@1.0.10 OK for: typed-array-byte-offset@1.0.4 want: ^1.0.9
3171 silly fetch manifest which-builtin-type@^1.2.1
3172 silly packumentCache full:https://registry.npmjs.org/which-builtin-type cache-miss
3173 http fetch GET 200 https://registry.npmjs.org/which-builtin-type 62ms (cache miss)
3174 silly packumentCache full:https://registry.npmjs.org/which-builtin-type set size:undefined disposed:false
3175 silly placeDep ROOT which-builtin-type@1.2.1 OK for: reflect.getprototypeof@1.0.10 want: ^1.2.1
3176 silly fetch manifest is-async-function@^2.0.0
3177 silly packumentCache full:https://registry.npmjs.org/is-async-function cache-miss
3178 silly fetch manifest is-finalizationregistry@^1.1.0
3179 silly packumentCache full:https://registry.npmjs.org/is-finalizationregistry cache-miss
3180 silly fetch manifest is-generator-function@^1.0.10
3181 silly packumentCache full:https://registry.npmjs.org/is-generator-function cache-miss
3182 silly fetch manifest which-boxed-primitive@^1.1.0
3183 silly packumentCache full:https://registry.npmjs.org/which-boxed-primitive cache-miss
3184 silly fetch manifest which-collection@^1.0.2
3185 silly packumentCache full:https://registry.npmjs.org/which-collection cache-miss
3186 http cache https://registry.npmjs.org/which-boxed-primitive 3ms (cache hit)
3187 silly packumentCache full:https://registry.npmjs.org/which-boxed-primitive set size:19407 disposed:false
3188 http fetch GET 200 https://registry.npmjs.org/which-collection 63ms (cache miss)
3189 silly packumentCache full:https://registry.npmjs.org/which-collection set size:undefined disposed:false
3190 http fetch GET 200 https://registry.npmjs.org/is-finalizationregistry 64ms (cache miss)
3191 silly packumentCache full:https://registry.npmjs.org/is-finalizationregistry set size:undefined disposed:false
3192 http fetch GET 200 https://registry.npmjs.org/is-generator-function 65ms (cache miss)
3193 silly packumentCache full:https://registry.npmjs.org/is-generator-function set size:undefined disposed:false
3194 http fetch GET 200 https://registry.npmjs.org/is-async-function 90ms (cache miss)
3195 silly packumentCache full:https://registry.npmjs.org/is-async-function set size:undefined disposed:false
3196 silly fetch manifest eslint@^8.57.0 || ^9.0.0
3197 silly packumentCache full:https://registry.npmjs.org/eslint cache-miss
3198 http cache https://registry.npmjs.org/eslint 4ms (cache hit)
3199 silly packumentCache full:https://registry.npmjs.org/eslint set size:1900626 disposed:false
3200 silly fetch manifest typescript@>=4.8.4 <6.0.0
3201 silly packumentCache full:https://registry.npmjs.org/typescript cache-miss
3202 http cache https://registry.npmjs.org/typescript 39ms (cache hit)
3203 silly packumentCache full:https://registry.npmjs.org/typescript set size:15212314 disposed:false
3204 silly placeDep ROOT @typescript-eslint/eslint-plugin@8.54.0 OK for: typescript-eslint@8.54.0 want: 8.54.0
3205 silly placeDep ROOT @typescript-eslint/parser@8.54.0 OK for: @typescript-eslint/eslint-plugin@8.54.0 want: ^8.54.0
3206 silly placeDep ROOT @typescript-eslint/typescript-estree@8.54.0 OK for: typescript-eslint@8.54.0 want: 8.54.0
3207 silly placeDep ROOT @typescript-eslint/utils@8.54.0 OK for: typescript-eslint@8.54.0 want: 8.54.0
3208 silly fetch manifest ignore@^7.0.5
3209 silly packumentCache full:https://registry.npmjs.org/ignore cache-miss
3210 silly fetch manifest ts-api-utils@^2.4.0
3211 silly packumentCache full:https://registry.npmjs.org/ts-api-utils cache-miss
3212 silly fetch manifest @typescript-eslint/type-utils@8.54.0
3213 silly packumentCache full:https://registry.npmjs.org/@typescript-eslint%2ftype-utils cache-miss
3214 silly fetch manifest @typescript-eslint/visitor-keys@8.54.0
3215 silly packumentCache full:https://registry.npmjs.org/@typescript-eslint%2fvisitor-keys cache-miss
3216 silly fetch manifest @typescript-eslint/scope-manager@8.54.0
3217 silly packumentCache full:https://registry.npmjs.org/@typescript-eslint%2fscope-manager cache-miss
3218 silly fetch manifest @typescript-eslint/types@8.54.0
3219 silly packumentCache full:https://registry.npmjs.org/@typescript-eslint%2ftypes cache-miss
3220 silly fetch manifest @typescript-eslint/visitor-keys@8.54.0
3221 silly packumentCache full:https://registry.npmjs.org/@typescript-eslint%2fvisitor-keys cache-miss
3222 silly fetch manifest @typescript-eslint/scope-manager@8.54.0
3223 silly packumentCache full:https://registry.npmjs.org/@typescript-eslint%2fscope-manager cache-miss
3224 silly fetch manifest minimatch@^9.0.5
3225 silly packumentCache full:https://registry.npmjs.org/minimatch cache-miss
3226 http cache https://registry.npmjs.org/ignore 7ms (cache hit)
3227 silly packumentCache full:https://registry.npmjs.org/ignore set size:237380 disposed:false
3228 silly fetch manifest ts-api-utils@^2.4.0
3229 silly packumentCache full:https://registry.npmjs.org/ts-api-utils cache-miss
3230 http cache https://registry.npmjs.org/minimatch 8ms (cache hit)
3231 silly packumentCache full:https://registry.npmjs.org/minimatch set size:306302 disposed:false
3232 silly fetch manifest @typescript-eslint/types@8.54.0
3233 silly packumentCache full:https://registry.npmjs.org/@typescript-eslint%2ftypes cache-miss
3234 http fetch GET 200 https://registry.npmjs.org/ts-api-utils 48ms (cache miss)
3235 silly packumentCache full:https://registry.npmjs.org/ts-api-utils set size:undefined disposed:false
3236 silly fetch manifest @typescript-eslint/visitor-keys@8.54.0
3237 silly packumentCache full:https://registry.npmjs.org/@typescript-eslint%2fvisitor-keys cache-miss
3238 http fetch GET 200 https://registry.npmjs.org/ts-api-utils 65ms (cache miss)
3239 silly packumentCache full:https://registry.npmjs.org/ts-api-utils set size:undefined disposed:false
3240 silly fetch manifest @typescript-eslint/tsconfig-utils@8.54.0
3241 silly packumentCache full:https://registry.npmjs.org/@typescript-eslint%2ftsconfig-utils cache-miss
3242 http fetch GET 200 https://registry.npmjs.org/@typescript-eslint%2ftsconfig-utils 183ms (cache miss)
3243 silly packumentCache full:https://registry.npmjs.org/@typescript-eslint%2ftsconfig-utils set size:undefined disposed:false
3244 silly fetch manifest @typescript-eslint/project-service@8.54.0
3245 silly packumentCache full:https://registry.npmjs.org/@typescript-eslint%2fproject-service cache-miss
3246 http fetch GET 200 https://registry.npmjs.org/@typescript-eslint%2fscope-manager 418ms (cache miss)
3247 silly packumentCache full:https://registry.npmjs.org/@typescript-eslint%2fscope-manager set size:undefined disposed:false
3248 silly fetch manifest @typescript-eslint/types@8.54.0
3249 silly packumentCache full:https://registry.npmjs.org/@typescript-eslint%2ftypes cache-miss
3250 http fetch GET 200 https://registry.npmjs.org/@typescript-eslint%2fproject-service 200ms (cache miss)
3251 silly packumentCache full:https://registry.npmjs.org/@typescript-eslint%2fproject-service set size:undefined disposed:false
3252 http fetch GET 200 https://registry.npmjs.org/@typescript-eslint%2fscope-manager 465ms (cache miss)
3253 silly packumentCache full:https://registry.npmjs.org/@typescript-eslint%2fscope-manager set size:undefined disposed:false
3254 http fetch GET 200 https://registry.npmjs.org/@typescript-eslint%2fvisitor-keys 500ms (cache miss)
3255 silly packumentCache full:https://registry.npmjs.org/@typescript-eslint%2fvisitor-keys set size:undefined disposed:false
3256 http fetch GET 200 https://registry.npmjs.org/@typescript-eslint%2fvisitor-keys 544ms (cache miss)
3257 silly packumentCache full:https://registry.npmjs.org/@typescript-eslint%2fvisitor-keys set size:undefined disposed:false
3258 http fetch GET 200 https://registry.npmjs.org/@typescript-eslint%2ftype-utils 618ms (cache miss)
3259 silly packumentCache full:https://registry.npmjs.org/@typescript-eslint%2ftype-utils set size:undefined disposed:false
3260 http fetch GET 200 https://registry.npmjs.org/@typescript-eslint%2ftypes 651ms (cache miss)
3261 silly packumentCache full:https://registry.npmjs.org/@typescript-eslint%2ftypes set size:undefined disposed:false
3262 http fetch GET 200 https://registry.npmjs.org/@typescript-eslint%2fvisitor-keys 644ms (cache miss)
3263 silly packumentCache full:https://registry.npmjs.org/@typescript-eslint%2fvisitor-keys set size:undefined disposed:false
3264 http fetch GET 200 https://registry.npmjs.org/@typescript-eslint%2ftypes 716ms (cache miss)
3265 silly packumentCache full:https://registry.npmjs.org/@typescript-eslint%2ftypes set size:undefined disposed:false
3266 http fetch GET 200 https://registry.npmjs.org/@typescript-eslint%2ftypes 342ms (cache miss)
3267 silly packumentCache full:https://registry.npmjs.org/@typescript-eslint%2ftypes set size:undefined disposed:false
3268 silly placeDep ROOT @typescript-eslint/scope-manager@8.54.0 OK for: @typescript-eslint/eslint-plugin@8.54.0 want: 8.54.0
3269 silly placeDep ROOT @typescript-eslint/type-utils@8.54.0 OK for: @typescript-eslint/eslint-plugin@8.54.0 want: 8.54.0
3270 silly placeDep ROOT @typescript-eslint/visitor-keys@8.54.0 OK for: @typescript-eslint/eslint-plugin@8.54.0 want: 8.54.0
3271 silly placeDep node_modules/@typescript-eslint/eslint-plugin ignore@7.0.5 OK for: @typescript-eslint/eslint-plugin@8.54.0 want: ^7.0.5
3272 silly placeDep ROOT ts-api-utils@2.4.0 OK for: @typescript-eslint/eslint-plugin@8.54.0 want: ^2.4.0
3273 silly placeDep ROOT @typescript-eslint/types@8.54.0 OK for: @typescript-eslint/parser@8.54.0 want: 8.54.0
3274 silly placeDep ROOT @typescript-eslint/project-service@8.54.0 OK for: @typescript-eslint/typescript-estree@8.54.0 want: 8.54.0
3275 silly placeDep ROOT @typescript-eslint/tsconfig-utils@8.54.0 OK for: @typescript-eslint/typescript-estree@8.54.0 want: 8.54.0
3276 silly placeDep node_modules/@typescript-eslint/typescript-estree minimatch@9.0.5 OK for: @typescript-eslint/typescript-estree@8.54.0 want: ^9.0.5
3277 silly placeDep node_modules/@typescript-eslint/typescript-estree semver@7.7.4 OK for: @typescript-eslint/typescript-estree@8.54.0 want: ^7.7.3
3278 silly fetch manifest @typescript-eslint/tsconfig-utils@^8.54.0
3279 silly packumentCache full:https://registry.npmjs.org/@typescript-eslint%2ftsconfig-utils cache-miss
3280 silly fetch manifest brace-expansion@^2.0.1
3281 silly packumentCache full:https://registry.npmjs.org/brace-expansion cache-miss
3282 http cache https://registry.npmjs.org/@typescript-eslint%2ftsconfig-utils 4ms (cache hit)
3283 silly packumentCache full:https://registry.npmjs.org/@typescript-eslint%2ftsconfig-utils set size:862213 disposed:false
3284 http cache https://registry.npmjs.org/brace-expansion 8ms (cache hit)
3285 silly packumentCache full:https://registry.npmjs.org/brace-expansion set size:46250 disposed:false
3286 silly placeDep ROOT has-bigints@1.1.0 OK for: unbox-primitive@1.1.0 want: ^1.0.2
3287 silly placeDep ROOT which-boxed-primitive@1.1.1 OK for: unbox-primitive@1.1.0 want: ^1.1.1
3288 silly fetch manifest is-bigint@^1.1.0
3289 silly packumentCache full:https://registry.npmjs.org/is-bigint cache-miss
3290 silly fetch manifest is-boolean-object@^1.2.1
3291 silly packumentCache full:https://registry.npmjs.org/is-boolean-object cache-miss
3292 silly fetch manifest is-number-object@^1.1.1
3293 silly packumentCache full:https://registry.npmjs.org/is-number-object cache-miss
3294 http fetch GET 200 https://registry.npmjs.org/is-bigint 44ms (cache miss)
3295 silly packumentCache full:https://registry.npmjs.org/is-bigint set size:undefined disposed:false
3296 http fetch GET 200 https://registry.npmjs.org/is-boolean-object 59ms (cache miss)
3297 silly packumentCache full:https://registry.npmjs.org/is-boolean-object set size:undefined disposed:false
3298 http fetch GET 200 https://registry.npmjs.org/is-number-object 64ms (cache miss)
3299 silly packumentCache full:https://registry.npmjs.org/is-number-object set size:undefined disposed:false
3300 silly placeDep ROOT @unrs/resolver-binding-android-arm-eabi@1.11.1 OK for: unrs-resolver@1.11.1 want: 1.11.1
3301 silly placeDep ROOT @unrs/resolver-binding-android-arm64@1.11.1 OK for: unrs-resolver@1.11.1 want: 1.11.1
3302 silly placeDep ROOT @unrs/resolver-binding-darwin-arm64@1.11.1 OK for: unrs-resolver@1.11.1 want: 1.11.1
3303 silly placeDep ROOT @unrs/resolver-binding-darwin-x64@1.11.1 OK for: unrs-resolver@1.11.1 want: 1.11.1
3304 silly placeDep ROOT @unrs/resolver-binding-freebsd-x64@1.11.1 OK for: unrs-resolver@1.11.1 want: 1.11.1
3305 silly placeDep ROOT @unrs/resolver-binding-linux-arm-gnueabihf@1.11.1 OK for: unrs-resolver@1.11.1 want: 1.11.1
3306 silly placeDep ROOT @unrs/resolver-binding-linux-arm-musleabihf@1.11.1 OK for: unrs-resolver@1.11.1 want: 1.11.1
3307 silly placeDep ROOT @unrs/resolver-binding-linux-arm64-gnu@1.11.1 OK for: unrs-resolver@1.11.1 want: 1.11.1
3308 silly placeDep ROOT @unrs/resolver-binding-linux-arm64-musl@1.11.1 OK for: unrs-resolver@1.11.1 want: 1.11.1
3309 silly placeDep ROOT @unrs/resolver-binding-linux-ppc64-gnu@1.11.1 OK for: unrs-resolver@1.11.1 want: 1.11.1
3310 silly placeDep ROOT @unrs/resolver-binding-linux-riscv64-gnu@1.11.1 OK for: unrs-resolver@1.11.1 want: 1.11.1
3311 silly placeDep ROOT @unrs/resolver-binding-linux-riscv64-musl@1.11.1 OK for: unrs-resolver@1.11.1 want: 1.11.1
3312 silly placeDep ROOT @unrs/resolver-binding-linux-s390x-gnu@1.11.1 OK for: unrs-resolver@1.11.1 want: 1.11.1
3313 silly placeDep ROOT @unrs/resolver-binding-linux-x64-gnu@1.11.1 OK for: unrs-resolver@1.11.1 want: 1.11.1
3314 silly placeDep ROOT @unrs/resolver-binding-linux-x64-musl@1.11.1 OK for: unrs-resolver@1.11.1 want: 1.11.1
3315 silly placeDep ROOT @unrs/resolver-binding-wasm32-wasi@1.11.1 OK for: unrs-resolver@1.11.1 want: 1.11.1
3316 silly placeDep ROOT @unrs/resolver-binding-win32-arm64-msvc@1.11.1 OK for: unrs-resolver@1.11.1 want: 1.11.1
3317 silly placeDep ROOT @unrs/resolver-binding-win32-ia32-msvc@1.11.1 OK for: unrs-resolver@1.11.1 want: 1.11.1
3318 silly placeDep ROOT @unrs/resolver-binding-win32-x64-msvc@1.11.1 OK for: unrs-resolver@1.11.1 want: 1.11.1
3319 silly placeDep ROOT napi-postinstall@0.3.4 OK for: unrs-resolver@1.11.1 want: ^0.3.0
3320 silly fetch manifest @napi-rs/wasm-runtime@^0.2.11
3321 silly packumentCache full:https://registry.npmjs.org/@napi-rs%2fwasm-runtime cache-miss
3322 http fetch GET 200 https://registry.npmjs.org/@napi-rs%2fwasm-runtime 72ms (cache miss)
3323 silly packumentCache full:https://registry.npmjs.org/@napi-rs%2fwasm-runtime set size:undefined disposed:false
3324 silly placeDep ROOT @napi-rs/wasm-runtime@0.2.12 OK for: @unrs/resolver-binding-wasm32-wasi@1.11.1 want: ^0.2.11
3325 silly fetch manifest @emnapi/core@^1.4.3
3326 silly packumentCache full:https://registry.npmjs.org/@emnapi%2fcore cache-miss
3327 silly fetch manifest @tybys/wasm-util@^0.10.0
3328 silly packumentCache full:https://registry.npmjs.org/@tybys%2fwasm-util cache-miss
3329 http fetch GET 200 https://registry.npmjs.org/@tybys%2fwasm-util 55ms (cache miss)
3330 silly packumentCache full:https://registry.npmjs.org/@tybys%2fwasm-util set size:undefined disposed:false
3331 http fetch GET 200 https://registry.npmjs.org/@emnapi%2fcore 72ms (cache miss)
3332 silly packumentCache full:https://registry.npmjs.org/@emnapi%2fcore set size:undefined disposed:false
3333 silly placeDep ROOT @emnapi/core@1.8.1 OK for: @napi-rs/wasm-runtime@0.2.12 want: ^1.4.3
3334 silly placeDep ROOT @tybys/wasm-util@0.10.1 OK for: @napi-rs/wasm-runtime@0.2.12 want: ^0.10.0
3335 silly fetch manifest @emnapi/wasi-threads@1.1.0
3336 silly packumentCache full:https://registry.npmjs.org/@emnapi%2fwasi-threads cache-miss
3337 http fetch GET 200 https://registry.npmjs.org/@emnapi%2fwasi-threads 75ms (cache miss)
3338 silly packumentCache full:https://registry.npmjs.org/@emnapi%2fwasi-threads set size:undefined disposed:false
3339 silly placeDep ROOT @emnapi/wasi-threads@1.1.0 OK for: @emnapi/core@1.8.1 want: 1.1.0
3340 silly placeDep ROOT escalade@3.2.0 OK for: update-browserslist-db@1.2.3 want: ^3.2.0
3341 silly placeDep ROOT punycode@2.3.1 OK for: uri-js@4.4.1 want: ^2.1.0
3342 silly placeDep ROOT defaults@1.0.4 OK for: wcwidth@1.0.1 want: ^1.0.3
3343 silly fetch manifest clone@^1.0.2
3344 silly packumentCache full:https://registry.npmjs.org/clone cache-miss
3345 http fetch GET 200 https://registry.npmjs.org/clone 94ms (cache miss)
3346 silly packumentCache full:https://registry.npmjs.org/clone set size:undefined disposed:false
3347 silly placeDep ROOT clone@1.0.4 OK for: defaults@1.0.4 want: ^1.0.2
3348 silly placeDep ROOT isexe@2.0.0 OK for: which@2.0.2 want: ^2.0.0
3349 silly placeDep ROOT is-bigint@1.1.0 OK for: which-boxed-primitive@1.1.1 want: ^1.1.0
3350 silly placeDep ROOT is-boolean-object@1.2.2 OK for: which-boxed-primitive@1.1.1 want: ^1.2.1
3351 silly placeDep ROOT is-number-object@1.1.1 OK for: which-boxed-primitive@1.1.1 want: ^1.1.1
3352 silly placeDep ROOT is-async-function@2.1.1 OK for: which-builtin-type@1.2.1 want: ^2.0.0
3353 silly placeDep ROOT is-finalizationregistry@1.1.1 OK for: which-builtin-type@1.2.1 want: ^1.1.0
3354 silly placeDep ROOT is-generator-function@1.1.2 OK for: which-builtin-type@1.2.1 want: ^1.0.10
3355 silly placeDep ROOT which-collection@1.0.2 OK for: which-builtin-type@1.2.1 want: ^1.0.2
3356 silly fetch manifest async-function@^1.0.0
3357 silly packumentCache full:https://registry.npmjs.org/async-function cache-miss
3358 silly fetch manifest generator-function@^2.0.0
3359 silly packumentCache full:https://registry.npmjs.org/generator-function cache-miss
3360 silly fetch manifest is-map@^2.0.3
3361 silly packumentCache full:https://registry.npmjs.org/is-map cache-miss
3362 silly fetch manifest is-weakmap@^2.0.2
3363 silly packumentCache full:https://registry.npmjs.org/is-weakmap cache-miss
3364 silly fetch manifest is-weakset@^2.0.3
3365 silly packumentCache full:https://registry.npmjs.org/is-weakset cache-miss
3366 http fetch GET 200 https://registry.npmjs.org/is-map 51ms (cache miss)
3367 silly packumentCache full:https://registry.npmjs.org/is-map set size:undefined disposed:false
3368 http fetch GET 200 https://registry.npmjs.org/is-weakset 56ms (cache miss)
3369 silly packumentCache full:https://registry.npmjs.org/is-weakset set size:undefined disposed:false
3370 http fetch GET 200 https://registry.npmjs.org/async-function 68ms (cache miss)
3371 silly packumentCache full:https://registry.npmjs.org/async-function set size:undefined disposed:false
3372 http fetch GET 200 https://registry.npmjs.org/generator-function 69ms (cache miss)
3373 silly packumentCache full:https://registry.npmjs.org/generator-function set size:undefined disposed:false
3374 http fetch GET 200 https://registry.npmjs.org/is-weakmap 105ms (cache miss)
3375 silly packumentCache full:https://registry.npmjs.org/is-weakmap set size:undefined disposed:false
3376 silly placeDep ROOT async-function@1.0.0 OK for: is-async-function@2.1.1 want: ^1.0.0
3377 silly placeDep ROOT generator-function@2.0.1 OK for: is-generator-function@1.1.2 want: ^2.0.0
3378 silly placeDep ROOT is-map@2.0.3 OK for: which-collection@1.0.2 want: ^2.0.3
3379 silly placeDep ROOT is-weakmap@2.0.2 OK for: which-collection@1.0.2 want: ^2.0.2
3380 silly placeDep ROOT is-weakset@2.0.4 OK for: which-collection@1.0.2 want: ^2.0.3
3381 silly placeDep node_modules/@neondatabase/serverless pg-types@4.1.0 OK for: @types/pg@8.11.6 want: ^4.0.1
3382 silly fetch manifest pg-numeric@1.0.2
3383 silly packumentCache full:https://registry.npmjs.org/pg-numeric cache-miss
3384 silly fetch manifest postgres-array@~3.0.1
3385 silly packumentCache full:https://registry.npmjs.org/postgres-array cache-miss
3386 silly fetch manifest postgres-bytea@~3.0.0
3387 silly packumentCache full:https://registry.npmjs.org/postgres-bytea cache-miss
3388 silly fetch manifest postgres-date@~2.1.0
3389 silly packumentCache full:https://registry.npmjs.org/postgres-date cache-miss
3390 silly fetch manifest postgres-interval@^3.0.0
3391 silly packumentCache full:https://registry.npmjs.org/postgres-interval cache-miss
3392 silly fetch manifest postgres-range@^1.1.1
3393 silly packumentCache full:https://registry.npmjs.org/postgres-range cache-miss
3394 http cache https://registry.npmjs.org/postgres-bytea 3ms (cache hit)
3395 silly packumentCache full:https://registry.npmjs.org/postgres-bytea set size:8854 disposed:false
3396 http cache https://registry.npmjs.org/postgres-date 3ms (cache hit)
3397 silly packumentCache full:https://registry.npmjs.org/postgres-date set size:27126 disposed:false
3398 http cache https://registry.npmjs.org/postgres-interval 3ms (cache hit)
3399 silly packumentCache full:https://registry.npmjs.org/postgres-interval set size:30514 disposed:false
3400 http cache https://registry.npmjs.org/postgres-array 3ms (cache hit)
3401 silly packumentCache full:https://registry.npmjs.org/postgres-array set size:21967 disposed:false
3402 http fetch GET 200 https://registry.npmjs.org/pg-numeric 44ms (cache miss)
3403 silly packumentCache full:https://registry.npmjs.org/pg-numeric set size:undefined disposed:false
3404 http fetch GET 200 https://registry.npmjs.org/postgres-range 53ms (cache miss)
3405 silly packumentCache full:https://registry.npmjs.org/postgres-range set size:undefined disposed:false
3406 silly placeDep ROOT pg-numeric@1.0.2 OK for: pg-types@4.1.0 want: 1.0.2
3407 silly placeDep node_modules/@neondatabase/serverless postgres-array@3.0.4 OK for: pg-types@4.1.0 want: ~3.0.1
3408 silly placeDep node_modules/@neondatabase/serverless postgres-bytea@3.0.0 OK for: pg-types@4.1.0 want: ~3.0.0
3409 silly placeDep node_modules/@neondatabase/serverless postgres-date@2.1.0 OK for: pg-types@4.1.0 want: ~2.1.0
3410 silly placeDep node_modules/@neondatabase/serverless postgres-interval@3.0.0 OK for: pg-types@4.1.0 want: ^3.0.0
3411 silly placeDep ROOT postgres-range@1.1.4 OK for: pg-types@4.1.0 want: ^1.1.1
3412 silly fetch manifest obuf@~1.1.2
3413 silly packumentCache full:https://registry.npmjs.org/obuf cache-miss
3414 http fetch GET 200 https://registry.npmjs.org/obuf 44ms (cache miss)
3415 silly packumentCache full:https://registry.npmjs.org/obuf set size:undefined disposed:false
3416 silly placeDep ROOT obuf@1.1.2 OK for: postgres-bytea@3.0.0 want: ~1.1.2
3417 silly placeDep node_modules/@typescript-eslint/typescript-estree brace-expansion@2.0.2 OK for: minimatch@9.0.5 want: ^2.0.1
3418 silly reify moves {}
3419 verbose reify failed optional dependency /Users/coltonfoley/Projects/edgdirectresponsev3/node_modules/@tailwindcss/oxide-wasm32-wasi
3420 silly reify mark deleted [
3420 silly reify   '/Users/coltonfoley/Projects/edgdirectresponsev3/node_modules/@tailwindcss/oxide-wasm32-wasi'
3420 silly reify ]
3421 verbose stack Error: EPERM: operation not permitted, lstat '/Users/coltonfoley/Projects/edgdirectresponsev3/node_modules'
3421 verbose stack     at async lstat (node:internal/fs/promises:1031:18)
3421 verbose stack     at async #loadActual (/opt/homebrew/lib/node_modules/npm/node_modules/@npmcli/arborist/lib/arborist/load-actual.js:129:15)
3421 verbose stack     at async /opt/homebrew/lib/node_modules/npm/node_modules/@npmcli/arborist/lib/arborist/reify.js:985:11
3421 verbose stack     at async Promise.allSettled (index 0)
3421 verbose stack     at async [reifyPackages] (/opt/homebrew/lib/node_modules/npm/node_modules/@npmcli/arborist/lib/arborist/reify.js:332:11)
3421 verbose stack     at async Arborist.reify (/opt/homebrew/lib/node_modules/npm/node_modules/@npmcli/arborist/lib/arborist/reify.js:137:5)
3421 verbose stack     at async Install.exec (/opt/homebrew/lib/node_modules/npm/lib/commands/install.js:150:5)
3421 verbose stack     at async Npm.exec (/opt/homebrew/lib/node_modules/npm/lib/npm.js:208:9)
3421 verbose stack     at async module.exports (/opt/homebrew/lib/node_modules/npm/lib/cli/entry.js:67:5)
3422 error code EPERM
3423 error syscall lstat
3424 error path /Users/coltonfoley/Projects/edgdirectresponsev3/node_modules
3425 error errno -1
3426 error Error: EPERM: operation not permitted, lstat '/Users/coltonfoley/Projects/edgdirectresponsev3/node_modules'
3426 error     at async lstat (node:internal/fs/promises:1031:18)
3426 error     at async #loadActual (/opt/homebrew/lib/node_modules/npm/node_modules/@npmcli/arborist/lib/arborist/load-actual.js:129:15)
3426 error     at async /opt/homebrew/lib/node_modules/npm/node_modules/@npmcli/arborist/lib/arborist/reify.js:985:11
3426 error     at async Promise.allSettled (index 0)
3426 error     at async [reifyPackages] (/opt/homebrew/lib/node_modules/npm/node_modules/@npmcli/arborist/lib/arborist/reify.js:332:11)
3426 error     at async Arborist.reify (/opt/homebrew/lib/node_modules/npm/node_modules/@npmcli/arborist/lib/arborist/reify.js:137:5)
3426 error     at async Install.exec (/opt/homebrew/lib/node_modules/npm/lib/commands/install.js:150:5)
3426 error     at async Npm.exec (/opt/homebrew/lib/node_modules/npm/lib/npm.js:208:9)
3426 error     at async module.exports (/opt/homebrew/lib/node_modules/npm/lib/cli/entry.js:67:5) {
3426 error   errno: -1,
3426 error   code: 'EPERM',
3426 error   syscall: 'lstat',
3426 error   path: '/Users/coltonfoley/Projects/edgdirectresponsev3/node_modules'
3426 error }
3427 error
3427 error The operation was rejected by your operating system.
3427 error It is likely you do not have the permissions to access this file as the current user
3427 error
3427 error If you believe this might be a permissions issue, please double-check the
3427 error permissions of the file and its containing directories, or try running
3427 error the command again as root/Administrator.
3428 silly unfinished npm timer reify 1770397635737
3429 silly unfinished npm timer reify:loadBundles 1770397659454
3430 verbose cwd /Users/coltonfoley/Projects/edgdirectresponsev3
3431 verbose os Darwin 25.2.0
3432 verbose node v24.7.0
3433 verbose npm  v11.5.1
3434 notice
3434 notice New minor version of npm available! 11.5.1 -> 11.9.0
3434 notice Changelog: https://github.com/npm/cli/releases/tag/v11.9.0
3434 notice To update run: npm install -g npm@11.9.0
3434 notice  { force: true, Symbol(proc-log.meta): true }
3435 verbose exit -1
3436 verbose code -1
3437 error A complete log of this run can be found in: /Users/coltonfoley/Projects/edgdirectresponsev3/.npm-local-cache/_logs/2026-02-06T17_07_15_617Z-debug-0.log
